plik,source_row,source_sha256,sha256,bridges_any,buildings_any,buildings_affected_or_greater,buildings_minor_or_greater,debris_any,flooding_any,flooding_structures,roads_any,roads_damage,trees_any,trees_damage,water_any
test-00-000.jpg,data/test/data-00000-of-00040.arrow#0,8513c8674217b85a2d9badd46edab642be036eca46efbd29fb1d6249c1d3cef9,a73d7195cf7494954ccad32b4a4c0ea78c5372ea23c9100c46399a0c7614df94,0,1,1,1,1,0,0,1,0,1,1,0
test-00-001.jpg,data/test/data-00000-of-00040.arrow#1,8546bf58172bbc78eb1d92837b919a9f0c8c7cbe8826d4cbddf08168af7ec82c,ea04dae42cdce916a1b72494cde86750f0b52202264e598d10f41692a2924c4b,0,1,1,1,1,0,0,1,0,1,1,0
test-00-002.jpg,data/test/data-00000-of-00040.arrow#2,30446a8a575138ac25a57453f9b8e0b6ed1d74d92618a5bf93d08ac5e9c0692d,7b3b20a2d4beec5aa86a372e4cb0e8837e33dbe54f9b88cb9eb3d2232ea184ca,0,0,0,0,0,0,0,1,0,1,1,1
test-00-003.jpg,data/test/data-00000-of-00040.arrow#3,e1af7c7afb667821fe6e65e15b2dacb0df9a62116a897ceab22fc414bd5cf075,79f507fac9046f7e1157a9d5a9df0478a65f80db36ca65d4cc309e56ac318ce6,0,1,1,1,1,0,0,1,0,1,1,0
test-00-004.jpg,data/test/data-00000-of-00040.arrow#4,cf865284e003af8fb6dec78538ad270dff9976cc006ad5c90624dbdcd63f0930,5e111679c5dda52fe5fbc4de315473ebaee074cedef73784fddfb06e4c3a4cf0,0,1,1,1,1,0,0,1,0,1,1,0
test-00-005.jpg,data/test/data-00000-of-00040.arrow#5,af4f3200dc6803c22697503aa701b904c20c980d6c5d33043480300305afd793,49e7d2105166988b25046aaf6e3643dd385095795717c6f8ff263cba737f6203,0,1,1,1,1,0,0,1,0,1,1,0
test-00-006.jpg,data/test/data-00000-of-00040.arrow#6,c81e8b067bb3c848c67b4bc467af72d21fe03b3da3164c115e1b4dfabcbc39db,0479ff15a1fc061b55c5822b15b5e209eaeffdb2cbe5a2be4ca5ee2101d908f2,0,1,1,0,1,0,0,1,0,1,1,0
test-00-007.jpg,data/test/data-00000-of-00040.arrow#7,a9aa5dfd3d53fb5a06b2469d6fce78aa2b966f5f32356a01b77876f3ff84d88e,7141f5aa2e4e33145e41b4beb5f900eb9413eb3492397f15264c709f544b74d3,0,1,1,1,1,0,0,1,0,1,1,0
test-00-008.jpg,data/test/data-00000-of-00040.arrow#8,be3a7aec654256f0b5d57cc06a68b2d769fbb579fd520f1b69c3f08bece1d473,298eaf8dfeca8aee970bedefe7e046526b52f1557b517272b9a69087627506e4,0,1,1,0,1,0,0,1,0,1,1,0
test-00-009.jpg,data/test/data-00000-of-00040.arrow#9,eb276bbfbb9fdc0011b8ae6520c5e009533db728f450073332597f9dc0aebb10,6ee2f59ca40b33e42a417511641ff76822e2bbac12127c7fc78df344f1d044c6,0,0,0,0,0,1,0,0,0,1,0,1
test-00-010.jpg,data/test/data-00000-of-00040.arrow#10,32ad3b48fd04ad9c7fec2ec73f4c32c1b72511f87230ce5255b31c7dec497182,df99e3e4196718ddbefb4b47de305d83682c0572ee36ea81c4669b91ca16a7e8,0,0,0,0,0,1,0,0,0,1,0,1
test-00-011.jpg,data/test/data-00000-of-00040.arrow#11,d028efe10eb71d511fcafa1a902d97d708c7a8a932d003ce89bcb6acb610688f,86d199b15902b20d92657fe897596e525867ca223055573e7b911716da393e97,0,1,1,0,0,0,0,1,0,1,1,1
test-00-012.jpg,data/test/data-00000-of-00040.arrow#12,c56b3b002437c3c90fe5470526e0726179fc30bec187b2040d0475ac57794200,5da760eef03826f3ee598d1988843a70c27d4ee4f42d7ab022c0911d519ed226,0,0,0,0,0,0,0,1,0,1,0,0
test-00-013.jpg,data/test/data-00000-of-00040.arrow#13,c25aeb9ee68fdad8930e6900593f6054d371b3bfe35f569073ad5c7331d35986,a606ae222cb1c5c7886ed2961c7ec20f7aedf2e403d0581200ed14f6fea1875e,0,1,0,0,0,0,0,1,0,1,1,1
test-00-014.jpg,data/test/data-00000-of-00040.arrow#14,96be83481762be6149784a80cb086477a4a20409a7d82bcdce86a51163e1151d,5bb765aa04457e4f5de87abd3bb890366f6f3a1d128539d256e4c8d769c3ed4a,0,0,0,0,0,0,0,1,0,1,0,1
test-00-015.jpg,data/test/data-00000-of-00040.arrow#15,14f23807cea858eed1a3a0e9fabb7f59eb5bed65a767753d3d72808e44aaee42,4155a2e0139044b00a6acc359eb751fa0670d371328bc7b3cd464bf5025f68f6,0,1,1,1,0,0,0,1,0,1,0,0
test-00-016.jpg,data/test/data-00000-of-00040.arrow#16,fad2a9a360593fd138f0b31ddd4ee0e0233d68871d51b668cb1fcd96558699b3,8033cda9efd6d60642cc63ec44a317d27daefb9a51b1443a47d513302ab1feb6,0,1,1,1,1,0,0,1,0,1,1,0
test-00-017.jpg,data/test/data-00000-of-00040.arrow#17,b8b2d2b07d168696d920570a9d48a7fca167a9aa833f0d26c19ba802f72814ff,56f63da1e0a00e846a5fd68ac67219bdee52e681fa79af9e7265d34e6513f2a6,0,1,1,1,1,0,0,1,0,1,1,0
test-00-018.jpg,data/test/data-00000-of-00040.arrow#18,df655afea345de7f300b496ba36e4c48dea8523338f39974d6dfc7317a0042df,bea59d3f1edc9cebce584f143e4f972656b6c7f921c8310f425732441f0e248a,0,1,1,0,0,0,0,1,0,1,0,0
test-00-019.jpg,data/test/data-00000-of-00040.arrow#19,eb4aa1e47d61ca1187df4742b83f6843d2247ec3183377a6135bd2dcf6278c74,b5963a72347ea48f5d099bb87c570b02ba0e4b5498c1f63d221e1130c2f252a3,0,1,1,1,1,0,0,1,0,1,1,0
test-00-020.jpg,data/test/data-00000-of-00040.arrow#20,6ecd846689bc54120ca69cc7c47a2dfef8c3e6ad908b850239eb64d8c5a0510e,ec18d119ecd759f58b863ea9328c0aca28d358bdd6a4d5d8c5741de9738f6acf,0,1,1,1,1,0,0,1,0,1,1,0
test-00-021.jpg,data/test/data-00000-of-00040.arrow#21,7623140d1b870b59150b31da1d02af20a6ef02bfc95bd151384c1c85331b9381,ae7baf52c6ba440c38d7c8adf337b2885480d37fbeaaa9fa2a2296dfca9a3e04,0,1,1,1,1,0,0,1,0,1,1,0
test-00-022.jpg,data/test/data-00000-of-00040.arrow#22,1f7c110529510d178a82a4a9bacbd873f163de79dff8ed470702d0dd7b4d6d42,d54285466a7fef39f9dfed1021c4e0f000244cf356f43af76f0dc5ce917bee97,0,0,0,0,0,0,0,0,0,1,1,0
test-00-023.jpg,data/test/data-00000-of-00040.arrow#23,c0c4918148e6be39fb2c4ca2c47c1e25bb9eedaca5aae6e61af25ec041b82417,dab8515966032a72123f65efa7926e573069d99f1c46291671c7dfd76155159a,0,0,0,0,0,0,0,0,0,1,1,1
test-00-024.jpg,data/test/data-00000-of-00040.arrow#24,3684e87082c22cea394d71b609a728d19059f33fcc00823f9cfa2a6abcf21e7a,73c452b099174e321a2ebe4a928ec38a97df8feaba52e7f4c892e5bf13089ca8,0,0,0,0,0,0,0,1,0,1,1,1
test-00-025.jpg,data/test/data-00000-of-00040.arrow#25,6dedba7fd2d2d71d7d63682d4d1c5282d85bc9eb99cb25f7801c4438612367d0,2269c78b20883ec1739851ae73e486d4360055405288399a5c1289a19b61b064,0,0,0,0,0,0,0,0,0,1,1,1
test-00-026.jpg,data/test/data-00000-of-00040.arrow#26,f519afa1cae1c5beaf325b9df0ebd7e454e9a781b8f098aa46e0b257a93a56f4,ec8cd4382bbd8d728f1e79d939371bd44490cac8f37888759a132987eb0a2a36,0,0,0,0,0,1,0,1,0,1,1,1
test-01-000.jpg,data/test/data-00001-of-00040.arrow#0,020fd0ab73d760c44c7603b982da823a8e2f694241afa24a07fefaba442d8ca2,450addd0c49e32e689c8456d69d0ad0356eae4f2ae09cb18243cda357bc8246d,0,1,0,0,0,0,0,1,0,1,1,0
test-01-001.jpg,data/test/data-00001-of-00040.arrow#1,eb7540a841ede6a132996c7d4acbbdf2b6914b621b3ff89b1e20189deba6ccb7,1fd08a4d8ea4024ec04f1737b65747835e4d88c427ecdd2b2efbaeb2a825d5bf,0,1,1,1,1,0,0,1,0,1,1,0
test-01-002.jpg,data/test/data-00001-of-00040.arrow#2,28695b9207df49b35f1985342e23bb07d715e09903b1dbca7037a37c474ac3a6,5544f15a6b46cddfc17a0a2931495bfe914bef60ba2074dc11c5e3af3ecf98cd,0,0,0,0,0,0,0,0,0,1,0,0
test-01-003.jpg,data/test/data-00001-of-00040.arrow#3,124a2af8127b191e6e66fa9aff2cea9d0019527d5c843015e5145534269b8088,abd6dcf7389ff733affa056b42cc544b0dc468944e24ff23f8375c5ab6e66b5a,0,1,0,0,0,0,0,1,0,1,1,1
test-01-004.jpg,data/test/data-00001-of-00040.arrow#4,72244faf627c55d7581296c6d2f1ec60b1306b58996948855ff6eaab8c33eb3e,c61d8685f250de6d2fdf346c0e3789003c2a6b7e8043e647c9d235e95c1bb71c,0,1,0,0,0,0,0,1,0,1,0,0
test-01-005.jpg,data/test/data-00001-of-00040.arrow#5,4075923e2ab0d44309ead1cf86bada51639a0e1d6856fcb14d40468f65b27d5a,ffca521676dbdfb5493bcc1375c5632ca3c60563e4a5b58eea0fb6580c980987,0,1,1,1,1,0,0,1,0,1,1,0
test-01-006.jpg,data/test/data-00001-of-00040.arrow#6,1923ab96777f6827768f44107dede2faa4e1ff4ec0270d1ff7a2ef9ba01592c5,cc15157961bd6321a503444b24cd24c28f2195b803d0920ddac7ea2f772d66a9,0,1,1,0,0,0,0,1,0,1,1,0
test-01-007.jpg,data/test/data-00001-of-00040.arrow#7,f23034780b3022b147d3b6ce2ddfb8e2c811836e157fa20e32ca16ea272c899a,a164270d6b60cc6de9792571f882741f453c32a07734d59e283f00b7c4e56002,0,1,1,0,1,0,0,1,0,1,1,0
test-01-008.jpg,data/test/data-00001-of-00040.arrow#8,bc882dd808e88f485fc590f5391003949fb9ac1ed5106a9294285e67fd163721,8d453ee96526d265bb1d3efd146df375dfe820130122a18d8cfa79b17bf41352,0,1,1,1,1,0,0,1,0,1,1,0
test-01-009.jpg,data/test/data-00001-of-00040.arrow#9,9eb78e1176f8f08d6f56b3d477aa38efcf9d5fd59cbac0b873dd4141639bc721,704ac9101851585178af8b4f3494b0d444bc8bb1c8cc30275d17ef0866ebdd6f,0,1,1,1,1,0,0,1,0,1,1,0
test-01-010.jpg,data/test/data-00001-of-00040.arrow#10,e6881a9d368980c23b3d987b1d31b20834e4d6a84e04aa82b71b40e4dc85ffd6,4cbbc6cf3cbd549c15662b791d9f5057b54d423a04ba127e9ed0092524a8987d,0,1,0,0,0,0,0,1,0,1,1,0
test-01-011.jpg,data/test/data-00001-of-00040.arrow#11,7923b8483f869781da1c7be6283b78debf97bdfb9111e1cd44f1479786621a7c,f0474444c707c869a3d458a9a97a8585c7a4e2d70a2168bf4f6cd37b9004619d,1,0,0,0,0,1,0,1,1,1,1,1
test-01-012.jpg,data/test/data-00001-of-00040.arrow#12,6db703ae72c3646c4fa8a6eb7159956d9359aae5682ea4c2f96d614d13e82068,2a0d925320f88d62158e490033235a8690b61117c9e13c8b81fecadf4618c666,0,1,0,0,0,0,0,0,0,1,1,0
test-01-013.jpg,data/test/data-00001-of-00040.arrow#13,87e585acf0d1648d0db52a1176c172c52cc250c5c83b3c44d1fa90b42cb88990,ba27b755d7aa0c47f8ee46a5a9a52143b2166628dd82a7411d4ab79d255f65b8,0,1,1,1,1,0,0,1,0,1,1,0
test-01-014.jpg,data/test/data-00001-of-00040.arrow#14,93ae8cc4b04d977a2ff3a009cba387d83a20cddb9ba9c9f3bd70d970c56adc11,c18cb6f8e8df55c94f253366dcb3334482811a6ee33372cced5791c9963f73df,0,1,1,0,0,0,0,1,0,1,1,0
test-01-015.jpg,data/test/data-00001-of-00040.arrow#15,df74b4b312b8d507f7fbbe1344c4445993f7754024efd7bd7a2ebfa51d1143af,35d6549ecd23bab93bd157984aa6143b3071fbc5cc8db593366d5d341cc2e41d,0,1,1,1,1,0,0,1,0,1,1,0
test-01-016.jpg,data/test/data-00001-of-00040.arrow#16,f6cb629286573cc1e889ef1a2c407844635c2abea14b0381a8b5c209c7c9857d,9b044c2b61d357491caf282375d325f117ec5b3e2120a4f2b132a988ea8c3ead,0,1,1,1,0,0,0,1,0,1,1,0
test-01-017.jpg,data/test/data-00001-of-00040.arrow#17,f8d1d52f3738a2e7cef96ded96f02b891c0e94891d9a6ce2038fbde0bb45c8ad,3452ce32a2794eb0f395dd17bbf2ea75789095691c24b4fafc33971dda043494,0,1,1,0,0,0,0,1,0,1,1,0
test-01-018.jpg,data/test/data-00001-of-00040.arrow#18,162914c38432c243440d3d38d88cf1e160f499c4f2315b3ed0a42caa98c57606,5943f6b4cc204d210f56bccdb5c616c9ac2fb0bc4320bc4ccf85d9d6ba9a2bd3,0,0,0,0,0,0,0,0,0,1,0,0
test-01-019.jpg,data/test/data-00001-of-00040.arrow#19,3b81396d18f92876592fe096dce5a64b7fb188e983b6044c84bfc82363daf816,fbff870159ef71724683db8412c004f9c8f7a89deec71b2c83ecaf42a68fe814,0,1,0,0,0,0,0,1,0,1,0,1
test-01-020.jpg,data/test/data-00001-of-00040.arrow#20,e7e8fee6414809f1d2ea960fb62b9f2877cffc3e8484172ed0299be378e53ab2,41b46a2cfba5841c4a584ba70bfdb1ffe0ff996e4ffd117d06926f18ddb58051,0,1,0,0,0,0,0,1,0,1,0,1
test-01-021.jpg,data/test/data-00001-of-00040.arrow#21,d67f1044e0128669946509ebbcca0aad48acc7a4e4454bbbaccb426b8578a62b,e2eca84686ca2b848c2652ad0b24899d1cf4ca684540a580c34d1361c7bee811,0,1,1,0,0,0,0,1,0,1,0,0
test-01-022.jpg,data/test/data-00001-of-00040.arrow#22,c197b8fe6e830cb4e0e33facbc190b19bc042618729fb08f2f9585cef2069e8b,5e9be8e9d39c5c56510bd32ce1c0927918dbd360e445157f49ec7a8346c47c82,0,1,1,1,1,0,0,1,0,1,1,0
test-01-023.jpg,data/test/data-00001-of-00040.arrow#23,a462d8cadb0ce65d212e062d939ffb934ef43b047fbabaa891b133bb0b2f5613,21b0d6480820ad768f2bad68249a8198f0fb8c107f5dbddbbc3eaf697113f240,0,1,0,0,0,0,0,1,0,1,0,1
test-01-024.jpg,data/test/data-00001-of-00040.arrow#24,039363aaf1bf1dca995fa4efc8f26a7623b5d4e2ea8453d09da0f6d9870d6fc9,adbda43a427f40aa4b7ebdf1737bc8ccc48dc29af316a64007b59cec997216bd,0,1,0,0,0,0,0,1,0,1,0,1
test-01-025.jpg,data/test/data-00001-of-00040.arrow#25,412b4a5d0a46dbec0fd028689bd02efcdd3ee93195e1690226f5f0a82386d8d2,c066e7ed312444c89a3068180a948ac1913c9aac280932fc395850ffdef71a68,0,1,0,0,0,0,0,1,0,1,0,1
test-01-026.jpg,data/test/data-00001-of-00040.arrow#26,9aeef790a94d5c34b754a56ac96d759bf9d6a31fb3229f34388008b53bcc03a0,4396f9681e2824dd5973a233f623eea701b83baef7c3501164b8fe6456f61b5e,0,1,0,0,0,0,0,1,0,1,0,1
test-02-000.jpg,data/test/data-00002-of-00040.arrow#0,2b581b9c7a9af7b402a7ac05677603555da09e4ce90e6af9e6381b383f2f13be,5af39fa515f3aa873568e76997c954ccbde52face14fd4834ef63795372e4b0c,0,1,0,0,0,0,0,1,0,1,0,1
test-02-001.jpg,data/test/data-00002-of-00040.arrow#1,5b97e79f1c32c2c92159a1241534b5e3f8c1925b2a09b4134f172f096485bb6c,74fed1a17dc0e9d81669e2e14a583a9968de9f6ec1318b9531b17e9af0fdcc34,0,1,0,0,0,0,0,0,0,1,0,0
test-02-002.jpg,data/test/data-00002-of-00040.arrow#2,08ec6dd24a346ba38c8c0fe1badd3fb4b1e47ed266a044ef49700d4ad901d935,825828ad67066d0d30d4658ee0a0d9626343c4f5af8aa6a126f8c4c97899a23d,0,0,0,0,0,0,0,1,0,1,0,1
test-02-003.jpg,data/test/data-00002-of-00040.arrow#3,34eed81b150d56df78f793dfc80113f3f189316e817cab090f5e93463aea1454,41453ad78667c43e510d7a4a579118ec5bde7a29187c827978679620f412884c,0,1,0,0,0,0,0,1,0,1,0,1
test-02-004.jpg,data/test/data-00002-of-00040.arrow#4,3f9e4975d9f3858d3ea184a7f1ac7091593bbfff6856ec319c24dcfed6fb578b,530b1ce2f07f85a9221bc6714042d3014b5628be039cfcd0546a4d8617e633a1,0,1,0,0,0,0,0,1,0,1,0,1
test-02-005.jpg,data/test/data-00002-of-00040.arrow#5,47f3881d1d3ebfeea48e30daf8e21bb7b1e67200267d47c91de45827e102c194,03115cd8865fc297769dc996e942bee2972c075b3cfcdd6c64e4e3d512528d2f,0,1,0,0,0,0,0,1,0,1,0,1
test-02-006.jpg,data/test/data-00002-of-00040.arrow#6,5da80a21cc730cc85e81e56e980a9c376fa137c2fc42915434f6dd6aa03fddde,3610c2d03939bc1d44e740d4be232df653ce5f70c7920c807fda1c7b40f763db,0,1,0,0,0,0,0,1,0,1,0,1
test-02-007.jpg,data/test/data-00002-of-00040.arrow#7,4d583d92e22cab20a1ff4d62cd364dac16842889d83c9090c4645c271d29cd3b,a31467cac3803ed79bb3bdf4423a55945d077323d8102f9606c416f4405275e3,0,1,0,0,0,0,0,1,0,1,0,1
test-02-008.jpg,data/test/data-00002-of-00040.arrow#8,1601803b328d25639e4378b9e40cf84a4574c69c1ca3ab55b6f6083f4b547d36,72e55abab700ea963e817afa946b9cafeca99f05042ba1793710863202e7b131,0,1,0,0,0,0,0,1,0,1,0,1
test-02-009.jpg,data/test/data-00002-of-00040.arrow#9,cfe6a8c04429749aa3a4a63366797f72a9be462f2ed01ec670ecafc166a6d1e8,a80d743ad18b0f7e89c7f700fd013bcfd80b1ec43024824d9c31c47a142d9d75,0,1,0,0,0,0,0,1,0,1,0,1
test-02-010.jpg,data/test/data-00002-of-00040.arrow#10,e54687611af36f62a39984f2cf5e8478266f6088f160ec79639a2b3246b615e7,232dd9b357246c0b6550d4e430263082fed49fee3f0aa9f8dba0b92db6273f64,0,1,0,0,0,0,0,1,0,1,0,1
test-02-011.jpg,data/test/data-00002-of-00040.arrow#11,15e7d5e680106efeaced7257289dcc635230cf8e871335d85a2ccfdf46b09190,06ff421e71b6989d0afe731519a82f5fa2eff1fe5cb0cbaf2b01521cfff83b00,0,1,0,0,0,0,0,1,0,1,0,1
test-02-012.jpg,data/test/data-00002-of-00040.arrow#12,31c177fc865f7814511f5cf7d420948b69868a652b20ea2b75ab83b9eac3e24e,b0c9f3222a3abe44e1fe5aeefa47e3019224fa12eebaf1d01757e58027cfbfb3,0,1,0,0,0,0,0,1,0,1,0,0
test-02-013.jpg,data/test/data-00002-of-00040.arrow#13,4202bedbabf74fe3bb9d07561370286664baf042e625908252475d64ecd63516,8a507f3db4c459d500fe4a8c7185b5e3f856a9b84ce4e871dc40454a514a2bd9,0,1,0,0,0,0,0,1,0,1,0,0
test-02-014.jpg,data/test/data-00002-of-00040.arrow#14,b01fd075c6c03a7e13ffc3970253ddb639bf3f5c0e412ed73fff80246c79ed36,e455c73f3f518d32275616ec8090d381e984b4148369e40a7e921bf6a8dd4561,0,1,0,0,0,0,0,1,0,1,0,1
test-02-015.jpg,data/test/data-00002-of-00040.arrow#15,8b5245d646044ad91f6f72c6f28b01cd6a6a9c70403e6aa654134815b77123ee,d654b57b37a4d935ad6381deaefc0bea0a509a7821d1eb3b8f6815a5e6762ea7,0,1,0,0,0,0,0,1,0,1,0,1
test-02-016.jpg,data/test/data-00002-of-00040.arrow#16,cbacc5acc72c720a3437bdac776f4ee43977b412dd76437b5cabb5fc22079e82,7ccfd695269a2e406a3c07c6a45894cf2edf7b1b1cb580571b4f885a82e3216a,0,1,0,0,0,0,0,1,0,1,0,1
test-02-017.jpg,data/test/data-00002-of-00040.arrow#17,310348cacb8c716518bce040dc682461e4416c0fb79d353dac47304306cf2ccd,9a24f168f7b7a9afe752e128a7d49f2d538924aa5a945f8e6ed10c0ef8ce9fd9,0,1,0,0,0,0,0,1,0,1,0,1
test-02-018.jpg,data/test/data-00002-of-00040.arrow#18,22368ed60a887fbba1bc75ce4d737c15499f8044d3ec312ff23a0aa9bf1e997d,41b112e7a690720a364fa4e6978363c03d3ea573b53360abc2debf0ae4564d03,0,1,0,0,0,0,0,1,0,1,0,0
test-02-019.jpg,data/test/data-00002-of-00040.arrow#19,5141d3b96b529e03589f5ef9f70bfda4a2311f775598cbef6d9e8a2a7d28f3fe,f793a1c2048421bf0feea5e7a3a292f5a985a5927a8229b2bc345ee5615c06ea,0,1,0,0,0,0,0,1,0,1,0,0
test-02-020.jpg,data/test/data-00002-of-00040.arrow#20,cc7f8a034988d9c27761298e382e86cb17b68db2219158d2e9c97b765ec787f7,3d012b9f31ef771ec50187e2b415351a233d5266120c4b9daf2f7ce233a5ebf9,0,1,0,0,0,0,0,1,0,1,0,1
test-02-021.jpg,data/test/data-00002-of-00040.arrow#21,f6a05490d93fe13fad37dbd3433468a5b983ad3beeaccb1838ada8ad476fa143,d495bf5a1da3bf289d0561fe50d0fa0d87104c46a117bcac86f945fdebe39a24,0,1,0,0,0,0,0,1,0,1,0,1
test-02-022.jpg,data/test/data-00002-of-00040.arrow#22,2519b5827cbc5e0aeb8a6a1c3ffb4997fa515aa3b9e8152fe1366647f11a591b,90dfaf95fe731273039b48787c413bda08a5b3cd82e656454f902e1d8d0adcea,0,1,0,0,0,0,0,1,0,1,0,1
test-02-023.jpg,data/test/data-00002-of-00040.arrow#23,a7a39f212ea472dc5fde9162eec1208f3c5ede71b32805411b50b10ff32280e7,d4ab390f3b791a21c9bfffea5846c865dffcd755a4a55dd5e50e9042975d5d95,0,1,0,0,0,0,0,1,0,1,0,1
test-02-024.jpg,data/test/data-00002-of-00040.arrow#24,f162026d08edaf20b79b5c13a9d3fccd0219df845705357d826a053274282bfb,8ab37a85e497ddc7ee5803fb4ef860529529093d74a750376fc494b905f2a5d7,0,1,0,0,0,0,0,1,0,1,0,1
test-02-025.jpg,data/test/data-00002-of-00040.arrow#25,ebeaa195d8d721908d39ed0bf6da734e90f54321a62151bb0794a27499c395e4,7275037847ad049d19f9ed656936d5576e9b749d06386e784a33714467ec7f9c,0,1,0,0,0,0,0,1,0,1,0,1
test-02-026.jpg,data/test/data-00002-of-00040.arrow#26,ed1aa0cd84aecfc32450b9b7ad23c9a129ed6260aa313c25cf9cf97d79577c8b,bff0b8ba617381e476b7b3c28a01b5a479cd49e5a0c68298cb8f477a9b79bb1d,0,1,0,0,0,0,0,1,0,1,0,1
test-03-000.jpg,data/test/data-00003-of-00040.arrow#0,85a832fa7c07d47e41013223cd9bf346dc486db3c3d8f538078ed0c49948bb74,21a725048cd031330ea05c02e7cac188683d7cebba18df8e0dc1763b756d28b9,0,1,0,0,0,0,0,1,0,1,0,1
test-03-001.jpg,data/test/data-00003-of-00040.arrow#1,5a3d71ac4ca99c1366895b4f3e3fd50e06f443a7752c926c905e236b34217893,685505e5dc9fa436b3d392d10f2e65604d3ddbc9cef94581eed48f91769131b8,0,1,0,0,0,0,0,1,0,1,0,1
test-03-002.jpg,data/test/data-00003-of-00040.arrow#2,1b0cf9a8356c0ef795289f715d17913c1ab36517e3f564885687edc384f7d341,d0cbe984f86ae8fb447df6b29e114f9df0a6fc73a94896a4e5db4306a55b0f22,0,1,0,0,0,0,0,1,0,1,0,1
test-03-003.jpg,data/test/data-00003-of-00040.arrow#3,f709922d884daea21cbfa81f4065922b4acb68503da71a22d115e7f6d19d6909,00e48b2bac14040d2d60d32482b42b818c117bf38de5af8b038de08d57c574c1,0,1,0,0,0,0,0,1,0,1,0,1
test-03-004.jpg,data/test/data-00003-of-00040.arrow#4,552acdd685910e1a67a6d7eab592720b2f577c068a877df0585dda96e8e694bb,a714dfc3917af73c38fcb0900cd5402e5fe8e9282273323e906b1077b1b6ef15,0,0,0,0,0,0,0,1,0,1,0,1
test-03-005.jpg,data/test/data-00003-of-00040.arrow#5,a860e177227a8dd01b66f9ead533ee24d5c9c6d7ae65ffae0250d7573e79f996,d07fffb336d5829c60d7fa3f6281a2ee0204296b520130d109d6a782d540c035,0,0,0,0,0,0,0,1,0,1,0,1
test-03-006.jpg,data/test/data-00003-of-00040.arrow#6,4c8375f1c8a2fc5681e975eab54dd0474c742a845a6cbc304178a1f3820fe101,c9fd34ea134f27ce012ba3d4126458a903315dcc9d7a77e839892394d41303f0,1,0,0,0,0,0,0,1,0,1,0,1
test-03-007.jpg,data/test/data-00003-of-00040.arrow#7,c3d1436fd7cee6c008ac4de8b1ed6949420e488650d020cacba7ab02d3d786f9,98d8b141f5c2457ed172b4480dc0d01dc30d68b21c77e23c6320efd67123a563,0,1,0,0,0,0,0,1,0,1,0,1
test-03-008.jpg,data/test/data-00003-of-00040.arrow#8,f3779e0a4d15400864199e0c43851e1853e4cd33ed2ceb8b55c1c945bf8af97c,4b33f41b99cf2401cdb634ee2d85bb906805d65e9dcf60c89796283783422977,0,1,0,0,0,0,0,1,0,1,0,0
test-03-009.jpg,data/test/data-00003-of-00040.arrow#9,d6bf8d43f86f6c259f9cfae902c297802fce9b51ada9de607c6fe2bf6e89d0f5,93374995a1da2e5895fa30f304a2a8a40277e4469478031694938da3b3ad8a3d,0,1,0,0,0,0,0,1,0,1,0,1
test-03-010.jpg,data/test/data-00003-of-00040.arrow#10,b8214331daf14e85bcb74e0fb4e4cc7bfaa5a1b747831f36168d4996ed99082d,ff1050c14f365c47945226363638cb5c9f6862377eb02021cf413f4941420e6a,0,1,0,0,0,0,0,1,0,1,0,1
test-03-011.jpg,data/test/data-00003-of-00040.arrow#11,d6de72bf0269c9038449657e45c3660204096ab5a0a83fe8dff8e9650d3932fd,bc2f861eaf12e0105c91bb4122936e70c06023604cfbf1cb521885d758fed17a,0,1,0,0,0,0,0,1,0,1,0,1
test-03-012.jpg,data/test/data-00003-of-00040.arrow#12,f365c30404a0b2ec6fb0fe64c9ff08f16912e1ab54d65126cdd94848119e7a96,c94eb909b7c1b19472529880bfdac3f3df83c342778fe9dd80e6ad613248c2d5,0,0,0,0,0,0,0,1,0,1,0,1
test-03-013.jpg,data/test/data-00003-of-00040.arrow#13,5f43d33381327cf31b32dc62f9a5616d5102bf5e42c773590f77aa3d279a14c3,87dfea9f3f684f6ec57a8bfb6d63a106cb408ce47950f7251ca7ee90bdc53da4,0,1,0,0,0,0,0,1,0,1,0,1
test-03-014.jpg,data/test/data-00003-of-00040.arrow#14,570d82dfa7371478f75810a2503554e70333062518a13a361d6e48f69f07ff3d,c3c29dd92af35716cebc68fa1db0c756ac0939d49241944265b33fa7c10cd49f,0,1,0,0,0,0,0,1,0,1,0,1
test-03-015.jpg,data/test/data-00003-of-00040.arrow#15,ee043d2e77c275674313d6fcdef7442c193c014d15212ea93b975301ec48742c,98fedd3e6379df69d7c6234384257c971d4d22bc6639d28eac3bd33b9f49d4e1,0,1,0,0,0,0,0,1,0,1,0,1
test-03-016.jpg,data/test/data-00003-of-00040.arrow#16,0df47e7663fc733466bb2c065f09158d389e4d5820be9bd3aa3a1d7b3e11c9a5,0b5b1a2eee3c58840776f9e02ef280d20333f21ebb69369c8887e35706f11814,0,1,0,0,0,0,0,1,0,1,0,1
test-03-017.jpg,data/test/data-00003-of-00040.arrow#17,9401825f56dfc7716acafffc9d2179e7b6812091cb02775d713fc81115344a0c,e506e5fcb2c579e885652bdbcd80e9b5b5844d436a5c07666f7c8160ed524ece,0,1,0,0,0,0,0,1,0,1,0,1
test-03-018.jpg,data/test/data-00003-of-00040.arrow#18,9a22235944bc221ad9cd19a90e0878d777e9cbbb25a810f314570ec7ee8ab0f8,d4016f5c379e37b2bd41b886fe84ac6a68a66875e7830df984632cab8012c098,0,1,0,0,0,0,0,1,0,1,0,1
test-03-019.jpg,data/test/data-00003-of-00040.arrow#19,61498a8e9ba951a884e928e9f998c36f6068dcfc917204b54cceccc1ef250cbd,20c87b594da1da8fe4eabde9d6c3684ca06603e376a45c71748bbaa9f132d319,0,1,0,0,0,0,0,1,0,1,0,1
test-03-020.jpg,data/test/data-00003-of-00040.arrow#20,f73f092073139688ac8255af968ad3c594e293e4091fc3bcf3118be60c64209a,27f152d491d62a8123264c7f8e10ee9db399e1e0d5c74447cbc44c5a36029b4c,0,1,0,0,0,0,0,1,0,1,0,0
test-03-021.jpg,data/test/data-00003-of-00040.arrow#21,f25fef8e575629db850bdeb43004d96fa05d95aabec9b81375385c2fa55b1cba,56396ae9bebd055895b7186ff983de66f708becfafab61baadbac5a6d6f55b1d,0,1,0,0,0,0,0,1,0,1,0,1
test-03-022.jpg,data/test/data-00003-of-00040.arrow#22,5b0921a74ea28dcbcae569abbf160b684d3974603865e3cf68f8a6fbfe83b1d2,4a0e9abfe2a108a9a248ba60a0418f5c6f730929a4dcc09e98772278defd14d7,0,1,0,0,0,0,0,1,0,1,0,0
test-03-023.jpg,data/test/data-00003-of-00040.arrow#23,c5bcbed5adc7db8018b91f746b714f2003077788a1813bdd23ae91538ae67d3e,d8ba2043da8987cc90eb6b1e97acbb1ccdc247d2158598120140b4748509e313,0,0,0,0,0,0,0,1,0,1,0,1
test-03-024.jpg,data/test/data-00003-of-00040.arrow#24,d6fc5bb0a242372a63571acf741179412892fefb6e45ceec7fedd50b0a5cecd9,8904bba00fedf74f332159b8631d220b3324dacaedadf8bb5f5496665857223f,0,1,0,0,0,0,0,1,0,1,0,1
test-03-025.jpg,data/test/data-00003-of-00040.arrow#25,635eeaad318497efb9bb78ab326bb460cce14107685e0395bbef545cd9d7f77c,0add3d2fa931c469783d87f12ee45bde336dd1e29faed26baa4fe310ba6d810d,0,1,0,0,0,0,0,1,0,1,0,1
test-03-026.jpg,data/test/data-00003-of-00040.arrow#26,51dee96cf98b487b0bec232657a9007eff858492d8797fa403a3911b90a9b730,445c8b47afea75c5837f2ae15586cd59ab0f587e3961b410a7c592d106b21a32,0,1,0,0,0,0,0,1,0,1,0,1
test-04-000.jpg,data/test/data-00004-of-00040.arrow#0,cb79861ab5bb329f7d19693d40746eca406ac75206a3136aaa6b96364c56666d,c9846a5fce75228161ff6845e1d14d24042bc45892ea1a3c10a61301e68edb07,0,1,0,0,0,0,0,1,0,1,0,1
test-04-001.jpg,data/test/data-00004-of-00040.arrow#1,b4b652b1ce4134ccc113be1d133e1ae479240cd9523b7b93e81a0e969abf57cc,44c0dcb9e054e14d6695932f6618d1a0b9c8723d3239318afadd17d0b562fa52,0,1,0,0,0,0,0,1,0,1,0,1
test-04-002.jpg,data/test/data-00004-of-00040.arrow#2,15e1e6e75ec8e8c3b8692330ec451ccfe9ce47882c54c842f94ce963432e2277,f4f4b3a781c0b7911cc71ac1bbddc26465d9905573196cb0ed4fdd394552964b,0,1,0,0,0,0,0,1,0,1,0,1
test-04-003.jpg,data/test/data-00004-of-00040.arrow#3,33c659893130f66f8ced93324d84dd9d9a1a31726b2132c246d70cb9f9edc1a7,c630f9fc0fe53652d611744c52bed055350f47fe0fdfa9e4098148d7e6d97f35,0,1,0,0,0,0,0,1,0,1,0,1
test-04-004.jpg,data/test/data-00004-of-00040.arrow#4,ea3d7cd920fcccf4cd5710b61365d72afa82d30261a02abf77007017a76e5072,90aae72c9c5b3f6921b87e7e37b8cbebf791b75b35d36dd76e664fea84d76858,0,1,0,0,0,0,0,1,0,1,0,1
test-04-005.jpg,data/test/data-00004-of-00040.arrow#5,39011e55cf0451c75a611a2f9b42810662eec6a8f6f87b5f5f39ba5ffa875b28,6990c9e7a541ff2005c505198a1acc5011f41ee325978b632ab48bf8228c0afe,0,1,0,0,0,0,0,1,0,1,0,1
test-04-006.jpg,data/test/data-00004-of-00040.arrow#6,a2fb0a02202e35a9f1011ffc9bc3b34da39801ca4f69831b03bdda421a5f56f0,553fb409fea932fd66762674a2dac8812a6ca1ee08bcd92bf592b2b3bb7bf8c2,0,0,0,0,0,0,0,1,0,1,0,0
test-04-007.jpg,data/test/data-00004-of-00040.arrow#7,c5983c21b21bfa2cae5f8c7e53118e94b63db11e3c1e4413b2dad4624740f27e,d83fb448fc0dc19a2d5fb5ed07ecb1b9c0e83d3afaaaf253105d0e7b0cd46e63,0,1,1,0,0,0,0,1,0,1,0,1
test-04-008.jpg,data/test/data-00004-of-00040.arrow#8,28a4c73fbd187d83ba4cd099ccf7f3456da8b6add920812b5f09e2ef606cb91a,577c27a19c2a1c61ae06b105dcdbdd13a7c37a2cda07f5d17bf7979203a942bc,0,1,0,0,0,0,0,1,0,1,0,1
test-04-009.jpg,data/test/data-00004-of-00040.arrow#9,b3cfa1db41397997f4e107e3ff8a7da80b9a32be476051156042d15f6ca19b6c,26f35d47a5d7b24b3211b71a223b63ef2804202b84c1b4a5129b47660052e100,0,1,0,0,0,0,0,1,0,1,0,0
test-04-010.jpg,data/test/data-00004-of-00040.arrow#10,7d0946c123edc985c033269dd24fe212da713d3f9ca7686ce4971ee93766a3be,8c55da3569a3586f22a8b3b2b223e4bd602ea3369127fcfddeb9e5119042c339,0,1,0,0,0,0,0,1,0,1,0,1
test-04-011.jpg,data/test/data-00004-of-00040.arrow#11,3d6e9f7d2a00444933ad6e6e2cf1ec62f913330200dac4d5385d5dc7573a7090,393e2da48b8c1e6181003d08d6edf614748171c1cfefc809e0c8d8466bcba901,0,1,0,0,0,0,0,1,0,1,0,1
test-04-012.jpg,data/test/data-00004-of-00040.arrow#12,2b010d3b471f7384aac150e592e99cf3f4b408a16ef8c380c24389f1668a8305,2f6bcc7518d492734f37568c7538632863c3599f559efc5557f78363207cf57d,0,1,0,0,0,0,0,1,0,1,0,1
test-04-013.jpg,data/test/data-00004-of-00040.arrow#13,3e31906ea141e638b5f7f1358a22db41148a2e71b061dbc8e22de821fc2f7a86,19475e2e098d1fc88df809115283c6bf302e66c401f6365c68edef2e291714a4,0,0,0,0,0,0,0,1,0,1,1,1
test-04-014.jpg,data/test/data-00004-of-00040.arrow#14,d3339f862c53c8927e7969c2f144230d794f84fdcefe0fb29f2eaa43692ac33f,e00242ccae83f753376a8b2f1eff4d1f10fdf8dde5d5d8f3bd2ca33e8fdd7601,0,0,0,0,0,0,0,0,0,1,0,1
test-04-015.jpg,data/test/data-00004-of-00040.arrow#15,54115574c2c6d04d6c3a4c1eff7914bf5a20dae55cc7d904e68ea954d933f86a,176e4d93246996261ad0ce71578e34847903bff4406133e1258141f8a2ca56c1,0,1,1,1,1,0,0,1,1,1,1,0
test-04-016.jpg,data/test/data-00004-of-00040.arrow#16,19701e782c64dbd4b519218519ad4ef2af4c13afe819c80ff861b34678345497,cb40488fbd6e0e468562c5a3243f50948bbdaf89f6478fa513237e402d4b5aed,0,0,0,0,0,0,0,0,0,1,0,1
test-04-017.jpg,data/test/data-00004-of-00040.arrow#17,b3c58a93ff8026d14abbab985b3c50caf7d2eda34209ec6e177432a1220abd13,f6f78fccd9fdcf37e93a5c81a1f76bac0a3b8d586037259b61132c54497f8491,0,1,0,0,0,0,0,1,0,1,0,0
test-04-018.jpg,data/test/data-00004-of-00040.arrow#18,850923d9bf48eb8f8cea6318375c97c4e0754b7c6a62162a7cec8737997135d7,ed181fdc69464044ad88440a48eae81ded7c7ef7b4f31fdfd4ff11fd7511dcc0,0,1,0,0,0,0,0,0,0,0,0,0
test-04-019.jpg,data/test/data-00004-of-00040.arrow#19,7f95c0b56303eb312de8baa1c3c6bf47398ba8ea00445c021cc6a65b04a513aa,2a27b4c43a65c350c5c15b5b9bb1e34a5dc2fbc9b86dbc7cdd25f5f116803276,0,0,0,0,0,0,0,0,0,1,0,0
test-04-020.jpg,data/test/data-00004-of-00040.arrow#20,f2f9682ba5ddfc4532cd46b79ad0b44397fe879913e3327abb08a7748dba2f28,6a87e85609cec60a2a09b5a9ce19e158c22f989001230098de6b6f4c52d6a9ee,0,1,0,0,0,0,0,1,0,1,0,0
test-04-021.jpg,data/test/data-00004-of-00040.arrow#21,047a927deec22982ddddcde00fe5b8174dbd4f9fecb2ed5654317fc607a802dc,c2af0c8de2542310d9bb1b803b576bcff243f8694f81bd474b37b5c33c54cf25,0,1,0,0,0,0,0,1,0,1,0,1
test-04-022.jpg,data/test/data-00004-of-00040.arrow#22,62d9e5949cf2cfa97111f330f5956a71934b2e7dd16389c49ca86ce91c29c3ea,03427d1be58fb3ccffb783fea01f666ae9e8e3bab75d63630d43bd3151386d14,0,1,0,0,0,0,0,1,0,1,0,1
test-04-023.jpg,data/test/data-00004-of-00040.arrow#23,0c22a5f571f997cf8a6769392626331c29b1a1b4a2e5de5fe50cc1a1d209fd7f,82fcecae06b37071a3411d516d1127fc466608a193d9f6fe5772355b9fc32279,0,1,0,0,0,0,0,1,0,1,0,0
test-04-024.jpg,data/test/data-00004-of-00040.arrow#24,aa8b9a2b5a58acd708e80fcb947c39ee8b522b969cfade708c2b78db457cd9fd,41b0d185b66fe2faa4977368b9e74ce5dc24a3ad0e2db889a1a52253e17cc232,0,1,0,0,0,0,0,1,0,1,0,1
test-04-025.jpg,data/test/data-00004-of-00040.arrow#25,3f809e3904fdbaf7edbb17fca5bc2888429b427387071f3066825da0efd2ba65,a5cabf58725ccc4c69c575adb2841a1cb29bf2e0a449e57cf2806a909204b15c,0,1,0,0,0,0,0,1,0,1,0,1
test-04-026.jpg,data/test/data-00004-of-00040.arrow#26,aa16ac8352e220f40d70211de36430be429aaf2ab57bddc33e963dd920c74481,b91ecb83058b6dd289b783eeefb3740d0cbcb573bbd41b33fed5934f91bb67ab,0,1,0,0,0,0,0,0,0,1,1,1
test-05-000.jpg,data/test/data-00005-of-00040.arrow#0,f629622f43b8a8710f84543eb445e3d232a0302d1f5d5b71106d8292508c0da2,8f0990e211c9f7b179cc668448de44f7d03cf23273e0be2cdcc58e6a1eb466f5,0,1,0,0,0,0,0,1,0,1,0,1
test-05-001.jpg,data/test/data-00005-of-00040.arrow#1,291e1a38defbcb330b97a127eb13054beb62fb6a156e92de386eb7e3b8d38512,66cd3676b1cfff5d6013071266853f733f33de4958561b7531457c8b646a8ed5,0,0,0,0,0,0,0,0,0,1,0,1
test-05-002.jpg,data/test/data-00005-of-00040.arrow#2,6919cb1ddff5525e74fac7c20fb6d72b5e89912f088c5956f140f76cfb34206b,6d8ee6889da7cfa8aa2c4c4ca5c526774b70c355d235a549d8caed45dd724f09,0,1,0,0,0,0,0,1,0,1,0,0
test-05-003.jpg,data/test/data-00005-of-00040.arrow#3,d1910ebdc1cc6d728e46ecc202fa59bafdf8d602500fa318de375232503e8f5e,dd73909efab56c1b22ada6675ebbf8b880962a75298fde77e7dfa673d9086f67,0,0,0,0,0,0,0,0,0,1,0,0
test-05-004.jpg,data/test/data-00005-of-00040.arrow#4,47839f5ab931dbb29bd22e5d95d2eb78c90b19046b723ffde02a9307d8f128af,c99fec20bd2d48f867a98495d9db689eb00e7a2ac46623c4ee3453d1e931c6ab,0,1,0,0,0,0,0,1,0,1,0,0
test-05-005.jpg,data/test/data-00005-of-00040.arrow#5,e3a24cfda30d017fc9fbe5a97ed1ca6a41a9a69d69dd65fa877c9b9c83a2e7ff,31896bd128a254deda5030f6673c47d67bd17137a887c7c11d8d827770a2e627,0,1,0,0,0,0,0,1,0,1,0,1
test-05-006.jpg,data/test/data-00005-of-00040.arrow#6,42b4c7e15a39c1b3c531318d9c0a10a1bc7db61f1cbedc59872d104ab7f8cabe,42aeca579485c8406c09c4f527bc72372f04db0e1435df9b91dbb0415c2f6e04,0,1,0,0,0,0,0,1,0,1,0,0
test-05-007.jpg,data/test/data-00005-of-00040.arrow#7,fae02d36bc358801f2f513eac79f992002b3c233d491169b6539727354770af7,be8ede1f3b57b9a6541d6e0fc0d3b22ee03b0715799e3b31d34281523330d50a,0,0,0,0,0,0,0,0,0,1,0,1
test-05-008.jpg,data/test/data-00005-of-00040.arrow#8,5bca2a3965be40628413a7cc83d006e2f5a6b7448ffd23e651f6a4f28f3ffe96,32b17d89d663751bacffdb0b6cba3868a3c2391d5ce636afd6ee109e1715db01,0,1,0,0,0,0,0,1,0,1,0,1
test-05-009.jpg,data/test/data-00005-of-00040.arrow#9,b19f177eed381c4c2dcf49d51196fa1090f2be0b94b5bdfc5da2df320d5fa8db,fd71c2b55b7415b151e0edb455cc8e620aacc49a034c492d11afd93be293850f,0,1,0,0,0,0,0,1,0,1,0,1
test-05-010.jpg,data/test/data-00005-of-00040.arrow#10,82580983d8d9b69d8ead8d1cb349980fc8174916162e18a33a04ed8128307adc,49e195cf401e4c928aefa250ffd30a1235adbf81024f9fe4eaedcfa7a994c3d4,0,1,0,0,0,0,0,1,0,1,0,0
test-05-011.jpg,data/test/data-00005-of-00040.arrow#11,9a708190a355cc27c59422ffd8bd5b802a7c48bec846571afc7a03f02f57b868,2660f4bcbd734121cabb4d409cb6a0a928f11eda7826eaeab880386be7704888,0,1,0,0,0,0,0,1,0,1,0,1
test-05-012.jpg,data/test/data-00005-of-00040.arrow#12,f265c455bb73397be665d32123405a2a1c337534708f56235f9713bef0b04a0d,3371d64dc1dd2d0f5d4c9b4bc1ed8e1c3ed91199e2dcf156b3dd2abd1c045090,0,0,0,0,0,0,0,1,0,1,0,1
test-05-013.jpg,data/test/data-00005-of-00040.arrow#13,704fce16ec72b4b842e97cb60a65acf7fb1dae151e201b0f0f79d834e2a55095,360e6bbc97e35561b013a8442855095c5a59ae1e40f432a6c8a16c4700cd65d5,0,1,0,0,0,0,0,1,0,1,0,1
test-05-014.jpg,data/test/data-00005-of-00040.arrow#14,cb0cfef0b8bb1f0e5b58186540bb8b186402a3914717d1d3170172612c94dcad,598efd52f07023d297d043959d81a073316123460a578f75a5d386319f669bbf,0,0,0,0,0,0,0,0,0,0,0,0
test-05-015.jpg,data/test/data-00005-of-00040.arrow#15,c918f9c507e1b39c61caf9b3ac40f66ca2b78e48491b969445be3a8f08fdd22e,03a09ade246e340b04f324b3fbbb4fe6f8b04613c9538f9deff80259fc5c9114,0,0,0,0,0,0,0,0,0,1,0,0
test-05-016.jpg,data/test/data-00005-of-00040.arrow#16,c18b8dbda74e22af49e60b2628a4ae15515c48f372c014586b71545bc6bcb335,d932f99252717eb301b419aa708678b588bb6a4093fc90d380d20f92b9916941,0,0,0,0,0,0,0,0,0,1,0,0
test-05-017.jpg,data/test/data-00005-of-00040.arrow#17,ef31cb2cab2a147cb156980c6d000e7d8ff8171e16f02f0569ecbc128aac843e,a455050f715538bc82ffd56dc12332c89fb91b15f9f833aa366d8d7e0df9579c,0,0,0,0,0,0,0,0,0,1,0,0
test-05-018.jpg,data/test/data-00005-of-00040.arrow#18,3e87acb2ffa2bd32cefa971dfabddb7753ec5fcbc580276b1814846d3c0596a4,58f555f99b779bd3107769e5bbfa0079767fd5e863ac5a9f6caa1803c3a6e2b9,0,0,0,0,0,0,0,1,0,0,0,0
test-05-019.jpg,data/test/data-00005-of-00040.arrow#19,b1899c8e79e3023615dc224f0305bb1cc8c231c8f38dc52a164efb2d3819cc5e,c2eda1ca127e2bc7b8f91fe539a60d1903695e000fac591bd1d12c744038fdf1,0,1,0,0,0,0,0,1,0,1,0,0
test-05-020.jpg,data/test/data-00005-of-00040.arrow#20,049d42c0fccb33300bf2fb89e24afeb9d0f95aed35a74d0e0a58183dd4617f3e,94a0fd371a71a8191926697bc70a232ffd5858a8d38477e624c962fbd04b1672,0,1,0,0,1,0,0,1,0,0,0,0
test-05-021.jpg,data/test/data-00005-of-00040.arrow#21,9edbf517497a35a6a40f1682a6731fcc0c45101cc5d2972a6c8dbfeed8098dc1,667c0bd382f9c398b4fa91584ddf99babaabd4ff4df52f1046b130e7c8c41dd7,0,0,0,0,0,0,0,1,0,1,0,1
test-05-022.jpg,data/test/data-00005-of-00040.arrow#22,bfde0b7fcdb58285093d800dbafdb6a488c9967ba7fa78fe655022c95d729432,d2236029f786979c3d461e8449b43d6ff86cf959c3067ceab011428b7ed7066a,0,1,0,0,0,0,0,1,0,1,0,1
test-05-023.jpg,data/test/data-00005-of-00040.arrow#23,acee95cb94e0e43515837ea45e8a992de6d76a78f07755e673918ca08f1732df,6c93973c24eade7c73a31f75226fde43bc187445c3154a83902e2d281d0a255d,0,0,0,0,0,0,0,1,0,1,0,1
test-05-024.jpg,data/test/data-00005-of-00040.arrow#24,65006e079dd998a46955eebbfb764d1f52c80697550698758df51db9cc59edb5,4518ffd48b2697dfba091056e8127748d75e34b8a97ccd2a721d8e032e3718d9,0,0,0,0,0,0,0,1,0,0,0,0
test-05-025.jpg,data/test/data-00005-of-00040.arrow#25,5b1e1d819a09410fd5a84c429d38781be5458c0f556c7f3bdc43f1191319d790,10304501049e2fcf8e4d724dd7c21ed7557d9c28ee45506e79bdcd8a4c58f07f,0,0,0,0,0,0,0,0,0,0,0,0
test-05-026.jpg,data/test/data-00005-of-00040.arrow#26,744fb96a1e3d6d9564806a29fb7eb2bc74bcab2d305d3803ea18e912302b2149,5338a51c14e87d22dd1582d4ed49e82390f368e51ebbf0f1845cd658938d9da4,0,0,0,0,0,0,0,0,0,0,0,0
test-06-000.jpg,data/test/data-00006-of-00040.arrow#0,c88c800b35959a1201354f26b67464baa805720ba313037b5ae4dfc3c711f63b,43b618124fd51f67633e7dc4e58f661d4adae5eacc72fb642f2ba69edc7ffc35,0,0,0,0,0,0,0,1,0,0,0,1
test-06-001.jpg,data/test/data-00006-of-00040.arrow#1,6c66ef927b99870d86e97bb850720db93df327ac85f559d81601594c10d22c9f,32eb73467708361bb53a73dce83e9f0c69890d2cac2dc9a9205d7f67e243c62e,0,1,0,0,0,0,0,0,0,1,0,0
test-06-002.jpg,data/test/data-00006-of-00040.arrow#2,5a52f73e6f760fa5da8998a17d8015a613598a51b54a32743d2a993c01dccf95,a0767fdcf08f0ac3d8187da0e57df1b26113c47ed56fa2942ae6f2d5f6dfc800,0,0,0,0,0,0,0,1,0,1,0,0
test-06-003.jpg,data/test/data-00006-of-00040.arrow#3,96268bc6da4e03a9f2481378c8897e02a0594a16b3bfb4422b913efce7fb0266,ba8842221f261b4c8c4c2b6c3836abdc79cde5a885419db9fb4bcfc130210f56,0,1,0,0,0,0,0,1,0,1,0,1
test-06-004.jpg,data/test/data-00006-of-00040.arrow#4,018c85dc43cd98de36d0ce82cc1afb4f737701064dcf967b20b7cd20852a8aa4,a8edf1198e7d78ef733b1d6fe23aa6fddd670e599f2c8b61a556c7b7ff267c5f,1,1,1,0,0,1,1,1,0,1,0,1
test-06-005.jpg,data/test/data-00006-of-00040.arrow#5,1c8934f0c036aa30db7c7be027917134a38ffb300d6795302dc5e37e33fbb4fb,37771f6f4a6db486cc626c837fd5c7e9746b59c89af4a3fb60750bf00a4e4188,0,1,0,0,0,0,0,1,0,1,0,1
test-06-006.jpg,data/test/data-00006-of-00040.arrow#6,44b0edf4a8907a47f510f35cf44c48cae585e35f6ab6d2b1b208f0feeb8a04dc,c38a1b9dd0a562b7e0045910c59f4fddc96c478512e167600f01b46421868bb3,1,1,0,0,0,0,0,1,0,1,0,1
test-06-007.jpg,data/test/data-00006-of-00040.arrow#7,290965bc8de57f91fecf6defb127f3e23a8410a077dc17ea0f84c840a4e07305,9bb964c5572fdf368a70f7610b54077a3cde044200e2e5705f916db07525673d,0,1,0,0,0,0,0,1,0,1,0,1
test-06-008.jpg,data/test/data-00006-of-00040.arrow#8,9a24e2ff2b06b2840f06fe700b17ac6680e4949d7669fd46b57ef9f7340f2081,7b5c4b0dad6d7b7c986109c9c96896901d86f07d840b7d77416a876a4e03a863,0,1,0,0,0,0,0,1,0,1,0,1
test-06-009.jpg,data/test/data-00006-of-00040.arrow#9,29e23ecdaed8e7a7d469caa0a72f522081f74e88f273f94adbf1b8979766f0c4,fa867f7420e632c95480111760bf4600b3e7e207387700cdff2c0ce4592234d5,0,1,0,0,0,0,0,1,0,1,0,1
test-06-010.jpg,data/test/data-00006-of-00040.arrow#10,92d99de358b44c0b216e83834f5e828f3690ab330cd1fa8b73a7189fdc7e0aaa,dd5192889bf038f38d545a942366ed6787d2c26ecc952429d64664ef66d28cd9,0,1,0,0,0,0,0,1,0,1,0,1
test-06-011.jpg,data/test/data-00006-of-00040.arrow#11,6de9b521aee0f3247e18d0cc56c5046a9037e52cc325a97b78510a4a041d3998,e595edd1204ec56bb69cd2ba47a959faa59e23dfeadb1b9e5bc64e4f95ccfd81,0,1,0,0,0,0,0,1,0,1,0,1
test-06-012.jpg,data/test/data-00006-of-00040.arrow#12,7760c165a7ecd8ed30ee70f05ff0839b3cfc044acf45095d8f6769759f9113bd,b6ee3b924d0412d9d4902b46434943203fdc2aabc8e421c39963184d8aed95e8,0,1,0,0,0,0,0,1,0,1,0,1
test-06-013.jpg,data/test/data-00006-of-00040.arrow#13,475db5d018bfe69f8bc425538084e66a9bf3937ce283abc9dcea1ece609fe6d8,70ea186f181a5dbc6de181914a83b8bc5db59a91fe4ddb7bc7d26e1410e7eb2e,0,1,0,0,0,0,0,1,0,1,0,1
test-06-014.jpg,data/test/data-00006-of-00040.arrow#14,4145de43e4a66eaebb2d57d2f15560bdd03351c1a32d979e65c91420ff0a7a3c,e5b132d04a502617ad630557d632fbe4769d5924372e2b16e24691382ebf51a7,0,1,0,0,0,0,0,1,0,1,0,0
test-06-015.jpg,data/test/data-00006-of-00040.arrow#15,78e0fccb88ab0b1d50569930d1daa6300ac9c04e964ab401608752bbcb7b1f43,b01b240aaaebbeb31b4a2f9a095a2125834c3b5f007a19f90d92a737dcbdf33a,0,1,0,0,0,0,0,1,0,1,0,1
test-06-016.jpg,data/test/data-00006-of-00040.arrow#16,0b7791bb9bf9f784222bf5d854dcf431adf0345086a4ff4590134693358aba76,7ca79a7a16ee03839728a642253a0ee4291edde0d9b44cd77f9a9adfe3f7e5e9,0,1,0,0,0,0,0,1,0,1,0,1
test-06-017.jpg,data/test/data-00006-of-00040.arrow#17,2387f8b22009a3772db9282456338cfe579c81cf9fbb768f08f2420fb42d1719,3f28326027d02921337f2b880ad03c29f2519af9d3ddd45690386ecf5a967c98,0,1,0,0,0,0,0,1,0,1,0,0
test-06-018.jpg,data/test/data-00006-of-00040.arrow#18,40981964527386ccdd8f108e8583b202e66dc5dd02fed2677486975e59135419,372c77ac654e204bb081ec2d5d169e0a7ec2f80cd3571b418ab8c8c2fde94ad7,0,1,0,0,0,0,0,1,0,1,0,0
test-06-019.jpg,data/test/data-00006-of-00040.arrow#19,c31a24b316c8650e5d771d2166f1efbc5cecd90335cb1b96bf3cc2cda47729e0,1a18ddd2122b1b736df9d608ea01e964c628c2c6c7af7a1162562523c35492ea,0,1,0,0,0,0,0,1,0,1,0,0
test-06-020.jpg,data/test/data-00006-of-00040.arrow#20,05572322cd186671862429bed0bcbb1fa9fb295b6b9397db292cae72008efc95,be7b5ff3b02c7b89d38e6fa8ce735e82d11118a025324637cda809ac0105078b,0,1,0,0,0,0,0,1,0,1,0,0
test-06-021.jpg,data/test/data-00006-of-00040.arrow#21,d65b208da91c0ac3f31d859c1c278616f9c7f58d0fba74ef747eb17fbd751836,cf02fe30e7eeb6520064cee83776e080c6255537a7eba8aa16ca0914ccf8f1cf,0,1,0,0,0,0,0,1,0,1,0,1
test-06-022.jpg,data/test/data-00006-of-00040.arrow#22,edb73c17363780fed1e5b60de5053d1496fb4885d0ed01c8169169409ea225cb,eb0fd266d95953f66162052a1356b8f3ee4b418a10a0aba4bff8b52e0b4c3e0f,1,1,0,0,0,0,0,1,0,1,0,1
test-06-023.jpg,data/test/data-00006-of-00040.arrow#23,0769d8a68153ab8735ee38984c83e1b7cde145fcfc5159c3b5e24afdf352490c,89fbb6f36717555e9d59c9623478fdc3b8e3daff04f98741c6daf64e9531642d,0,1,0,0,0,0,0,1,0,1,0,0
test-06-024.jpg,data/test/data-00006-of-00040.arrow#24,223c04eb817b764e2d73fa900aa488fa322e054b61bcf645de30a7cd34ed0e52,3eaa8e04718ed29603bced38bb7f58849129adcb44a85fd728da07ecf5300ce9,0,0,0,0,0,0,0,0,0,1,0,0
test-06-025.jpg,data/test/data-00006-of-00040.arrow#25,913a164acb9cf3b252a34ac549cc5bd006089435f342e114ea5d6f19489a7ddd,d4551712167525e87b21f155ebc9a6dcf78921fb0c9b153d5b127a0ac30247dd,0,0,0,0,0,0,0,1,0,1,0,0
test-06-026.jpg,data/test/data-00006-of-00040.arrow#26,93a57b758a6effbed802d31309b697702120045778cbd340f852c4750ded8816,eea75e920012fa167de00d2ddaa105a3dbef580d3eb3283ab6b55499834cc77e,1,1,0,0,0,0,0,1,0,1,0,1
test-07-000.jpg,data/test/data-00007-of-00040.arrow#0,7dc7b8ac4feef0823bcafc503b29c385563a69891f2bc568e5b726f31b0871d0,b80bc129a9e22e6e352efae091fa6f739d2785cd11f16176a6b24322f77eb34f,0,0,0,0,0,0,0,0,0,1,0,1
test-07-001.jpg,data/test/data-00007-of-00040.arrow#1,fae23d8c3cb784f4ba40839902cba716b8013b0521615a009e01110b86b6edf0,bb22233d18ae0633e32c969691a6280e8b1b84a4d7848aa9624b3117d057f97e,0,0,0,0,0,0,0,0,0,1,0,0
test-07-002.jpg,data/test/data-00007-of-00040.arrow#2,4d96a677b93c28e841cd6a8538488427991a5f7f4cef1d9142f68fdd5b52632c,dd69912076c9e5652b0f4b214bda78905cb5a956a1d07faf932067562009e21e,0,0,0,0,0,0,0,0,0,1,0,0
test-07-003.jpg,data/test/data-00007-of-00040.arrow#3,abc95f603e5e36b686bdfa7f6b36e7a44d32abd814cc052cab335837369c8600,f35a1e8676c1359303d988a339feabd011e5b560f99a837fe3380f51cb3a34c4,0,0,0,0,0,0,0,0,0,1,0,0
test-07-004.jpg,data/test/data-00007-of-00040.arrow#4,8288bfe07bbea50833d1a015e2125230fd34c732c964422560dd538e7827e789,4fad74d917865cf7463c320b222b2a018888664c4e1def9775584f918603e2eb,1,1,0,0,0,0,0,1,0,1,0,1
test-07-005.jpg,data/test/data-00007-of-00040.arrow#5,19f5d76cba1a006f72d69a217af37e2ee4217f6dca0274038cc10e15256621b5,ced02c5bba697aef99b01324338af1678b503d4f55cd8856c47605692f969aa0,0,0,0,0,0,0,0,0,0,1,0,0
test-07-006.jpg,data/test/data-00007-of-00040.arrow#6,5f66847c97484e3cffe45505388d891b8e4af220b76b3675f8df06763ffd5091,e40f80ff7af83028f0e360b20c592e44f4ddfb5fdea4d8f80036fc85069c800b,0,1,0,0,0,0,0,1,0,1,0,0
test-07-007.jpg,data/test/data-00007-of-00040.arrow#7,67ae7baee1892bc059777bd41bfa93d4e4715e2140f9f7b22be412b33d43474e,a0df2d832e06bad38d9d42319ed9c80b430b4027d90ff0e62ccbf6587c2efd94,0,1,0,0,0,0,0,1,0,1,0,0
test-07-008.jpg,data/test/data-00007-of-00040.arrow#8,e41663407b4bbd81c4d7ea63c28af1847ffb90c4e9a92292172a8012cdcc3755,aafe44da9529d900fb498735a8569bd709289bf1e41daefd7cecb37dd4afa07a,0,1,0,0,0,0,0,1,0,1,0,1
test-07-009.jpg,data/test/data-00007-of-00040.arrow#9,51e6d5df0a5b2c42189a4b366bdbb5da5d2116d200813d1c751524dec7f9269d,de7c64ab3d8b55de5e5bc4108798844d50cd0e895c70285b386c5fd3a851fb0f,0,1,0,0,0,0,0,1,0,1,0,1
test-07-010.jpg,data/test/data-00007-of-00040.arrow#10,e0bd4df6012030b69095ae3cd6cd1e64b2f769ba0c90f24a5983fbd0bb5a7816,caad0fcfd7b248463bab7d4c018a41dceae2cdf7f3c8bbf70e75d0ed8d810bfa,0,1,0,0,0,0,0,1,0,1,0,0
test-07-011.jpg,data/test/data-00007-of-00040.arrow#11,609e2aa44495946206b40bbfa4a1f97725cf0ddb466e923f49bc942583211872,9b6c4d811da055ace933a0d71860bba5b5c7847028a8d370360009ac26850ffa,0,1,0,0,0,0,0,1,0,1,0,1
test-07-012.jpg,data/test/data-00007-of-00040.arrow#12,8eb9680fb3c4be623c16f6f9e26e6e01aa9443b82d5eb402720127bacc50e770,f30c9fa107b6052ad0846116cb1ef6eba5a499172cae520b49e06fb345b7a948,0,0,0,0,0,0,0,1,0,1,0,1
test-07-013.jpg,data/test/data-00007-of-00040.arrow#13,e9ff926a31281dc861d1be475cd54d09709c0269277f8a5a139d8dc8fcae78ec,82cee457bdd228e3ed056c1a803642716e6b3a1ba0d98ddbf06f7fef3143c2ff,0,1,0,0,0,0,0,1,0,1,0,0
test-07-014.jpg,data/test/data-00007-of-00040.arrow#14,af4d234752613cd306d50a27697ee9f9eed5c62fec039473f7f9cef74d3be540,9693fbc5862f277e7663bd8be20aa454c531afda58492e19a16deea80d394310,0,1,0,0,0,0,0,1,0,0,0,0
test-07-015.jpg,data/test/data-00007-of-00040.arrow#15,9815873102303be9038fa7959340609c594364d98d7c8900e5ef74d7f31218e0,4d431fb83de271ff908d2be7d885549d38f77a9c970326e1a38a40efd696f398,0,1,0,0,0,0,0,1,0,1,0,0
test-07-016.jpg,data/test/data-00007-of-00040.arrow#16,ea88797eabe29025c97f416a2078d0f0b5edf536cf94bdcf50f745618d7dd431,8291b1b4f25d7497d939eadb037d152cf727929d1135c9e435586f5f79c0c28c,0,1,0,0,0,0,0,1,0,1,0,1
test-07-017.jpg,data/test/data-00007-of-00040.arrow#17,c70ab9ee7dc6f89a85ae1261bb270525636ecb07ab2285d22dafef22d3d45e9e,c1c87074778a06bbc7a0805047cdfbfb2f0cf3d54dad77c9adebef1421b619fb,0,1,0,0,0,0,0,1,0,1,0,0
test-07-018.jpg,data/test/data-00007-of-00040.arrow#18,61b4512328b5fc94dada260359fde2a601723fcb8f662372ba74b634ab303a06,4fd7157860b8b8d73097e83d7381ffeb4f8b4022b24420606c20c405db579de2,0,1,0,0,0,0,0,1,0,0,0,0
test-07-019.jpg,data/test/data-00007-of-00040.arrow#19,cfe724210d9106744253cddf3fa5a8076a4eb9d9fcc9b514fef3b276342efde5,6c07d7db1a242cb2bda85608f0f7feda3725baa69870482336d8271552077a6d,0,1,0,0,0,0,0,1,0,1,0,0
test-07-020.jpg,data/test/data-00007-of-00040.arrow#20,96b0d8a3ed63de83b0c46285ac2f66aba546aae87ac807a2995edc7680f7662c,1160f07570dc8ae752c8dcbfc5f12b3641d8aa5a77f0a545b846fcbb426cac99,0,0,0,0,0,0,0,1,1,1,0,0
test-07-021.jpg,data/test/data-00007-of-00040.arrow#21,a2438de9e3d281ea8c14061d2b88ac65c48c3628d980a1a1d526f13aaad63c06,ce964c641fd2883834024171c9cf6dc383be1b9a56f4b52e6a4545984002b00a,0,0,0,0,0,0,0,0,0,1,0,0
test-07-022.jpg,data/test/data-00007-of-00040.arrow#22,bbfe4840b291a6114fef6c94f35267986198844eb406ab746c75edc89855a3b0,755078532bcf4da663bfbe8c16814c6ef3b88df18ea7d0e81f177a337889d578,0,0,0,0,0,0,0,1,0,1,0,1
test-07-023.jpg,data/test/data-00007-of-00040.arrow#23,293a2f9966da2089e9f161070384654346dd329e3b0ce280671816f501c7f5d6,f5fb8613e385cae750102cd7728a51161e33685a36dd03734dcfbeac6729c275,0,1,0,0,0,0,0,0,0,1,0,1
test-07-024.jpg,data/test/data-00007-of-00040.arrow#24,345661371209534ab79fee2d3e44e2dac1c8e5ffb43b80260287e9e556e371ff,e33d115dcac4cc21f692653a812f9c8bda1ad723e329e92dc6d45155e1bab3d6,0,0,0,0,0,0,0,0,0,1,0,1
test-07-025.jpg,data/test/data-00007-of-00040.arrow#25,e75bcb3f1b2f51d5355d9bc40daa43f29bb276b521e56e66d9da8a814357f99b,4d2dbaffd0a1addac03231efdd57cbec2c6ff66e00ff2879f030afa3661b4131,0,0,0,0,0,1,0,0,0,1,0,1
test-07-026.jpg,data/test/data-00007-of-00040.arrow#26,29976d61bd0fedd0fff36eb34c2269c3cb0200d92a7cb3eb09a7e6c01f2ae0ac,9e7cd8a2f082fc8c6b2640fad8d62b8c3fffbd674801d04a700969e8b72fc82b,0,1,0,0,0,1,0,1,0,1,1,1
test-08-000.jpg,data/test/data-00008-of-00040.arrow#0,a026eae3d9d862ea0d3c2a701171cfd2bd882dd5d7a820e679d6ff47d5f89e62,8708dc69e5dc444e1e081ce703db7d16790d8206afe933439bdbf9fe3ac6d9fa,1,1,0,0,0,0,0,1,0,1,0,1
test-08-001.jpg,data/test/data-00008-of-00040.arrow#1,b69bd5fc82df915eb1b063c6dce4dad45c7d7e37cf3e442ca17a1dabbef4db70,dcc3e19f662bf56a73c5105e65f116706130d4ff694f0a68405d349f9e6f934c,0,1,0,0,0,0,0,1,0,1,0,1
test-08-002.jpg,data/test/data-00008-of-00040.arrow#2,c1d8782bba37b5d095833242eee589e39b07320f447c34af152ed5e6bbfa2e77,78f261b9312056326b9274ceeb4384f0cc7e1435d41d5cb9cad790e93c2c6e77,0,1,0,0,0,1,0,1,0,1,0,1
test-08-003.jpg,data/test/data-00008-of-00040.arrow#3,ca59913f778103a0d65f234be7d9ec82b10c28af1fae419be2fa5f23ae42cf94,ae9964fa6ed217afb186e9f7e73f9b5c25fa44c9e926b7716145e9c1469eeefe,0,1,0,0,0,0,0,1,0,1,0,0
test-08-004.jpg,data/test/data-00008-of-00040.arrow#4,84223aa8075f94a0bf6a9ad613eafab65219d3d15f78683d3a0b49f8eb053ec1,bae129c92f5c6192e73477d8f00050a30fd2baab6b1d35d7ff619bca37977a98,0,1,0,0,0,0,0,1,0,1,0,0
test-08-005.jpg,data/test/data-00008-of-00040.arrow#5,4f406f6045c2efdd674843e5bf398980a95a344a94859fdbee642b489313657e,33d17f51bd41c92771f8edd6fdd7fade7e79d7f65e84a9fddf323cc831c79792,0,1,0,0,0,0,0,1,0,1,0,0
test-08-006.jpg,data/test/data-00008-of-00040.arrow#6,8b494f679a0f0a90b5d39a038ef2e302e571028a75934647bc6cd493ff0add4c,3ae290e5bf10f0b038fce164d2206e7046208139bab9f30abfa9aaa4f60e13b2,0,1,0,0,0,1,0,1,0,1,1,1
test-08-007.jpg,data/test/data-00008-of-00040.arrow#7,d815496f70513ccfa16b0cab9db663616d128c2451e234bfe3dfea7319b5c3d8,13e0831db3bd4f21114651b2471b71cf7c5bfe6363512dfb7fc6e5e8984704b2,0,1,0,0,0,1,1,1,0,1,1,1
test-08-008.jpg,data/test/data-00008-of-00040.arrow#8,543616c581c2df95eefad74414263babbaef6d33e4953dc433ff5d8d1b88ebd9,3fbcddd093ad9a2658e9e6532ad9b2da4ce74640f3726022fd31eaf09c87308d,0,1,0,0,0,0,0,1,0,1,0,0
test-08-009.jpg,data/test/data-00008-of-00040.arrow#9,0716083c6936fa64525753c38e51907cf5d680773df8e38111650d58a7fed0b2,0e8d9631af85a02fb12e2b17ef9c4371f1246f0d64b2302027bbd601cf18b50c,0,1,0,0,0,0,0,1,0,1,0,0
test-08-010.jpg,data/test/data-00008-of-00040.arrow#10,989598b527f8c892f88dcccab6b185ac908a1624de026f973eebd3932e549a26,490ad1f259f16b8bc9122cdd04ce986ba005e99b1416ed32df64258202fae78e,0,0,0,0,0,0,0,1,0,1,0,0
test-08-011.jpg,data/test/data-00008-of-00040.arrow#11,3c2584366387af19b886a3d3c490e045f090fda3dfef7be163fca4b1cce706da,d7da6f82eb7052c37b154927f92ec2bbf620f444255715c10f2d3dfdd4111f20,0,1,0,0,0,0,0,1,0,1,0,0
test-08-012.jpg,data/test/data-00008-of-00040.arrow#12,9b0eaddc3d3ffd196380425a7ad692c9cdfcce9b268127b6e59460ebc298db0b,72e977e69c9cd2c4d470352d1bb25706fd3c66a9f83c69fce51449ae568a3341,0,0,0,0,0,0,0,0,0,1,0,0
test-08-013.jpg,data/test/data-00008-of-00040.arrow#13,8c2a4ead59ef3d87c2c17315541fb37e996d1e5dfee9fb2ac71bb6beea7de821,266e2b9eb3f4e62f03d0c1281386f41cd91c689152584f54df8a292421354b3a,0,0,0,0,0,0,0,1,0,1,0,1
test-08-014.jpg,data/test/data-00008-of-00040.arrow#14,b1f2a482826ecf32a6d4edbef106c651cbd15c44a53e4ffafdd560a7c2ffcd0f,9aaa7bf0e73f17ba6f6c490d368d5162ac628c51a7ea189465df1225686a3c42,0,1,0,0,0,0,0,1,0,1,0,1
test-08-015.jpg,data/test/data-00008-of-00040.arrow#15,1f02dcb26f9c48358dc713b431a37dcb63634613afa3a7094b354bceea6cd5ee,550b14f3bbc7363ba603c5ac46309dcd3f9a8ed9de5c1677fd1d294640f133e1,0,1,0,0,0,0,0,1,0,1,0,0
test-08-016.jpg,data/test/data-00008-of-00040.arrow#16,8ff8e05120a46ccadfe59893a9270571e19de819a6a1a5c8b6304ae45e2e726d,dba50b06bb07717bc51c53499195234ef12f2cbe2dc169c707bc150c933d460a,0,1,0,0,0,1,0,1,0,1,0,1
test-08-017.jpg,data/test/data-00008-of-00040.arrow#17,0cc352a2cb874c7f77d9689a938087aeaefb50bd4b41f52c51b4c079ba0d14a3,5821eca4725d32b8a74bc7ed643a6127036705c1a599fdf88c567793e0f4fa65,0,1,0,0,0,0,0,1,0,1,0,1
test-08-018.jpg,data/test/data-00008-of-00040.arrow#18,24a40f54a10839747b36af738ac66c2a70f7fafa57dd20caf47169a5a3666f17,09b015afba9aa030298f43ed00ef45d8979098302c7a6517e245a9113ca13048,0,0,0,0,0,0,0,1,0,1,0,1
test-08-019.jpg,data/test/data-00008-of-00040.arrow#19,6eaa751b19e0ddf98690d5395a40dee76755dfc5f4a91caeb26df89307aa3508,b24907258a318e849cf6866eee5e1f1599d731c94f576def3ffe885634394f7b,0,1,0,0,0,0,0,1,0,1,0,1
test-08-020.jpg,data/test/data-00008-of-00040.arrow#20,a1933181181807489157b436d42f484a2b08aa45454905d32f4c29b3afa8fdcd,343603dd56d5ad5f0eecfb3454385ff0abc581d1387ee83b93878be1719b01be,0,1,0,0,0,1,1,1,0,1,1,1
test-08-021.jpg,data/test/data-00008-of-00040.arrow#21,63ceb44145f86f61309ea85bce2fdd383c6314e544682968dc2bb10e4a53bf78,58ee5732c65e9acff21b8ac1e0f2900dd1fc1e6ff92712859c049a3379248cbb,0,1,0,0,0,0,0,1,0,1,0,0
test-08-022.jpg,data/test/data-00008-of-00040.arrow#22,ba7713484937b2595870d7dfb3b7ef7f7611b52bb6f4cb3c3a696671b332c563,6daef8c7ab027e64e91f8d324c99090dcf1a1db6a9d3e57abaacd043fa2be705,0,0,0,0,0,0,0,0,0,1,0,1
test-08-023.jpg,data/test/data-00008-of-00040.arrow#23,75e73cfd6c45005216dcd31652574d8a52e90cc11dc63e2db9b181f6729a9631,a4a6eea870b157f462e2e01f52631c2f4979e3d36bf1c44b58b8e13050836a1a,0,1,0,0,0,0,0,1,0,1,0,1
test-08-024.jpg,data/test/data-00008-of-00040.arrow#24,839c4251bbcf8c7dbc2fa955ce41bdf4821dacdf6657cae0ac3ef3b0496570fb,83d8587bd28c6aeaebab2678736c219b1859fb9726dfbcbc26d5bd4ac511a6f5,0,0,0,0,0,0,0,1,0,0,0,0
test-08-025.jpg,data/test/data-00008-of-00040.arrow#25,ce4f2d3e874bf04b0c385d04a5e45f48cf95105c53fda0dac9a799b8efb46392,d056264d2a76461cb8dc2b4f0711ed2bcae42e40ead027a09a9f3a70c7e156e3,0,1,0,0,0,0,0,1,0,1,0,0
test-08-026.jpg,data/test/data-00008-of-00040.arrow#26,af87fb22309b8568129544e5541dc06e0523cc23fd62dbd55cda632f4a55aa10,b7095dee895e6e321509b46c90d222d298f1cd5ddc28d9a4ba09d1340b4a5743,0,1,0,0,0,0,0,1,0,1,0,0
test-09-000.jpg,data/test/data-00009-of-00040.arrow#0,0f8ec5760e20ab448dd038a2801f19827714e6437bfd8e47ddd046da3510db15,6c210683f472a52e0f01ba1ab11375d02a0c0540fc7c38c9358596e841f228ee,0,1,0,0,0,0,0,1,0,1,0,1
test-09-001.jpg,data/test/data-00009-of-00040.arrow#1,ffe1f78f99a9b27db5abbdf4c0714039d7d7300e3b8b6a7828318bc39ec22bf5,8f51dd1c5ef5fc38944447b546fa9e0b983de16d1f8380e65ced5d135a1c6f42,0,0,0,0,0,0,0,0,0,0,0,1
test-09-002.jpg,data/test/data-00009-of-00040.arrow#2,d07a512bc86666f3a9d372f40655af15cfb0dbfa1a376a2327b6d9cd80a955ce,b31508b5cf844db0602f089feea5f41fd1b1e55c3c6a8afd2c6d6f05cd7240d0,0,1,0,0,0,0,0,1,0,0,0,0
test-09-003.jpg,data/test/data-00009-of-00040.arrow#3,f0e5b9fbbf627e8a39b7a2eaf8082b52f9150535c077f029d03e73dc218870fb,2a2855868f98052aacf541dc376b4eb8291fe708b99948c87bf57809e41baf74,0,1,0,0,0,0,0,1,0,1,0,1
test-09-004.jpg,data/test/data-00009-of-00040.arrow#4,d157155d6490191e40c31014261e831179e7c1fef8f7063ba0877cc3cc3a518d,07895900b152c0ef71ff7481e90c13fc36c16887cb169aee92cb68a354f48192,1,1,0,0,0,0,0,1,0,1,0,0
test-09-005.jpg,data/test/data-00009-of-00040.arrow#5,a8c68dbded9a59641890060bb6b7b61a00876b73712f3f3f0c1100bb0f9d68e3,4a146608ada9799f2e0b7a16805a8b9b78f4f1a0d8c2a3aaeeb18b02b5ccc3c7,0,1,0,0,0,0,0,1,0,1,0,0
test-09-006.jpg,data/test/data-00009-of-00040.arrow#6,35117319fed38c97e922c981c0a950dfc4210b671e90601932b92f499ae0273e,33c513e78bebd29847d1f999057eb235bb7f0adf59b1272d0cc78cc68584180d,0,1,0,0,0,0,0,1,0,1,0,1
test-09-007.jpg,data/test/data-00009-of-00040.arrow#7,b678099a9b3b756d8d3e0e5e5b47f1d8ed7ff2b401a7e8a38abb063e5b6af7a9,8a51be1ed06920f2ca7e32d550c20053ad04e9b24d06c5a24de244665deaf17a,0,1,0,0,0,0,0,1,0,1,0,1
test-09-008.jpg,data/test/data-00009-of-00040.arrow#8,d77e4ba3889b57782a31613999f425287e5e4c9dcbe70eafbea810275e0f9631,d962104ccb0be00d238bed53a26b147644083a29f8e7bc5d57dc6d465d6c3c00,0,1,0,0,0,0,0,1,0,1,0,1
test-09-009.jpg,data/test/data-00009-of-00040.arrow#9,7a422d3c6fdd18a718603c3d6ec83a2f6fd6b898793334d95d5b2607b294a70c,6e3bd3228a9b81fca19903bb87daa2b63673c8c3feae316ec07eae5d1d017cc1,0,1,0,0,0,0,0,1,0,1,0,0
test-09-010.jpg,data/test/data-00009-of-00040.arrow#10,1b5a453ee5d1d9f6d33f59b0c073812101aea76c5bfe3f97ac4191e6213781d0,10b5de68e600e21a452dc3ec8e966498a118959b5010e2155a32667f1e5d958f,1,1,0,0,0,0,0,1,0,1,0,0
test-09-011.jpg,data/test/data-00009-of-00040.arrow#11,9561da1470d820392161f5aeacc735693e768f7896b51320e89c6c41f7946643,7756222c0e74330009b2d13533106acc6bb0212e87a4b89d3e90a80766a68fe5,0,1,0,0,0,0,0,1,0,1,0,0
test-09-012.jpg,data/test/data-00009-of-00040.arrow#12,1ce350b85222796cda91fd77ee6b8cbf1febe0b8d25ba47fd4127d7f96cf6f83,8aee14aa81dacc41b5eb1591c05753799ec4adcfe0feca2ec3ec25ef72f3ee83,0,1,0,0,0,0,0,1,0,1,0,1
test-09-013.jpg,data/test/data-00009-of-00040.arrow#13,90b3c093dd61b3da83a0c8c6d044afc3277227ba021a7e8b57b1652d275f8192,a416f0e5491d1ec2b19d67a4f809576554dfbafc5409396a45ec1c022d9e6c11,0,1,0,0,0,0,0,1,0,1,0,0
test-09-014.jpg,data/test/data-00009-of-00040.arrow#14,02cf91123e7689e660d5d417bc63c3d64bb47dec5343a8160162d8f9124d5c86,fab9308f14162bac9ad02368d8a0b7a1f225d26d133e0ca5b069b2e09e038373,0,1,0,0,0,0,0,1,0,1,0,1
test-09-015.jpg,data/test/data-00009-of-00040.arrow#15,1af4a9cf77c0198a1bfc50a9277eaa4f445e4c6a38335b7e4305fcfdb2844849,4ad3c1b864ccdcc1bfe0ecbc2fa9686c70fc1b4669c8d5e3c6c9f5e4afa145ec,0,1,0,0,0,0,0,1,0,1,0,1
test-09-016.jpg,data/test/data-00009-of-00040.arrow#16,38c403cf6f3e3df648d7de2c0999c5f14d29476d49ece3595f77df6d2bcb2d2a,50d0a5a834b6251fb8d18f8c79494f1229425c2af9a59fbcf334394eb15e658b,0,1,0,0,0,1,1,1,0,1,0,1
test-09-017.jpg,data/test/data-00009-of-00040.arrow#17,d71d3c4b57e2c6207eee61c6d3a9385d655cb0efca0d9c565395bb8797833c84,883e12e087c6517b4bd5f7461aa1e89d86d8ac2aafe5b2fb6c80deb68dbff4bc,0,0,0,0,0,0,0,1,0,1,0,1
test-09-018.jpg,data/test/data-00009-of-00040.arrow#18,8d525db51c99e87bfbddc51bcb12165d34edbeb4ce5c9b3019bf1b7002189c6e,623de05ffc10fecf383138bb974bf2f7bafda11d804dac563a5974ea7b7352e4,0,0,0,0,0,1,0,1,0,1,0,1
test-09-019.jpg,data/test/data-00009-of-00040.arrow#19,c3ff895d970eadf9d662230f93a5cd642a9893bb1dcef332c3f9eb58bd019466,480ceb6a6a5f6c475599c1c05a7f7ea4ececa8b63dad57acd1c1ada66357409f,0,0,0,0,0,0,0,1,0,1,0,1
test-09-020.jpg,data/test/data-00009-of-00040.arrow#20,d2dd560d3b4d480794565bee38d61e3bf493b1455e2728a3e6110b3eb7c3fd77,3709e19988efede885f95c666a7a77e5b0e73be6857e7874cf8930b0fec38d92,0,0,0,0,0,0,0,0,0,1,0,1
test-09-021.jpg,data/test/data-00009-of-00040.arrow#21,42bfb595319165d5b1f28b02857c6699e7777f3c1756b61e6b0d438dcd06c7f6,e045eafde0e2268b8a2b3906893ada53b047d19320c6562c3a4e67b40e8277cb,0,1,1,0,0,0,0,1,0,1,0,1
test-09-022.jpg,data/test/data-00009-of-00040.arrow#22,0152456e7919c9cea07aecaba96c7aff75cf52105919a8b904b1f0637a1f29f0,50585ca4d329275aaeab9fadf85aa9005c91155d060b22de23a280a48e105ea3,0,0,0,0,0,1,0,1,0,1,1,1
test-09-023.jpg,data/test/data-00009-of-00040.arrow#23,37439ef5183e35381487fcc3e38dbc8a40700c8f4a2679e62c9888b5692e668d,796a04babeea78d9c9979cd06b96e404a3a6dbd05325869762ea3e8cb5fd1afe,0,0,0,0,0,0,0,0,0,0,0,0
test-09-024.jpg,data/test/data-00009-of-00040.arrow#24,394291e49b631ca2218a30aca3f88a874103fc8c826a7f9cbf5b66cafec4c7de,ca653e48ac41adaa7bee36f49874d49610b9a1be2cc72c55b3780d9263c3f92e,0,1,0,0,0,0,0,1,0,0,0,1
test-09-025.jpg,data/test/data-00009-of-00040.arrow#25,0306a98f631079f67d1e8283851c0516c8e9c0ae7dc5dd35ebc903f768aba5ce,6c6ab9b7d89d24d1bb85e54db459a11e20be6fb7ebdbb7f0340740efcd5da4f2,0,1,0,0,0,0,0,0,0,1,0,1
test-10-000.jpg,data/test/data-00010-of-00040.arrow#0,f34942a3cf4043b12dbee571bfce06c5ea60d9223c75339df290e4b700eefd4c,c807ea655d8015f858c8889c8ef8d5275ca17e5872eca481d97c069a89b373a2,0,1,0,0,0,0,0,1,0,1,0,1
test-10-001.jpg,data/test/data-00010-of-00040.arrow#1,05e3119adb01d4d400d4e20ac02d94dbed87967ec9d2116418bdd1466dfcb778,8753816ae8ab70961c53975ba9ceb014ed5ba8b102656b422ba92955953ac35c,0,1,0,0,0,0,0,1,0,1,0,1
test-10-002.jpg,data/test/data-00010-of-00040.arrow#2,e2e21c3f6cf1ccca12782569db49e3cfe72d1c7f1fe3dc5f5631ef96f383e59f,0d10e6160de413630b3c33c1ce7d61b39346830c15173a520571e709f06117bd,0,1,0,0,0,0,0,1,0,1,0,1
test-10-003.jpg,data/test/data-00010-of-00040.arrow#3,b3a56268d2130cafb27e7c6ed2c5a2ace09fa5cac531d757ea11ea1a210a64fe,064314d34cf782b993577b84646902909e734a3f657ff73aa36713d3fa69e979,0,1,0,0,0,0,0,1,0,1,0,0
test-10-004.jpg,data/test/data-00010-of-00040.arrow#4,8dc8dc49815de1d3375f915e729cccd5e4db8f925422b7feed4c5fc62c4f7548,ca9abdb303cfd82caadc10b7505dc2ba2a15518958a7fbb4d5dec7b28a764e8f,0,0,0,0,0,1,0,1,0,1,0,1
test-10-005.jpg,data/test/data-00010-of-00040.arrow#5,6cc82a06792bb673a96f591104931b9671ea9d48f248f8c67626004e75670b20,6bab1aed899ec8b2f015fd499b4b656b39bc287937e0769c111f8a5cb2444086,0,0,0,0,0,0,0,1,0,1,0,1
test-10-006.jpg,data/test/data-00010-of-00040.arrow#6,3c29f719c1cc3319c4e2cd53c11c09f23180fb47b99fc2c1f4df40f9c55e9e34,b423e7ba353193b81f1e5e2d7f7c4d23c40d1f12b7c9883a6591418a77afde3b,0,1,0,0,0,0,0,1,0,1,0,1
test-10-007.jpg,data/test/data-00010-of-00040.arrow#7,f3bea11a6499c95da77f5f50079acae2930d51425f3e973230d19969460c43fe,d5c0c56b6dd99b4b664759741d51d70652040605bbda738810577fdfb14853da,0,1,0,0,0,0,0,1,0,1,0,1
test-10-008.jpg,data/test/data-00010-of-00040.arrow#8,6b57cf37fab2c6d504db63dc6d878c8d841c5a4cfe398f3d9edda16a452573bc,22e4aca4d7238566eb8735511c3fd31ffc39a505f39d7cbb7e0b1fe5441213f0,0,1,0,0,0,0,0,1,0,1,0,1
test-10-009.jpg,data/test/data-00010-of-00040.arrow#9,89642df6cdb8a0b5f2499d64a156791de584ec9da1d82aa46c084d8a9865e964,98941e8b8d119c77524e7134560d727b64712e7148b6ab4435cd86598684789e,0,1,0,0,0,0,0,1,0,0,0,1
test-10-010.jpg,data/test/data-00010-of-00040.arrow#10,29ebe23ea3a9f90d659f70e1585ad0188596498ac7fc6edbf974bfd021e900fc,d340c522ee1b63510c8327edd0f71ff91bd9d25f845f49ba66aa1f6fd57c147d,0,0,0,0,0,0,0,0,0,0,0,0
test-10-011.jpg,data/test/data-00010-of-00040.arrow#11,9bc1a075b09c87f17748f75c18e6bc8901843256e5f9c71fe3af57dceef9b22c,8567a17108a81e047695f60349c43a41c07c4e08ea3b6f0e2763ddbbf1aafd67,0,0,0,0,0,0,0,0,0,1,0,1
test-10-012.jpg,data/test/data-00010-of-00040.arrow#12,15d470b6ba2ea0f0d893d1c821212f5508e75e1eff025c0ee0f97d1a6f4a9cf8,c3828a9afdefe87217ff2f7b0368f7d691b114ee7ba272367634f8bec9ccb9ed,0,1,0,0,0,0,0,1,0,1,0,1
test-10-013.jpg,data/test/data-00010-of-00040.arrow#13,ff66a8b050bf0b6159fd67eb7cdc43ecd21b37b85c56145eea6f14ac37fdaedc,82b635a0f26843e5f77d208c92d7ef4f1a176a0e06283d7a8fdc284be998265f,1,1,0,0,0,0,0,1,0,1,0,1
test-10-014.jpg,data/test/data-00010-of-00040.arrow#14,85f9729ee35a628bce5a6529c4ffd0ae16e0637cfb4d010853c5aa60e82655e4,3672600381089e4b5b51534bb97a106962c854dcdb7376ffd056abc3331b8531,0,1,0,0,0,0,0,1,0,1,0,0
test-10-015.jpg,data/test/data-00010-of-00040.arrow#15,654b72f7ccdc8051ac611474a8b5d7a0a2348077026869d4c9b22b2c0d8f667b,052cbcb1eeb18cd9fe247b7b8a34f09e6fc1e5c2c91be7dd0230e5be5725d10d,0,1,0,0,0,0,0,1,0,1,0,1
test-10-016.jpg,data/test/data-00010-of-00040.arrow#16,180665a6478249674c7ec51498609ef9b9441c7b7b3778b2959f377f5f973250,5ce85f70edaf4c2901a52015100cc3dc74f9975ad6e9b88954eeae1a882e4cf8,0,1,0,0,0,0,0,1,0,1,0,0
test-10-017.jpg,data/test/data-00010-of-00040.arrow#17,b23231f27c634f66573bc32700b78214f347fb5233749de5c69cb0c3f513eab0,88d0fbb0027cfa969e8e7dba5d0a137e11c70f3ef64a90bb4bfb3a955bb6f26f,0,1,0,0,0,0,0,1,0,1,0,0
test-10-018.jpg,data/test/data-00010-of-00040.arrow#18,c317d96b252da6c73f3135139d7f8ae3701a0a93c9c66bc961b7dc2d0f7f9022,80100d2614a39ec2bde243271480ba9faf2efb027ed19c8e5899f7991eff33f5,1,1,0,0,0,0,0,1,0,1,0,0
test-10-019.jpg,data/test/data-00010-of-00040.arrow#19,7eefe722d38c85292635ffa521ec3d0a485a3dfed0760b15b95df86d6bef4e2a,ce44dc09388562dd5e02cca54270a4ad913efe01971900c0a2257a27ef6cc50e,0,0,0,0,0,0,0,1,0,1,0,0
test-10-020.jpg,data/test/data-00010-of-00040.arrow#20,d1527085291956ece770ef6064e1e6adc133eebff64dd8987fae071231a313b0,038d71a96acd6229d3b7144b746f2bbccc1c0ba9e04f27e150b5823e67b3bacd,0,1,0,0,0,0,0,1,0,1,0,1
test-10-021.jpg,data/test/data-00010-of-00040.arrow#21,1f3bc83d3d493f3670d1da2e03446cfe40e99a4544e710c3aa3c6ea5abd52b5e,511b1298de43b364fb3ceacc18c63ecfe19f834cd9f16f71f9265e41e4d57585,0,1,0,0,0,0,0,1,0,1,0,1
test-10-022.jpg,data/test/data-00010-of-00040.arrow#22,a872d402dc60903d72fa49b6c19025efcc5c9151118b251995765f0984e7cc09,67634231eb42ea8000d0ce7ecbea3e25309aa99870ab842685cc93226256b87b,0,1,0,0,0,0,0,1,0,1,0,0
test-10-023.jpg,data/test/data-00010-of-00040.arrow#23,baa3c482535fdeffd28fd625d430954bbe4ce27647a1a4586f65d1d34bf90708,b46b9a95e611133ecd23a0c52420a7d296121e070f7a6cd83e93d9de133314ce,1,1,0,0,0,0,0,1,0,1,0,1
test-10-024.jpg,data/test/data-00010-of-00040.arrow#24,e34284514a054ac4fecd146349ae89e30cc4314ece9cb27495086bfdcf05a722,4ab7cdd525f6683e1469df689fdf6c1f2234917013af2e15b32973373ab4d4a9,0,1,0,0,0,0,0,1,0,1,0,1
test-10-025.jpg,data/test/data-00010-of-00040.arrow#25,313f51702b1b4d6d03f5bfe6730cc4dcc8f15b17f5f82328f06808e0c4568205,d205595df9cab47ba3eda81c605bdc3e217d28bf1f7d7b7c129f046254b3b032,0,1,1,1,0,0,0,1,0,1,1,0
test-11-000.jpg,data/test/data-00011-of-00040.arrow#0,1cf6a883728e528a5475bccb8c320dc7a0afa5accb52706616205edcdcb7b02b,22c3191ac03bd0cd4d615dd677a101dbd8bea93d2fcef0e3882889edc8bd5d17,0,0,0,0,0,0,0,0,0,0,0,0
test-11-001.jpg,data/test/data-00011-of-00040.arrow#1,c063b450420003d2453be07f603ba20a66f94a7298ce4756a6bc9f419e620cfd,cf32654a83651c0f755d7b5cb39581e0788ea2bfc65c872259abeaf0f4d937d7,0,1,0,0,0,0,0,1,0,1,1,0
test-11-002.jpg,data/test/data-00011-of-00040.arrow#2,0fa9d9fb2e7bb95a21d17ba5f602d1642e6d4d74972b58d1837a42a19b699075,85958f9224c0027e2f424aad3207d3f15f76786fdc634e5b0da33565eab08247,0,0,0,0,0,0,0,0,0,1,0,0
test-11-003.jpg,data/test/data-00011-of-00040.arrow#3,06a8f3893b25874f722c39aadafde44efe2d628258064868390dca074c27dd55,9d8aa2ad84622b3cfce275f58a57242e95de3edba7e7644c8c563bf428673ea8,0,0,0,0,0,0,0,0,0,0,0,0
test-11-004.jpg,data/test/data-00011-of-00040.arrow#4,d84f992c387cbb8459e0107a70ae96a392900cd3dfd52a720ac847c8a13e4eb9,6bc80470ce288498fa7040557d0133c369db68b990d4f156999ee792ba9b2999,0,0,0,0,0,0,0,1,0,1,1,0
test-11-005.jpg,data/test/data-00011-of-00040.arrow#5,1ea39f347559b084ce4645481b7c284e325d247b81a25b9ca950dad8994a9773,725f712696f23c484dfa2e4412dbc8bd761f75b4e5a5c6c2095a10a6557277ae,0,0,0,0,0,0,0,1,0,1,1,0
test-11-006.jpg,data/test/data-00011-of-00040.arrow#6,bf083d37615a1c75fcbf2a43e3372cbf2f3866f3cb67d4c29b3f6698d50df70b,456a09282a01254fd30c479d869c148a58471a67eaba55a0db15480e7907fdf6,0,1,0,0,0,0,0,1,0,1,0,1
test-11-008.jpg,data/test/data-00011-of-00040.arrow#8,44c1dbe9ece9005ff08b95de86996651a9c8174c4eb50a797a3eff611485bf49,ce0d5e529fa69b710b364dfe6eed440f06347e078cb2484d12d7160f79f5f6b2,0,0,0,0,0,0,0,0,0,0,0,0
test-11-009.jpg,data/test/data-00011-of-00040.arrow#9,01ad9eaace145384075cb71b494626314587eb32ebbdfd991f23ba8e263488fa,d4ec6ce3598002695528a9d785a261e04b4396f19ae22ffe4be8ee921043153c,0,0,0,0,0,0,0,0,0,0,0,0
test-11-010.jpg,data/test/data-00011-of-00040.arrow#10,34d231a36dcbc02b2b1e22d0a1cc86812f3fd90ba26bab49bddfa4c56f018343,bca1be43b88d75057823bffe755a04b821072c344e7479a1f906dddf761f973d,0,0,0,0,0,0,0,0,0,1,0,0
test-11-011.jpg,data/test/data-00011-of-00040.arrow#11,b709bab425590b7a53b0f1bdb99aca10c1fa4f806d8d8d246ba7ca9c86c2090c,d1db46478de7c81ade6b6f7c25db75adc943f9139ec4f48dcd0d41ac6e8c7ab8,0,0,0,0,0,0,0,0,0,1,0,0
test-11-012.jpg,data/test/data-00011-of-00040.arrow#12,7f9c7b33b8e823d9c7e6c26d5da0530f565b55f440e86349b85ae84042f576b4,3678502990800292ba5dd58cf2d469f4de06137aeb643582e67d3b1f2bf88f19,0,0,0,0,0,0,0,0,0,1,0,0
test-11-013.jpg,data/test/data-00011-of-00040.arrow#13,1dd07b593eb180ce323e75a38a217e3846d80fc186d823fabbbeef3e2cd8c87c,87996bbc2306f821fa031362e4ad515e0a8c85d7674a21d039cc6404a60bd65f,0,1,0,0,0,0,0,1,0,1,0,0
test-11-014.jpg,data/test/data-00011-of-00040.arrow#14,29d9ef2341c4bb66084b429a8aefdaf1b243d3cbc7688a2b995f94a0bf5e1f7a,ef71d3eb39332ac4cf519d21e8653452cd8db15f69db7205851ad61b47f2f306,0,1,0,0,0,0,0,0,0,1,0,0
test-11-015.jpg,data/test/data-00011-of-00040.arrow#15,40d68a7b8d3ef9a0852aafad336932c60912312f7519ec6cf26af8f5cd5a5867,c01afedb2c27d230574531a343acc1f31a9c473ba25c9dfd9c2e371ea880d6ec,0,0,0,0,0,0,0,1,0,1,0,0
test-11-016.jpg,data/test/data-00011-of-00040.arrow#16,607b70f002b1f67c34db4464b063e4498cbef137af30381b63beb30772b57acd,015c73507df9000c7f2d4f937a80ffeaf373997bba7efc4d809ff233aa007ba6,0,0,0,0,0,0,0,0,0,0,0,0
test-11-017.jpg,data/test/data-00011-of-00040.arrow#17,c3ff4e72f34f43e87ae4091e7a9c80196cd199e96fa46901052d920c3ac55b3a,901320c98283e6253b9beab4cbd7d71cbea165334186ba532276554212da45dc,0,0,0,0,0,0,0,0,0,0,0,0
test-11-018.jpg,data/test/data-00011-of-00040.arrow#18,94728f66307cf1efd0f01f0b292deba94be5e099a338fa56bd26292241cae3ff,2bac25f4a925b1be16838af39da9ee2706fb2cea59beeaf803a3b533df7d7469,0,0,0,0,0,0,0,0,0,0,0,0
test-11-019.jpg,data/test/data-00011-of-00040.arrow#19,098a9525f0efb04bdaa594215cdc97611a624c70eaf81fb044fb2a07b65e1c88,dc6a92cbd9a70b46d0bdf12ca6b1f044abf3b01ac6d820bd715c9097c4264911,0,0,0,0,0,0,0,1,0,0,0,0
test-11-020.jpg,data/test/data-00011-of-00040.arrow#20,8c0cb3d0b919aa6951d43d3981eb4362ad0ba62af80334430345e736a208a273,8eb747eb56999933113c9b6f87d84acac0675092fcfdbea18722d5dda0ed41ae,0,1,0,0,0,0,0,1,0,1,0,0
test-11-021.jpg,data/test/data-00011-of-00040.arrow#21,9253afcf2866797b624a5391d6239821d96594cced6b172e92f7c52e07dcb8a5,6be14a519963d68d736ba4131d1af91239370597a870ed61cb9ecae96ec2c97a,0,1,0,0,0,0,0,1,0,1,0,0
test-11-022.jpg,data/test/data-00011-of-00040.arrow#22,0445eefe316b54eaa20bb47dccc34b17657e830213de832df4401cec67634975,18e743b74ad81ce5f456607232cf08b54b5a57cd791a1889f770b163ffe58459,0,0,0,0,0,0,0,1,0,1,1,0
test-11-023.jpg,data/test/data-00011-of-00040.arrow#23,18179a60afd0309b6d118df86ac3ff13e195eb1a1b0ae9efe8491e3a2d61ba26,b9ba6f459fb13a39e77887f77e1347d37d14f1e2a4671b79d8f6d32dffb5ae07,0,0,0,0,0,0,0,0,0,1,1,0
test-11-024.jpg,data/test/data-00011-of-00040.arrow#24,69c055f0c7ca1db0f456ff3e6d97f2670ca2a9de38532976f3f3d2f9dc711f1b,f70dacdd8d374437d435b389822f3f07cb86a7be6be52abec40cf739767581a7,0,0,0,0,0,0,0,1,0,1,1,0
test-11-025.jpg,data/test/data-00011-of-00040.arrow#25,d51a45dbf40308473e76eee45eb43dc8d662eae8f1aa0f128403bad36b65811d,3dd12aefc796391482b58f9ef81d1f365983401b212962908143be9c013f3500,0,0,0,0,0,0,0,0,0,0,0,0
test-12-000.jpg,data/test/data-00012-of-00040.arrow#0,b0bca44ad8e5786af66ac096e826e929c1d35a2c094e188235d0c5363c6fbd99,abb5f4906b5a3acf12d752fd69f055cdb5af9551d4af8fc0e4c05ac57c9a9825,0,0,0,0,0,0,0,0,0,0,0,0
test-12-001.jpg,data/test/data-00012-of-00040.arrow#1,c9ca8bb642e22c5ab666e37b00db2361ccfa951944aefef27b1b4eb2afd40d49,bcb72ae94c0bf507349f505d80656027dedf4367f561b8b45888c42d5f2bcfea,0,0,0,0,0,0,0,0,0,0,0,0
test-12-002.jpg,data/test/data-00012-of-00040.arrow#2,131c8a45b8e4097328a2f9fb22a6b074d5a17eacc8003909d543ef5ead4e3ef6,c9ce11afd4941bbd6b3c79117dd2869e796d0d40cbcb563f3d93d126b53423d7,0,1,0,0,0,0,0,1,0,1,0,0
test-12-003.jpg,data/test/data-00012-of-00040.arrow#3,fa26483ccc3ee1d7104004c0e2c0aff9488d2d65b7db24ebdd14aa4331b70107,d2f98545fc7445030b34f0463b31864a304e0fbf5f07b3fb2123775d39d36b4b,0,1,0,0,0,0,0,1,0,0,0,0
test-12-004.jpg,data/test/data-00012-of-00040.arrow#4,2d460fb51da6fbad8fc8971fb9405c5da8922e2660ab5c134170bc198fcae04c,5d0a0d9ba071339b9aa06af0d1542ee3e4071aed4f8ef8d9dad06a58a94dccc3,0,1,0,0,0,0,0,0,0,1,0,0
test-12-005.jpg,data/test/data-00012-of-00040.arrow#5,4862f5732e024c782435ff75e51f4991ca32030caec4074aa163edbb9746ea5a,d6acb33eb8c16413cd37fc870eaa910284f317f3cdcb9a9e37aef732857a2226,0,0,0,0,0,0,0,1,0,1,0,0
test-12-006.jpg,data/test/data-00012-of-00040.arrow#6,65ed1ca9c7e5622937f92d08cbe671b24637ab68a6b29c0c3411347fa96453db,25a4707d20cd4f0066aca0052e74f610cb6016d26e1974ce2c5e47a652f875cc,0,0,0,0,0,0,0,1,0,1,0,0
test-12-007.jpg,data/test/data-00012-of-00040.arrow#7,aa3958efffaffd578b54ac74079aac501a7ab70d43134f43dbe9033ef15fb718,f5f391c37dbe3385b30a19ae1629d423b11299e92f42b6196a20619ed209ea6d,0,0,0,0,0,0,0,0,0,1,0,0
test-12-008.jpg,data/test/data-00012-of-00040.arrow#8,9e04d456c5e15b57f1d5691b92b66193e6a52b00ab6c8ceb3ae1c45040df7419,6c9c26a6bce4ff32c4049912502733c4aa02ddbb4f6427bd2494b45e3af68a01,0,0,0,0,0,0,0,0,0,1,0,1
test-12-009.jpg,data/test/data-00012-of-00040.arrow#9,073d0753457a8b1f5dbc7dd18132f72546efe90a845c0841a3f3d9222af9b2c7,f9ea9fa52ec81972cf9179dc1109b510ac92b203adfe2d99941c4700d642b61b,0,0,0,0,0,0,0,0,0,0,0,1
test-12-010.jpg,data/test/data-00012-of-00040.arrow#10,74d630633ab07b90b7d53f7bdec472cb9645d8a44307b3f5427f5f94ae2ab04b,8d63eb681fc626f5cd5e0ddcff71197b9d1dcb68a5116c56ba52edb49ef4596e,0,1,0,0,0,0,0,1,0,1,0,0
test-12-011.jpg,data/test/data-00012-of-00040.arrow#11,bfb185fce608d277e6d7a2056b17e97fb47766dde54da398fa5da696c9755656,7a846e636ab7f9af8799b6603e8b2931ddbfcd446beaa31b3c239afd7a6db985,0,1,0,0,0,0,0,1,0,1,0,0
test-12-012.jpg,data/test/data-00012-of-00040.arrow#12,43b8618dcb88a872730d3b26b35c8df657c174ab4fd4d6606cd7fe9db977806c,afa192e46238af9ee370945745f0b7cacdbd1ce4fae41fa760fb37e63b56581c,0,1,0,0,0,0,0,0,0,1,0,0
test-12-013.jpg,data/test/data-00012-of-00040.arrow#13,d7f20bfd5f4fec98147d890c526d15ef02b64fa9b14fbd8ce554e40982a001e6,c645049d4605654a40b2589699a2203d242d91c525848f64565c529cd744d393,0,1,0,0,0,0,0,1,0,1,0,0
test-12-014.jpg,data/test/data-00012-of-00040.arrow#14,b979ad68413b20ec7d35a9d769c991bb99a3df1d9b4fa8d24099dbfed7aff3da,e60d28604933d368463dce2178b4cccefb8c6758d60b68fd1e54a9dc13d5e6c4,0,1,0,0,0,0,0,1,0,1,0,0
test-12-015.jpg,data/test/data-00012-of-00040.arrow#15,4cace08572e2244fc7c175429e54438762e94bcbdf030b38765f320092b9f17f,4ac3c1681896aed954035aac5abc15b0ce4c64ed556cc1fcf934777f0cbed631,0,1,0,0,0,0,0,1,0,1,0,0
test-12-016.jpg,data/test/data-00012-of-00040.arrow#16,748f1d478ccb125a90836ac1acd40d4e461008cad09e44d7dae9c7328bc2293a,878ae03fbfed145c94d03a35d13f95dc21ec2670c1fa70b36aefa17521d75f8c,0,0,0,0,0,0,0,1,0,1,0,0
test-12-017.jpg,data/test/data-00012-of-00040.arrow#17,7018c433493e2189b152114bf07f7acd9431799faf6bb8db5e44d517cdbb4df4,b82798c264b9ca0e12ed426fb8ddd1ddfe9baab5a2d87b1ee3533158cbae8d4e,0,1,0,0,0,0,0,1,0,1,0,0
test-12-018.jpg,data/test/data-00012-of-00040.arrow#18,56297fff91b3b5ff46d313bc814917791e6394aa4b7eb48b6e66f5227ac1503e,016d3c302017ea0653a4dbcd913dd3fe2cb5cc4f09b59d61bc1fcdc3a26ad617,0,1,0,0,0,0,0,1,0,1,0,0
test-12-019.jpg,data/test/data-00012-of-00040.arrow#19,00d825cf1e5572ab47d0a8fb587ef0fe267f4b5219e60aa703f84d3409965375,522cd55296612ac6d71ec38fa9c3b15c55ccb2143726fa742c4a13ca5eb0b442,0,1,0,0,0,0,0,1,0,1,0,0
test-12-020.jpg,data/test/data-00012-of-00040.arrow#20,37cb487237bd1b1d5f5f11cfe70b89148be70f4e079ecc35b4cd045a2fb2fd87,3b00c72fa728aaf1e1db15fcbebf9d91a15fe3ea6d5af66444db36ec5157f013,0,0,0,0,0,0,0,1,0,1,0,0
test-12-021.jpg,data/test/data-00012-of-00040.arrow#21,784f8c498125bb72e9800f5675ec692e5f4c3e917b507f00705cc04bf3dfd7a0,b11b7594742475359044866db2c859cb48c73415e347d4577a445bab3fcbb5a5,0,0,0,0,0,0,0,0,0,1,0,0
test-12-022.jpg,data/test/data-00012-of-00040.arrow#22,29f23eb866541abfa8f46147f6e17c5f0f9edea9eb9fb8c4680ffcc66ed8cb22,bd77501dac0d405a1eb3b7f6934664fc9d5d01820285e2102ced9c774360ef65,0,0,0,0,0,0,0,0,0,1,0,0
test-12-023.jpg,data/test/data-00012-of-00040.arrow#23,4d6e34ccd7b81ac3d6d3a699e875c5a6ffc8405ebecc07add56cea3c893ba8ed,6e9dc8ed887b1c37ae93bfaa2e6070c06e93cad8b5a254c11e33c06c78f6cc8f,0,0,0,0,0,0,0,0,0,1,0,0
test-12-024.jpg,data/test/data-00012-of-00040.arrow#24,93626826aac1fc129c8fd0e7aa4d8e7166dea7f49e5f904e59d25afccf39c45f,9d4c1b02962045b160a61516055a1a862bf09c43d4cdbe4be126743657afadb7,0,0,0,0,0,0,0,0,0,0,0,0
test-12-025.jpg,data/test/data-00012-of-00040.arrow#25,eeba1d046720bffe9911a670409e9eb37401803f4316c9e45d10feceb51fa16b,42efed7a17eec932feafdcd52bde129d78d494d1b1372e165838d3878cf2db5b,0,0,0,0,0,0,0,1,0,0,0,0
test-13-000.jpg,data/test/data-00013-of-00040.arrow#0,c1312ab0ea649cae6df195befffe3f31f2ff2de00edbfaee5ddc631259a93e31,463964c998420d7073a9792f7178df8eb65c45a50b84eca27900b4d5c593cf2e,0,0,0,0,0,0,0,1,0,1,0,0
test-13-001.jpg,data/test/data-00013-of-00040.arrow#1,c82b88f97a97794c247c7278cdc55b99b274afaa565a8807c7f7f5581ce408cc,e51a82430e2ae73035c860c3364efeb8e6893e861e2cbd5d79151644add5029d,0,0,0,0,0,0,0,1,0,1,0,0
test-13-002.jpg,data/test/data-00013-of-00040.arrow#2,b492b1a788d45fd78d8d7bc30796bac819771104b7ba10c37145efeee3e011f7,6f878074dd048e634ad4f4876b226e3b10d5885b4c5e12980e994ab9f7cb1bbc,0,0,0,0,0,0,0,1,0,1,0,0
test-13-003.jpg,data/test/data-00013-of-00040.arrow#3,7f568b97087ff56bf86d4ac7c3c737d84b83e1374d0a71fd7d90dec141420162,d9b616d850f33cd05bb77e073d1568531065951b38a77ccece3a8eb350985c82,0,0,0,0,0,0,0,1,0,1,0,0
test-13-004.jpg,data/test/data-00013-of-00040.arrow#4,4d2845abf100923a654c51649ae9aa3a6feae8a8bb8b85263e061496c0d42f27,b630b6898bd38c9b02282a416330781851892e07c62ab1d94e1f9424c416159d,0,1,0,0,0,0,0,1,0,1,0,0
test-13-005.jpg,data/test/data-00013-of-00040.arrow#5,493eedf3d23ffa246a766a26f9d58128c107cf466d8fb62ef3f9e8125f8bfd9e,7725a3874648961cd6e395f754c2d5a7da3747364eed23dde8952d31300f4c15,0,0,0,0,0,0,0,1,0,0,0,0
test-13-006.jpg,data/test/data-00013-of-00040.arrow#6,faee668ba2f3954e4a3dd78ed43acbb13632a7315a22cce7536dbf9d25e360aa,05f8e27d323ce09f6a28504560d27b9ed7e3a9e830be5ea4d79b669c7f16e519,0,0,0,0,0,0,0,0,0,0,0,0
test-13-007.jpg,data/test/data-00013-of-00040.arrow#7,09e5757aef2326723772f58e393cbaeee9de33ae2933edbbc58542c6e5f3d9ea,d6f6cb517be364791fb0e605f3c29312bf865ed2fb4ffdf1b5106df7444ecd53,0,0,0,0,0,0,0,1,0,0,0,0
test-13-008.jpg,data/test/data-00013-of-00040.arrow#8,7295559fb71869e40647b59590024ebc5e044d0c4db63b80398ddff902c78e9f,88ead3ad80dcd62ecba6e7afbcfbc14314c285903ef4934d5ed2a74a9137fa8f,0,0,0,0,0,0,0,1,0,1,0,0
test-13-009.jpg,data/test/data-00013-of-00040.arrow#9,8b03a5e24a80eae26aeac7fd706456ad78224469249c67df8aec1e86e52f5794,3b8b5d48191f7db68b8fe680bcab925370d453d4b583e026e9eed022f69d4006,0,0,0,0,0,0,0,0,0,1,0,0
test-13-010.jpg,data/test/data-00013-of-00040.arrow#10,dd3dab5f5fe431b3cfd2e592c3d9945ac26a097fee80fc519e6937ffb5cb6c4e,a311551da5c63accc7f14793b7a83f76f607ff470d0b9042a0c02b3dbaed0149,0,0,0,0,0,0,0,0,0,1,0,0
test-13-011.jpg,data/test/data-00013-of-00040.arrow#11,0135a9afc5e185ec89cd58b80e592f4ee39cf407deed9d6c7703ec441894f1a6,a8b963b92601deb430ffed5d4fb7876b18f03ba5fc90dcc0aa3b38dd72b7a77e,0,1,0,0,0,0,0,1,0,1,0,0
test-13-012.jpg,data/test/data-00013-of-00040.arrow#12,87dc149c6213df3625d38e9e6b655ca45be6887bfbf38301f8642150ede5e045,dda5165dde243986ca038aad391d7fc619d4fdf02b5e04a0f6237fa82fb1c659,0,1,0,0,0,0,0,1,0,1,0,0
test-13-013.jpg,data/test/data-00013-of-00040.arrow#13,1c3d47ec1edde49618077302689b55aef0f05faeb7e97ab4487182e9d093bdc7,a093fe5247590a4f297e28dee2eb5d13b7f598c7df66508378f242c381a9e2b9,0,1,0,0,0,0,0,0,0,1,0,0
test-13-014.jpg,data/test/data-00013-of-00040.arrow#14,66e43e229420baac3f78f73535e5c5edf20542569aea82a9db2fa1501ffd8583,8c89483949424054afc2529949ae8232a0020986791a7093d710f00490c78a99,0,0,0,0,0,0,0,1,0,0,0,0
test-13-015.jpg,data/test/data-00013-of-00040.arrow#15,d24df1ebb423611d3832898b66e0c07ec1f66b8747d5929be7289d7baad64d57,9a92ca06054de9bdc2d85ab61c12156a20bf41aef9180f31df937a73122ba9f4,0,1,0,0,0,0,0,0,0,0,0,0
test-13-016.jpg,data/test/data-00013-of-00040.arrow#16,4df03663cd79b7e7a0975eea583f87970498538ea39db0753d675e28b02af24c,9bdb6dd358cd8b4bb0bd66664168e52755645650f1f3f16411dc4e559d211b49,0,0,0,0,0,0,0,1,0,1,0,0
test-13-017.jpg,data/test/data-00013-of-00040.arrow#17,9e0f8e29a7d7d0152dc9995741813ba003520cacfff95ae6fc4aa1445881cd4a,31a21b429c26ae98cec16a5549a282f5f62722017ec396a680309e19b37c0353,0,0,0,0,0,0,0,0,0,1,0,0
test-13-018.jpg,data/test/data-00013-of-00040.arrow#18,d468fe81f49c68647108dad11612897d799d1bccfc5ba3edf560499fa4bef46b,b0342d578c7dc50ed5731d17521e308c5591779baf486dd00d55065d715e59f1,0,1,0,0,0,0,0,1,0,0,0,0
test-13-019.jpg,data/test/data-00013-of-00040.arrow#19,8e8e85aa933ccf2ea449594899a3d6bf02766555724ff909617ef188f011999d,54bc4b15b31b91da943e1989cba1d78b99d2d39e773989d46c19a64d14d5e1ac,0,1,0,0,0,0,0,1,0,1,0,0
test-13-020.jpg,data/test/data-00013-of-00040.arrow#20,1991fa6edeb1b5c7bff0ed1774af2d7adc01b8346d9e2732cd55b291ea1e19c1,723e4f326dd32a4a337f82697f13a0fb597a60381dfb7223811b6d162623eb5e,0,0,0,0,0,0,0,0,0,0,0,0
test-13-021.jpg,data/test/data-00013-of-00040.arrow#21,cebd43730730cfb6d0647f0889bcd4837ae080f296d9dc69bf2c142811482876,0d85fd30d6cf7d4620ef82ac90edac2f630491f19374522adda63cdbff6d2309,0,0,0,0,0,0,0,0,0,0,0,0
test-13-022.jpg,data/test/data-00013-of-00040.arrow#22,28ad0e3c52c4afcedd634d3feb960e614d491767d8597feaa956eed5e4b5ef01,bc9767cc6eb4f1dfe002d3d631977928c9767534529cd894189d0e1fb4ff43a9,0,1,0,0,0,0,0,1,0,0,0,0
test-13-023.jpg,data/test/data-00013-of-00040.arrow#23,558244c242000e52f6160026fd54f80025db472a53ac9f29c84680f62d92dbb3,c7f1987d91fa7f040c6e7957faae6d997e2e83d3e716aab6b66c18be7b733dc9,0,1,0,0,0,0,0,1,0,1,0,0
test-13-024.jpg,data/test/data-00013-of-00040.arrow#24,7eb8878b9b25d640c37febfb353a9b6d2d3b3b924c1b32f765d13fd864ce97f5,4aab71d1fe0bf6584a70464630792b0d812e4ea76ffa7a5a51d9b569c6cda135,0,1,0,0,0,0,0,1,0,1,0,0
test-13-025.jpg,data/test/data-00013-of-00040.arrow#25,fab31447c53ec2851fa8a7dae659fb001d1f44034a95378581156641008ad03e,018f8f51b2bf7097f7e2ef94aa420400a011b523e4f050c3b3a191b58a813d8e,0,1,0,0,0,0,0,1,0,1,0,0
test-14-000.jpg,data/test/data-00014-of-00040.arrow#0,3e073c8ed55a64580c7132e7ca413c10d6391529d5746a97e27577b20b62e05e,844c814b0ab3f0e1d4776158e69903a9ed81d585bc98b8a3f9785ee6b4dc9e2a,0,1,0,0,0,0,0,1,0,1,0,0
test-14-001.jpg,data/test/data-00014-of-00040.arrow#1,aba40048fb431cc61d3dbd686e065e024a3e4617b6a6487e510517b559fa9734,b3c91ba996153ec07dc797433b1eb850c418abdbe53e14787e183f6d29e9ca75,0,1,0,0,0,0,0,1,0,1,0,0
test-14-002.jpg,data/test/data-00014-of-00040.arrow#2,63b4a8f132d52e1be5489695a149f4cd3d6c9d00aa5b5b50b21fb86a1f9e0a9f,737fb8aa09212fad0103bfc7289eb96925da3aee0cb86fdff6f724bb3ea67dd6,0,0,0,0,0,0,0,1,0,0,0,0
test-14-003.jpg,data/test/data-00014-of-00040.arrow#3,57c1939985e66fa50dbff72e4081086fba29dd2bf761cd0895b5093436617983,6c5cc2189c5baa8122c004f8d8e1c6f193f627fb1e1cb9f3182535ee476c92d0,0,1,0,0,0,0,0,1,0,1,0,0
test-14-004.jpg,data/test/data-00014-of-00040.arrow#4,915020cad56ce7e69c2517c88b8faf410f2c67b3201c5e75209d5ea0fe098306,51d195d425dea11c8ed76d5c1501571cf3e320961f31cb0b387be98d070b2ec9,0,1,0,0,0,0,0,1,0,1,0,0
test-14-005.jpg,data/test/data-00014-of-00040.arrow#5,d82468b4cb8a125745a2f5b68e32c9fd50157febfb9a7324adc9e3642f4e8f4e,1843a575bf40800d2e209944f62cbb564417ae2d0986edba6f8bc2b7a4c3f6d0,0,0,0,0,0,0,0,1,0,0,0,0
test-14-006.jpg,data/test/data-00014-of-00040.arrow#6,ab41be63cf90b468bb92f73356b6bdf94c9ec269c2f739e6ebbf701f86b18696,a3091638d79ae07e3f35d9289c7f3e2ab43246a96bc3bc60c15909fb6dade856,0,1,0,0,0,0,0,1,0,1,0,0
test-14-007.jpg,data/test/data-00014-of-00040.arrow#7,13b2a8a6dda9589df1d87b4ef5541e22c5dd35e9ad17a62abaf8d7484e725de5,0ef74401d11a6a6eeb058b2289958b4e1d795e875ef19ee790b50a36c675c0dd,0,0,0,0,0,0,0,0,0,0,0,0
test-14-008.jpg,data/test/data-00014-of-00040.arrow#8,4a063349aea5c761036a85e5376784fdc01a322b7aa086910ab6932db4db2aa4,8d9a2e416e70587dc9c4f2fde37e7764faea7c86e0e4cf80bfe73ad843a9829d,0,0,0,0,0,0,0,0,0,1,1,0
test-14-009.jpg,data/test/data-00014-of-00040.arrow#9,22808453ed1daa398dcf7a56eb9c3305dfefb56a59a96bff68ba2667750ef65d,6efef5949d305c08998d88e4c2386a845daf159a29fe23259be25372c8066446,0,0,0,0,0,0,0,0,0,0,0,0
test-14-010.jpg,data/test/data-00014-of-00040.arrow#10,b7ed1820b53f98cdd685c15e7d27355bad14852958cbc7bc1260ed0e2f17abba,185a3defffc9463751939b37f3b261749d14e944906a7c271e78a8ee259c36a4,0,0,0,0,0,0,0,0,0,0,0,0
test-14-011.jpg,data/test/data-00014-of-00040.arrow#11,2b48851a6701608b46a9762f7b2e9f72970a9fa649c99548b301a4bfb335a0b9,b9b2c39c96f8171534810475721eef508bd6bd16f9ef107fa4ee88c38b4dff60,1,1,0,0,0,0,0,1,0,1,0,0
test-14-012.jpg,data/test/data-00014-of-00040.arrow#12,bda7490d1a1d65fa143b3fc3bfee7797cefdf045193172267e072e6196247a53,f59ef33e73ee806a745418a055c49a3ec6ee385caebf7c610ec897fc125f0e17,0,0,0,0,0,0,0,0,0,0,0,0
test-14-013.jpg,data/test/data-00014-of-00040.arrow#13,fadf6a1e5f0e09ee10d4317d5263033fbcd04c14110de3879c71e8235de02531,59b69314b533338a6208ad887a133fbbb8be52f5d009c139844dfa5a255d026e,0,1,0,0,0,0,0,1,0,1,0,0
test-14-014.jpg,data/test/data-00014-of-00040.arrow#14,0e299100918b0f080e5bce4c6261efef4cd3138921ecc83c739827877d407d30,ff7ed483a232b6e5184a00aaace60b3e4dc94b8aca2525591c2aac8a6aa8244a,0,1,0,0,0,0,0,1,0,1,0,0
test-14-015.jpg,data/test/data-00014-of-00040.arrow#15,f30e7e82c2b9b16a6b34055a9739cf38af096610bf3df4bd127cbb3a4cf33523,108c7be2b974dd8059fd8357f29acf76ed147fa7263f9047885e076a3dbafc4c,0,1,0,0,0,0,0,1,0,1,0,0
test-14-016.jpg,data/test/data-00014-of-00040.arrow#16,99d44333fe25409c65e4b771f8e5c3c15f113eb3ea9d0e9c3a474611cd1f5e82,6e920daca3734c4bee7c527542c8f1b925070ab77657de7f5399d65848aeddba,0,0,0,0,0,0,0,0,0,0,0,0
test-14-017.jpg,data/test/data-00014-of-00040.arrow#17,8f13a1b254affb85101b1698edf42f08f1a78e55ca1e48fcffd4a90abf787a14,87f1fb50b14d70b776c0d5f44752e14bf40094d00bd68ec4828d785118007a4c,0,0,0,0,0,0,0,0,0,0,0,0
test-14-018.jpg,data/test/data-00014-of-00040.arrow#18,a7ffdab16698a64e1d3588986f4b25cacd9c02c7a632faa26e7de4a9aeaa9dab,31c88a5d8ce85cb421656429af30df7b46d7a4bb9c3cce8f276ff29897c2b6ac,0,0,0,0,0,0,0,0,0,0,0,0
test-14-019.jpg,data/test/data-00014-of-00040.arrow#19,84289724edf93de5bea5375d411d3a213642a36cc6a3e91c91cbfb0de05c9d6a,b38c3ca459b0f435cc9385f42b3d9336ddac55985c06f4cc986c6392dd047d6b,0,0,0,0,0,0,0,1,0,1,0,0
test-14-020.jpg,data/test/data-00014-of-00040.arrow#20,591be05f29badf8d1b568d63128a8fdf67e04811f1d67aaaccc3fdda251b5534,382072dd8b0de7540f0ccb818f1cb0ebed02174f814e4a21a3eea143874b4a0a,0,1,0,0,0,0,0,1,0,1,0,0
test-14-021.jpg,data/test/data-00014-of-00040.arrow#21,81a25bfdb39332163bb1519ded3582206aeda47521521333c0f36ebd3a85f281,00e139199fc9077433845a4b1bfef3e65ddbad368f2bd20000a112097de9e839,0,1,0,0,0,0,0,1,0,0,0,0
test-14-022.jpg,data/test/data-00014-of-00040.arrow#22,88a546e4d3b3508c3695a6a2407e074291c846a9445561c4858ef94e3fa7d124,bd16d735027a274f7a73c2e9e4b0d80892279e1e2f789d66033a80082f5755b4,0,1,0,0,0,0,0,1,0,1,0,0
test-14-023.jpg,data/test/data-00014-of-00040.arrow#23,644f690e3ccebfcbc979dabbbfd146af79964848548273cd13a0e967e0271dad,32d89c6b9e60e4194c64776b33fe881a399ccc40ecfc75bb6545ca1153ec9e8b,0,1,0,0,0,0,0,1,0,1,0,0
test-14-024.jpg,data/test/data-00014-of-00040.arrow#24,7304040dcca9aaa509385e3becd7f59f0a96f4001d029b1fb7743ec20d8baa20,59240f69c30713f13bcc2993894bbc4d81314c95d497200d7d8482b12f78c831,0,1,0,0,0,0,0,1,0,1,0,0
test-14-025.jpg,data/test/data-00014-of-00040.arrow#25,48d6109fdf78dd8365a075c6645a0e5dc539666bbe4ffec4dbe08eb7b96a5516,eaa36b6765df5906d985d4491556ef9618cb55d9ceda7b1b98479f6de5e61faf,0,0,0,0,0,0,0,0,0,0,0,0
test-15-000.jpg,data/test/data-00015-of-00040.arrow#0,6103c093d7e4623e7d7365ff1a4b53d6e1a8b93141a008d4995848652db958ae,920fad259e92b805f445b82cd1bf499ed90935dab406618e140dc0af717255c0,0,0,0,0,0,0,0,1,0,1,1,0
test-15-001.jpg,data/test/data-00015-of-00040.arrow#1,f33b6bbfb0619918d924e302e376fbabc9a0bbb64042dcdd32e6aac4679a1f9e,983a19b1e13c4cedd240b0fe6e2387d6bdb27d11269b1c321f86b056d43caaff,0,0,0,0,0,0,0,0,0,1,0,0
test-15-002.jpg,data/test/data-00015-of-00040.arrow#2,0ee05f8968ee0cd27935551e5b272bd5d55a08feaef7ebbacce8e29e54b2051d,00a212ec128de497d1c1648e26d79285bb04d64820258df2f0890121956479a8,0,0,0,0,0,0,0,1,0,1,1,0
test-15-003.jpg,data/test/data-00015-of-00040.arrow#3,fb5a80981be122bad96c643a769a5ceb7da9004e7c84aa1bbe2a3aba0448c1f0,0d171fe4d099afea6046a7cd33cdd9095851f5bb681762d778dd615a050776d9,0,0,0,0,0,0,0,0,0,0,0,0
test-15-004.jpg,data/test/data-00015-of-00040.arrow#4,5862c44d250601595027a87fdf9d9fd969123dda2e82e71f934a0ee215b97892,f25d592b2716d85a0491ad6aa777f9858923b51a2a6a99ed7efd22268e0df5cc,0,0,0,0,0,0,0,0,0,1,0,0
test-15-005.jpg,data/test/data-00015-of-00040.arrow#5,ea974adf1410768c6113ccebf22ccd7eba74bb288070051795cb33cf2cee6b1d,3961a12c20ae065b29c6532ceb484d479c7e78d440caabb87bef9366538f7183,0,0,0,0,0,0,0,0,0,0,0,0
test-15-006.jpg,data/test/data-00015-of-00040.arrow#6,663db41649377dbe8721bcd48bde5e46884e36a337e2c927a16c36fe107c9cde,bfe1d7bdb416d5cce70cfc2c788189e9d30ccfdeeb271920cebaf9019486ce33,0,0,0,0,0,0,0,0,0,0,0,0
test-15-007.jpg,data/test/data-00015-of-00040.arrow#7,35a4a98f853adc741169158363e3586d1ba57e364e191ef240995a2ec5248b7a,bfc0f57fb02f3d97880eba1397d8f949d9e1f9ec69a12016cca7082c9e25ceb8,0,0,0,0,0,0,0,1,0,0,0,0
test-15-008.jpg,data/test/data-00015-of-00040.arrow#8,c9f40b7a277807d1b085b0adedae319a7fe3149a86827dfe5313103a78c5a3a5,56b0bec02e89c3276596445a0279299010144a57db1032ee39270af6b1eb4c68,0,0,0,0,0,0,0,1,0,1,0,0
test-15-009.jpg,data/test/data-00015-of-00040.arrow#9,3510e8a7698e8ce9b163b8e985003f144ba87f74806f79cccac86a73361b0777,75d2e7b8513dace05f37c6bddfc332f281c3e6135de82c5b4c5e90b681028f7b,0,1,0,0,0,0,0,1,0,1,0,0
test-15-010.jpg,data/test/data-00015-of-00040.arrow#10,9e5b7e9f8b1ff15650210e02ab64c6559e2972153d42a56cee51a5a59cd07b9e,358217967c59fd1e27e7504cc5de175dbe9670623bfd7914c9b6e779562aa007,0,1,0,0,0,0,0,1,0,1,0,0
test-15-011.jpg,data/test/data-00015-of-00040.arrow#11,c0b21fb6be0ab2a0f1d02d09b48160212e46baccada7f2bfefcbcddac80990c8,203a14271adf9a009794a27f5ef44ba88b404c872af27dd5bb12c9f2424c1977,0,1,0,0,0,0,0,1,0,1,0,0
test-15-012.jpg,data/test/data-00015-of-00040.arrow#12,3086b128697025e244d71fbf0d8eaed66441ed55af7c0ab4f0f6f43351cac376,f55dd96ba0e558575e4b13ec9253220b4453fdca9664b01fe42dcad0da8d088b,0,1,0,0,0,0,0,1,0,1,0,1
test-15-013.jpg,data/test/data-00015-of-00040.arrow#13,edae5e379bc4106159b8e427793a60ac09f4265f20d352be322e0ce569e9a098,a271eb80779c2e7c82d6b49f1f5c4e51e31babdecf875cd2ed34008bdefdf653,0,0,0,0,0,0,0,0,0,0,0,0
test-15-014.jpg,data/test/data-00015-of-00040.arrow#14,d242941435ec9ec5cec7f7d0a17e5bf9de081885c01fc0f965320f9f802e9088,96461989f78233587114901ad5ea255953f93e1d4ef6b89b97d0bbb1f7d93a16,0,0,0,0,0,0,0,1,0,1,0,1
test-15-015.jpg,data/test/data-00015-of-00040.arrow#15,872ac386dcb012c00b51a892023e2c937ff664ab66609627f5ee3e8608836c96,008e943e843bb3c9d42075a77d45da177b2d5dd721d71622700b8e2e6347e499,0,1,0,0,0,0,0,1,0,1,0,0
test-15-016.jpg,data/test/data-00015-of-00040.arrow#16,9322daa61cd5e44b5c75e7d9fc6d9f0149083ba9cb6118194704ffafbda1df4c,f91f3eb3b35f8b6757db2db8d306048c75765b92899d0158266b4362d27083b5,0,1,0,0,0,0,0,1,0,1,0,0
test-15-017.jpg,data/test/data-00015-of-00040.arrow#17,0dc40b9f11e92229a86e1372459c1ca9beeeb4a251a20b8c13277ee81ca71cc1,dc757dc2c695c5f0b1bb4adb6fcc39bcfa94745fd4599995155a357e07e8b539,0,1,0,0,0,0,0,1,0,1,0,0
test-15-018.jpg,data/test/data-00015-of-00040.arrow#18,4ecbf2eef7fc87e6b255a1856f676d90ae54bd5f125a837f01584aa51585f833,4dd959489679ab6879e6353f7e3f7883e8b8f35a9d1b88673c3f0d7c0d9c3189,0,1,0,0,0,0,0,1,0,1,0,0
test-15-019.jpg,data/test/data-00015-of-00040.arrow#19,c77648f8cda5d4100d5fab34eae099697b4eee35f306f6dd43a1a6beb0f48e99,b0d84ae9c726591ade19f1cf6779d14a5e26baa13285be4585e60b6a44167d9e,0,0,0,0,0,0,0,0,0,0,0,1
test-15-020.jpg,data/test/data-00015-of-00040.arrow#20,27fd38ae055538d6b2fc0feec7c2121d501ab571f807e762f9282470bbd7923b,7dd4638de4ef8fc51c5b6ab429ddd98935338e0394d6aea13882e63e96b39b39,0,0,0,0,0,0,0,1,0,1,0,0
test-15-021.jpg,data/test/data-00015-of-00040.arrow#21,edb92dc09c7b66c08a3e320acf6638a31d72286c584dcc9d784ff2ac7a0e9be6,6f2543a489320793df245e0cc3c9934468e5bc5da0a27c21ef85a5baea22ed46,0,0,0,0,0,0,0,1,0,1,0,1
test-15-022.jpg,data/test/data-00015-of-00040.arrow#22,1e808959e849bc487129a6f5cfac72097d3299ca6edb33186a399575334173a4,fa52ac1bd57850f7afefdef3af4c8ecb9d7727112686b86d5b78b28bfc94ce4e,0,0,0,0,0,0,0,1,0,1,0,0
test-15-023.jpg,data/test/data-00015-of-00040.arrow#23,580939814d7bf024ab6fcd2017b7ff8e1384db84cb6fcea1647fe25efc724842,8410314331291687f86170965e31246d6232669e504f6a87b16dc7fab7d8a0d1,0,0,0,0,0,0,0,1,0,0,0,0
test-15-024.jpg,data/test/data-00015-of-00040.arrow#24,23a878483e37cc07a6adf482a960369de35b9c87a3cc4aa72839cd6bcb6516d7,2439787865330e458af8eb3acfd52ed13813d08ca10b76cd691139fd69d68392,0,1,0,0,0,0,0,1,0,1,0,0
test-15-025.jpg,data/test/data-00015-of-00040.arrow#25,d49415c09a2a418becf851f28c68bcdf652cbf3ca65cbb103c7ee59dda58faf6,6f5f80c6bb681c9f53226493345f99a8cff8a87396328ca963c9c8490efe50ea,0,1,0,0,0,0,0,0,0,0,0,0
test-16-000.jpg,data/test/data-00016-of-00040.arrow#0,acae43fd0e3b1fe52ec0a18aae7e8dd75dd6ad404f942e3defa30252190e55df,8e65007915e98fa11b16416e5a9ba869c9d823fb4db324361ab3a4319df2e017,0,0,0,0,0,0,0,1,0,0,0,0
test-16-001.jpg,data/test/data-00016-of-00040.arrow#1,ba12f00ce14292f23de9e311afa152963880b2d013c48b128b2528d33b3563dd,8fad8d8198bba9cc8540deb18079b23d6db1fb72e1280c6504dce2efc9b672f9,0,1,0,0,0,0,0,1,0,1,0,0
test-16-002.jpg,data/test/data-00016-of-00040.arrow#2,7ddb1b5afd387c6c51f51bd773867219d6c7fc6872f11f3427789531c91a7eed,0c2b4d1b6d2c0805568fc0e3223f24c25af09e00138dfa8e73e2a4b19b562717,0,1,0,0,0,0,0,1,0,1,0,0
test-16-003.jpg,data/test/data-00016-of-00040.arrow#3,23d5fe3ad0eb18e18580cf4bfe95315959f0a78a815ec8b814963ebe766472a2,af49e1ffa4ad0ed73983f338f33a0dbacdb71d0413462714ac2567c9b4eb58e7,0,0,0,0,0,0,0,1,0,1,0,0
test-16-004.jpg,data/test/data-00016-of-00040.arrow#4,78d28e22b2f62835548073c7ce8a77991a5b5d631a975a3408b30f921b79412d,1975608babf02b7d6418140710f645e0b45465ee77b7429fe2bcc114d18ddf04,0,0,0,0,0,0,0,1,0,1,0,0
test-16-005.jpg,data/test/data-00016-of-00040.arrow#5,2afeae995f92afa938b7ee4807004981d5c21effa3031e2ee517ea6f13cdc17c,259d5c902518e28610cfa498c553bba2e8caeb73a301c6ed8fbfbc64853130a6,0,0,0,0,0,0,0,0,0,0,0,0
test-16-006.jpg,data/test/data-00016-of-00040.arrow#6,50a78e53c1b952553af42b16f0d08fcac8ebf1be09206c4133dc86b408c121b0,3ae73108b25be2cbfa98e325c5ae7a751a0531cdcb3858d08189abdfd0f4f16d,0,0,0,0,0,0,0,0,0,0,0,0
test-16-007.jpg,data/test/data-00016-of-00040.arrow#7,c27934089e2e30439be11951e095277010b6975a53e8f02345ed7d21dcd89257,905de0eed5da6ce4434ac09acd1c3ae0602df0b9ccc54b2b9a2ebdb1409a5c3d,0,0,0,0,0,0,0,0,0,1,0,0
test-16-008.jpg,data/test/data-00016-of-00040.arrow#8,1c02e1fd8fdcd7987952af1eebc5e7fa2aefc342dc96eb4be61223b580e40673,b9f6a5e88ffc4f365d5a6d787eb4d18620723053b59ef022bc0301d6b51cde0c,0,1,0,0,0,0,0,1,0,0,0,0
test-16-009.jpg,data/test/data-00016-of-00040.arrow#9,79ee8f8d7767af943f0138a80a71cd2ee91f79000b4679e3af79c72a08f6c433,a033888b6544dced250aadfb123de08cd48e0a23f30d7539dcb8e0e77fb050dd,0,0,0,0,0,0,0,0,0,0,0,0
test-16-010.jpg,data/test/data-00016-of-00040.arrow#10,70929c3f9feaf7b6abc7b55c8cdc8211607cdb7f6163e1afe8d4e50c7c79c257,94e7b0abe557d717ff22b93971558310a82706f30b0a19e605bc8a5521d440a8,0,0,0,0,0,0,0,1,0,0,0,0
test-16-011.jpg,data/test/data-00016-of-00040.arrow#11,3b35b086aaeb49bcb19db4d2fd0299fc254f7a85c2581cb9f3a6a9df8c722a92,5469bbe9aeb96e24d36f69d77d0dd2ec02c9f9229d7384cc5e8875b8721d3b4c,0,1,0,0,0,0,0,1,0,1,0,0
test-16-012.jpg,data/test/data-00016-of-00040.arrow#12,2f20ccd3fd8e76207e574865fd2e04434d33172b15cd7624397fc2d5fbeffec7,6f30249c822ab4958354e4ca718fc00c002321c28c145aecdb74deaf6f45d454,0,0,0,0,0,0,0,1,0,0,0,0
test-16-013.jpg,data/test/data-00016-of-00040.arrow#13,180d3cf9635e4bb33b4f6a455c69655c1a0ac9f7bf757cd808533a4ef81c8e6a,a453bad8b9538694eecb2c42444b317178fbd1c832200d14947a7cf6cfe7107b,0,0,0,0,0,0,0,1,0,1,0,0
test-16-014.jpg,data/test/data-00016-of-00040.arrow#14,ef4f2b5f2260edb0e963c10b96feea44d94cf00e4626b409b8fbe915581199de,b970bb77226a29dab6581b40579d3b97a50be3b709ef1e49db393ba13603465c,0,1,0,0,0,0,0,1,0,1,0,1
test-16-015.jpg,data/test/data-00016-of-00040.arrow#15,450e5e6fb59d20adc3cf2434b2e537f47b443803c5f3f880e2d5a94e6effd99c,947d35532faf3ad8f989f08661902be65da9e82adedf7e15004e9860c5c8b761,0,1,0,0,0,0,0,1,0,1,0,0
test-16-016.jpg,data/test/data-00016-of-00040.arrow#16,bda84012947be02b427d982839c7e0350ceafe569d64f5ea4f7a064ea7170148,ea18ff521441db4b7d52eb7156cefdf71ced7f95a8314deb3476e611b9d4575c,0,1,0,0,0,0,0,1,0,1,0,0
test-16-017.jpg,data/test/data-00016-of-00040.arrow#17,0238e7df249204759e7e0e5fc35de5188ea73ab66db132623a95c923b59d0997,5fec2cb0a26129cb7407cf2bef2fac98b9901e12a9932b2590596b519de8a2ed,0,1,0,0,0,0,0,0,0,1,0,0
test-16-018.jpg,data/test/data-00016-of-00040.arrow#18,6aab456555bbb31acebf5d3f529b9f9dabbf37f835b98e02b57159b5a001bf17,013fcb47176a24e3de9f7dfd61c2eedda354e015d8d174688df51c01cc05d0d6,0,1,0,0,0,0,0,1,0,1,0,0
test-16-019.jpg,data/test/data-00016-of-00040.arrow#19,2fa649bd778a2bc786fc1955e1d723b1837e92f193b7baf810b82797c852881a,5a65267868f2d2ecd87ad001335a446bb44add14956e7d8c6574e463320bae03,0,0,0,0,0,0,0,1,0,0,0,0
test-16-020.jpg,data/test/data-00016-of-00040.arrow#20,4d09f6bf0d8d6658b58d29f935ad157eeef686711fdfb7f6a4e54b07327684e4,3b31cf6828d8ab64d02a79b198ca31da4bc1834724509c6e3cade5fc4f1348cc,0,1,0,0,0,0,0,1,0,0,0,0
test-16-021.jpg,data/test/data-00016-of-00040.arrow#21,7f1ec79e43e7c1f9c483c8bde7d458bc26c2cd48aa77b5fa00018091d085034e,8dfed71dda6c6164447a2e9d2020624fb5f1fe7054a75706c9657080c4d200c3,0,1,0,0,0,0,0,1,0,1,0,0
test-16-022.jpg,data/test/data-00016-of-00040.arrow#22,c82b8bc60e34d34530d6552b23a650ab05fee3a2b05f72ae6835a2c9771baead,89fe606a3571664cfc6dc52016226e7cbb6a35979722726f09fd4acfdc0c83aa,0,1,0,0,0,0,0,1,0,1,0,0
test-16-023.jpg,data/test/data-00016-of-00040.arrow#23,2ec478eeb7bf58364bb95663aec2013867cd2df82022fcbbfed85b0dbbb59b0c,102dfe960dab17a81b1da06265366dd51a5c50a49daf9ee0d2b57f48dc5e0618,0,1,1,0,0,0,0,1,0,1,1,1
test-16-024.jpg,data/test/data-00016-of-00040.arrow#24,7f3c3ce8478a08b9ee5e76433ec6144e6cf8fa0b4ec10c16b3d312ff9fc0cbc1,8122a82ccefbdb67590578f6f3706289c8aa06fa54a23cf0b8093fae6ccd3cd5,0,1,0,0,1,0,0,1,0,1,1,0
test-16-025.jpg,data/test/data-00016-of-00040.arrow#25,27e1493b1edd488346ca95a6148f2039d42a642a616c0ec4a8126c2e79839684,61d62f422d8589148a3ab45bbf050c9015d1d9ff27834a1c975aedca3e37ef29,0,1,1,0,1,0,0,1,0,1,1,0
test-17-000.jpg,data/test/data-00017-of-00040.arrow#0,7439daecc2735c0e68dcc91eb4235d59319a269d35fa489133fc0da863fafc96,291a640cf15fe337f1eb181fb781ffaa857c873a9dbf83c2fe5ac11fa3a35ee4,0,1,1,0,1,0,0,1,0,1,0,1
test-17-001.jpg,data/test/data-00017-of-00040.arrow#1,18a382e56f8319a938bb87e8ab54ffdb1d49550410b0f56afeabc9f520c13042,f1ee99b98751ea4573d79d9abc438f4cef18a83f07e4f4d9100d400aa216c38b,0,1,0,0,0,0,0,1,0,1,0,1
test-17-002.jpg,data/test/data-00017-of-00040.arrow#2,45677c78cc449d840d4ca99480eb449b959d0d444f4184b3c1b8642810a0399c,dd0ab49a9e18aba34964864c7d8f04eb88bffd929be531424dc45c56ba62b420,0,1,0,0,0,0,0,1,0,1,0,1
test-17-003.jpg,data/test/data-00017-of-00040.arrow#3,342cb020ab8e44a7257272429c21f4ea13a6523d04578accfa19c9557028a9c4,6baf8ffe12de1512ecddce18e27666a4586af0899123921cb4bb7c10059d7a76,0,1,0,0,0,0,0,1,0,1,0,1
test-17-004.jpg,data/test/data-00017-of-00040.arrow#4,b18aa771d83bfcc74ea7d78c24333a30c10758add7dc932eb40d28cf18cce22a,13d9286fa5d16a97300282fa542ec03caad3c1c8a385bb4c42e77114066317e1,0,1,0,0,0,0,0,1,0,1,0,0
test-17-005.jpg,data/test/data-00017-of-00040.arrow#5,6be484d7ebd35e0b185337fefe296c3a8e1875caa56889158e34e970511616c2,77fdb0ef268a5c9e7ddcd3c3ad671f5ba2ae326ba381607170850c72fdf08de5,0,1,0,0,0,1,0,1,0,1,0,1
test-17-006.jpg,data/test/data-00017-of-00040.arrow#6,956d8aea328ffd50226fc109a8c27b6c7baf40abd1c5340e667db04c36a22b75,60475e18ca27621547aeea1b3c137379092deb441f3d88c2dbeac2ff50428f57,0,1,0,0,0,0,0,1,0,1,0,0
test-17-007.jpg,data/test/data-00017-of-00040.arrow#7,f9962212b73d50ef96b7d349867207a04557d71b4081ec3f1415edfd25663080,1f4a46626e5883ea698582e72911293975ae777283b1cecfdddcc3580782d49b,0,1,0,0,0,0,0,1,0,1,0,0
test-17-008.jpg,data/test/data-00017-of-00040.arrow#8,8293cbdd03660f1ddd441802cf816fbd8e4f17fcd48933af7c9fd71ff65064cb,64c1d39d98813c8528d9d875ca095cd18fc9b3b1a960e3560a1a9c62faddd276,0,1,0,0,0,0,0,1,0,1,0,0
test-17-009.jpg,data/test/data-00017-of-00040.arrow#9,86201c45040a00923752d9fbd2c6655ee1a7b3e7d979afa84990f84cee790d60,6fae22ea4c214a3175539e7f642db751ca41c6aedfd9a41c814c170101e397fb,0,1,0,0,0,0,0,1,0,1,0,0
test-17-010.jpg,data/test/data-00017-of-00040.arrow#10,49a3e64d67ead15663e355576bf09431324f755f8bf863c90d8224a03f13ac54,f39ed7354502f3c4b8d9a161a3f56e2194832fe8c08af72ed57ff24f7d910c03,1,1,0,0,0,0,0,1,0,1,0,1
test-17-011.jpg,data/test/data-00017-of-00040.arrow#11,3dedad885478248c49600f94000cba6d132bdc0a5f1fd5dc6d48c252003f6da8,9d290994cd7c33d98bf83cce441917108ac74a6766817e26ecc9d1ac49abd861,0,1,1,0,0,1,1,1,1,1,1,1
test-17-012.jpg,data/test/data-00017-of-00040.arrow#12,b504fe24fa48f4a6d628f7e3138f54bfd188cf4e93769d0d9a18b23c6dba4f9d,f0f161ef15a5130e1722787d5dfceaab8304bbfd4e6dcef16e10bac8eda420e0,0,1,0,0,0,1,0,1,0,1,0,1
test-17-013.jpg,data/test/data-00017-of-00040.arrow#13,93c94ff30387a384e80217f1758df81f3061332f40f5450bb8239184eec3c456,bb4e7f0f8204057245f09841baba26c386423068321faadb83aa517d2a814763,0,1,1,0,1,0,0,1,0,1,0,0
test-17-014.jpg,data/test/data-00017-of-00040.arrow#14,f81e48ec5ef7d9a5ede3c9ab3bbea2934f0a1c3ac8cf819d72842d9e0ad10a55,e7c5c3efd44bef975bd33e3006e19cc3f0becdbcaa76e24a4a1fc223d03d1d4d,0,1,1,0,0,0,0,1,0,1,0,0
test-17-015.jpg,data/test/data-00017-of-00040.arrow#15,51457ab5c0cab9cc9238d1b5946f1167fdf441b205eb2e58c39a2c2b1ae2c5dd,f5f45f44ce595a95558a21f8fffe7ae97079dc19286fed7a32b1ca2f630b4467,0,1,0,0,0,0,0,1,0,1,0,0
test-17-016.jpg,data/test/data-00017-of-00040.arrow#16,b3b46b1cc46f3a6a5f00655bf9e48a209ad001a96e8e7c26b14dcd2e50250df2,5e7aa6252acbe37d61137291b96d387f82ac93eebb47936d1a6ef303798e9250,0,1,1,0,1,0,0,1,0,1,0,0
test-17-017.jpg,data/test/data-00017-of-00040.arrow#17,f87c4c30cb05718f4072c05d4d8028164b0127250de88bb6a2d236a047b3fafa,c6552a63ef21c400dbb8ae27ffd3fbbc0cd18818b3b3416d88e2f4c6605361f6,0,1,0,0,0,0,0,1,0,1,0,0
test-17-018.jpg,data/test/data-00017-of-00040.arrow#18,ceefa4619520ecae817f6ca2ebb299bfcdaab29a3e62cfc7143daa88912c19b7,7d5468caa032c43ee1c3c3f207fc221c5c867f2c1ed74b53b8fc5e506db6a36d,0,1,0,0,0,0,0,1,0,1,0,0
test-17-019.jpg,data/test/data-00017-of-00040.arrow#19,1fb4f4044f94be8f6c75822707106c71e86eba21f4ab823657098aebc927f4d8,af2c2b8bae1099daf34d0b64bd010d77b69d49f4e651a722c336a09f71293f82,0,1,0,0,0,0,0,1,0,1,0,1
test-17-020.jpg,data/test/data-00017-of-00040.arrow#20,3088194e8310893eea46616c9c07aef201bb267dfd9197821a6534364d8f98c8,453333bd50115ef5e07b6f367e5588d2c2a8f3d58f3805ca4f93234ac3dacb2b,0,1,0,0,0,0,0,1,0,1,0,1
test-17-021.jpg,data/test/data-00017-of-00040.arrow#21,4a4ccc64de56bdb0a41ce74e14e9c15c398e5c64415c721ba06d70ed02ecff7b,f493542b26f9124e29e9491f626314425a423cd861927a0ebf51fc6415ef1678,0,1,0,0,0,0,0,1,0,1,0,0
test-17-022.jpg,data/test/data-00017-of-00040.arrow#22,4e186e2e7d9c9dbb0cb6d272e1eab131ac5ab28f82583fa60563546fb268c03d,c797e62f8f9f32e456abb191fdcd4be45b10f1f5fda3affbb619c74688ad3ffb,0,1,0,0,0,0,0,1,0,1,0,0
test-17-023.jpg,data/test/data-00017-of-00040.arrow#23,074b8b1037cb91b60185f38559407586c082436830fe9f53f25edee387230fca,df8e8759bf1bea3a45b3c73c45e9f84774714f87c18f82175c42a5e9cc6e6da9,0,1,0,0,0,0,0,1,0,1,0,0
test-17-024.jpg,data/test/data-00017-of-00040.arrow#24,3ee7df35ff7192139ba3156ad43d1c219f86bd820021bce0311fee5b655fa01b,11b34f1a23669f79c6ee81948d38b4f63e72eaaa465f580cebf47a5173bf82bb,0,1,0,0,0,0,0,1,0,1,0,0
test-17-025.jpg,data/test/data-00017-of-00040.arrow#25,0ad0a871e7ddb1dc224089826fbcf67368587d76b869dd06fb5bb41902825d53,c27b04ab29dab8c195fca8085c3ebdbd247a02dba5d6534c493201b5d709507b,0,1,0,0,0,0,0,1,0,1,0,0
test-18-000.jpg,data/test/data-00018-of-00040.arrow#0,2ff95d131fab52d5c4cfafd77f1acb80172ff46dd2c2ff9b5d25cc30bf18181a,84b88a456d2fa323f32512cad8a8ada4ab6da2c1a7d39fb8136fb84c8cf9674d,0,1,0,0,0,0,0,1,0,1,0,0
test-18-001.jpg,data/test/data-00018-of-00040.arrow#1,0fd0245d6574315cc44406044070dba4cc6a09aad2f4e257807f18a4f2c88e32,e9acb1c4c0d7ae1fc67edb7b2644a696c514b7dbb8b1e3abb47b105f4b65187e,0,1,0,0,0,0,0,1,0,1,0,0
test-18-002.jpg,data/test/data-00018-of-00040.arrow#2,13fc8122925b205c18fbe5cd6963e0efab077564f2fe5d143d8c1fc5eee4bbb5,b165618da82f54f4c0d331dade4514ce1fc1fda08c6d441edd1bcdf630d9397a,0,1,0,0,0,0,0,1,0,1,0,0
test-18-003.jpg,data/test/data-00018-of-00040.arrow#3,e0a2602fe27c69052001653fe4f206304bc6593fce239cd3fe02f3d019c922ca,7b73b95afbda10f3593d36a6ae26f17f86525dd14b644949a0d14ae9a4fba6b8,0,1,0,0,0,0,0,1,0,1,0,0
test-18-004.jpg,data/test/data-00018-of-00040.arrow#4,485cf7d3cdb0d332dbc1c46d17cf8fcb640c0076b778c055488bd9c31c349664,25169559293849e16a3251d7e2605aa0b14900f0bbb1e0dc19324aaddc36f68a,0,1,0,0,0,0,0,1,0,1,0,1
test-18-005.jpg,data/test/data-00018-of-00040.arrow#5,746265e8c8300e515ccae436b278ba37fc3020d413c0a5a440f3cace7be8c5ad,ed7ee16470bb724fea01c8639db07402bb1f00571836edd5b47e59a229deb732,0,1,0,0,0,0,0,1,0,1,0,0
test-18-006.jpg,data/test/data-00018-of-00040.arrow#6,f87ab80395bd16435b21e1ee0989209c68b90ea519783cf7840339776f57231d,0b81f71d075ad4da5b872a6aa5d7130c22018d464f4682caaa3f4cb6629bd160,0,1,0,0,0,0,0,1,0,1,0,0
test-18-007.jpg,data/test/data-00018-of-00040.arrow#7,88b32673256d0eef9f34af8193511e3435a3354c729db8dcfcdfdf197a5cc819,d6c8b2a29a71817cf0a56d36c661c8207bd0fe4e9dbff0e67968896ed1e643e3,0,1,0,0,0,0,0,1,0,1,0,0
test-18-008.jpg,data/test/data-00018-of-00040.arrow#8,9715eb06e31e637bedfe7ce170c77f46c79dfc59a054a5addcc224e5c2076691,d9de8ab2f9272766bf0663fd2ef54318b258246e1d73ff5444595329d02ff38e,0,1,0,0,0,0,0,1,0,1,0,0
test-18-009.jpg,data/test/data-00018-of-00040.arrow#9,8ec5180d355ca7d0b9afb4e9982c6631fd7af0c992f33825d069db2675de965f,fce3533b6c67f48ce63635b620bdaec0a57b37917794e5a23b6a505911542730,0,1,0,0,0,0,0,1,0,1,0,0
test-18-010.jpg,data/test/data-00018-of-00040.arrow#10,dfd52241e07746b51d64127fd55d1880394dc5e41d5da3478af2c4551295b73f,715814ce994b052f259ed2af3b886e619d6686e06277b0b873f4724725b90ec8,0,1,0,0,0,0,0,1,0,1,0,0
test-18-011.jpg,data/test/data-00018-of-00040.arrow#11,fc9da78095027666365fa95df4024d3941ab54676a4576d20c6eb87350863b0c,c4c0ea544edbed145895bd97d07bd4a89ff4b32e96cd33b04d0b071a8ae95730,0,1,0,0,0,0,0,0,0,1,0,0
test-18-012.jpg,data/test/data-00018-of-00040.arrow#12,dda47a3e38877358c2cec05748cfbf96c6a2af8cdb31d796d301d60fa1941d9a,bb98183f968474133b54999dee54a1d756b0f7620c5095d3619f9fddd04bba10,0,1,0,0,0,0,0,1,0,1,0,1
test-18-013.jpg,data/test/data-00018-of-00040.arrow#13,7dc56ce2ff50514c1b9186187bf88fc756a858fcebaa05ea43ca8285f8df6ad0,7d5b3e372f44ba1bb34123a8d2115ee6bd6f33d015f805455f0f57443af3cd43,0,1,0,0,0,0,0,1,0,1,0,0
test-18-014.jpg,data/test/data-00018-of-00040.arrow#14,b13abc385199a1b631979315cbb0119e2474439f3e743f8c344a5923753abff5,dcfdb3e6311e8b5b5a2460b80c2437977c1749785cdc5f2a67840746a95d50ce,0,1,0,0,0,0,0,1,0,1,0,0
test-18-015.jpg,data/test/data-00018-of-00040.arrow#15,36505313c8f09a481e2899cc56e3b53bf2bd3701bc2537f457fa7f41020af5db,ddaaa047d97d387cfc3f7843791e6190967be5835331e965faf192436e38f0a9,0,1,0,0,0,0,0,1,0,1,0,1
test-18-016.jpg,data/test/data-00018-of-00040.arrow#16,4e098b5df6e6442be521518a259732ac4f3f7bf27fb105f109740ee3f5afc403,0ede5ea9ca4d9c2d80737a72335103516fd01f683cf1717a1d63c3294b865e24,0,1,0,0,0,0,0,1,0,1,0,1
test-18-017.jpg,data/test/data-00018-of-00040.arrow#17,d28c471816e4d4dd26014e4dc4a7f4716ac67a48596ad53d8c958d95795d695a,e285ce217e43213e89bf418702372b8923b705938066a8dfdb4f1ab0e77b4f1c,0,1,0,0,0,0,0,1,0,1,0,0
test-18-018.jpg,data/test/data-00018-of-00040.arrow#18,1d20fc91a06d3065f2533b5d2f110f6b35779d50b0bd5d4cfc0a343f48705155,4031ecf5aeab763a8fde746020d121b24255e72f3e3539bb04b40da9bdaf40bd,0,1,0,0,0,0,0,1,0,1,0,0
test-18-019.jpg,data/test/data-00018-of-00040.arrow#19,ce88d7ff87521825898bf8a8a54319fa97ab109cf96a0014d1dd08b94f3ce109,f28967fb914a8e5e2bf1dfbfd41f142982986dddaf46120ea15f85aa7e1418ef,0,1,0,0,0,0,0,1,0,1,0,0
test-18-020.jpg,data/test/data-00018-of-00040.arrow#20,5294e152868ec70e5d3eca18b06a55b7cc25b10c522b720da6ff5117eec50bdb,aeedc18a2cbd8af79b93d89b3043129b18c24421f40ab3e1458c504dec396a66,1,1,0,0,0,0,0,0,0,1,0,1
test-18-021.jpg,data/test/data-00018-of-00040.arrow#21,4eda9fdc73299193d88eac397951b43ff9231755853af9861e633fe75e0b00cb,cf60a10b225a1664c9c35f5d7e55aa365999ee0cc8c2e17b3e3230c4aa1f17de,0,1,0,0,0,0,0,1,0,1,0,1
test-18-022.jpg,data/test/data-00018-of-00040.arrow#22,5a0bc92d96bbeb7a8cedcc3b21592ae8ef3f0687b6ae6010526fccd0f2a9f8b9,f868072d412b200ab7d513139fbee749788f52d04800cfad5d854fb340eec8fc,0,1,0,0,0,0,0,1,0,1,0,1
test-18-023.jpg,data/test/data-00018-of-00040.arrow#23,d48702d9a63f47a18855c2d7ae4ac74a4fc60426c1096033e5942a1bf9c37553,b026aabde223bd05e80424480e9e71bc28581421421e16d2d29631742b32ac7b,1,1,0,0,0,0,0,1,0,1,0,1
test-18-024.jpg,data/test/data-00018-of-00040.arrow#24,614e634470cf3f5125d5b1e18c2e64cd5df9cb9789121e8849083cecc8d0ee10,5b1a37a0c085a8572108b6937447cef01c7178e9b894af6f87f0ea595484a9c0,0,1,0,0,0,0,0,1,0,1,0,0
test-18-025.jpg,data/test/data-00018-of-00040.arrow#25,856fbf16fc675dc6041276d53210189e00bcc66c3d28f3663c390cf031fb7e78,767c8f837b7fabd9d3834b4eb512a08d04c4641442caedeafe0587f37624855d,0,1,0,0,0,0,0,1,0,1,0,1
test-19-000.jpg,data/test/data-00019-of-00040.arrow#0,4ec1d9afad8b52084b88b59ea7b34f8f48e54b20cb2e685e8320164e568915a6,f5f35a5147823111e1a5d578122f9635a9e00317b29894ffbd480ec932d41462,0,1,0,0,0,0,0,1,0,1,0,1
test-19-001.jpg,data/test/data-00019-of-00040.arrow#1,5f90b2418e57396fd4d96be5fd766c5f11f989b4b22643d24dbd4ef7ad0fc76b,40c75434533522f0dae7730c2498810cae9e62d4e6f82bb438d05e44b3f896af,0,1,0,0,0,0,0,1,0,1,0,1
test-19-002.jpg,data/test/data-00019-of-00040.arrow#2,1d57d9b5780e3f1ac491586853f825680bd2168f457707d7ee2667cfe6634f18,ce0bbb8e94477dc1cc873f9af6d2ee926c49f47065e57c57edcf7c0f8598c984,0,1,0,0,0,0,0,1,0,1,0,1
test-19-003.jpg,data/test/data-00019-of-00040.arrow#3,15211bc09dbaa8581e1931cc422a18a922ea10139091d9e7116a3e275c7e176f,e9f4ccc52f168a793f1720e7a37598156d37f17a9e9d90e7fbe972862dc73a83,0,1,0,0,0,0,0,1,0,1,0,1
test-19-004.jpg,data/test/data-00019-of-00040.arrow#4,945adc6946a408c68906b301da312ad7091108972dc8de8ddf912428762709d9,5721b31c5344c69568b94dc381a611ac0bb7d37b572d7e529d3bbe48b872f657,0,1,0,0,0,0,0,1,0,1,0,0
test-19-005.jpg,data/test/data-00019-of-00040.arrow#5,452b31023c98d26c4cedb4f8ecb4f5e7bd77196091be6d70c6d09afa0bde9269,734d2582c9ca3b39c5602f6f944629c9eb2e3094670bcb8020262a5d0ebc156a,0,1,0,0,0,0,0,1,0,1,0,1
test-19-006.jpg,data/test/data-00019-of-00040.arrow#6,e3e487910e64307582e807a4631ea18782d1e06dce9738248831c0b36ca7e1d9,287d9ebb91391123d08ec1091ef388b1c5a9676d04f1ac38713c680ca20b1a54,0,1,0,0,0,0,0,1,0,1,0,1
test-19-007.jpg,data/test/data-00019-of-00040.arrow#7,11a71892674f302f9fe1a236f61b743e42dcfcb49c6b04d248aa5fe67ed0b9e3,d7838a7cb08b2da01631d711d7c4077844642c4910433b70c895da99af3cf803,0,1,0,0,0,0,0,1,0,1,0,1
test-19-008.jpg,data/test/data-00019-of-00040.arrow#8,fd37077d8ad5fbe060fd32fc386312487e3dbdf58c65b92e7a37eb85e934bf8f,5046fbbb57380f528d352cce19468fb996f781687445b83e30493c17f9a0f1d4,0,1,0,0,0,0,0,1,0,1,0,0
test-19-009.jpg,data/test/data-00019-of-00040.arrow#9,b11adbe0b14a5434118681cc35e1202e9499fc23b03e9b7488b94a476ec6046f,ef0c3c0afbb21433fa84b2c6d38525f507ba3297d9a533d8a2692bbad47ea69d,0,1,0,0,0,0,0,1,0,1,0,0
test-19-010.jpg,data/test/data-00019-of-00040.arrow#10,a40794fdd7a5217e57963a8a3750e01566060e092dd60981c6a67e9456054295,0335b776bff6cb9a1e81d7758532a53692236005f5cb02d93261ba2d7488a01c,0,1,0,0,0,0,0,1,0,1,0,0
test-19-011.jpg,data/test/data-00019-of-00040.arrow#11,15c5cf7e1bbfd900a7a6592d2e6ca9f964e2c1fda996362fb4df222073a95ed2,1fcc3f8eaaf274b6f32de446554626857576e80f6b7dcfb7337d6f5fe7ea0dd5,0,1,0,0,0,0,0,1,0,1,0,1
test-19-012.jpg,data/test/data-00019-of-00040.arrow#12,fe355d1620f57fe28277fc7e1a7fab041e04be0edae6de5c1b441de10cc37432,1db4431b6a978ef279e9fd120bfae556226bb2627825dfec3d6b07cd5805cd34,0,1,0,0,0,0,0,1,0,1,0,0
test-19-013.jpg,data/test/data-00019-of-00040.arrow#13,ce2c62bc2197359f8ce87150b1a38be4568e27a571d07fad68f909ab60b18817,ffcd8c2fafdfb9cf7a053a271e730a3c3aefc48586c09856e7f7660ce08a383c,0,1,0,0,0,0,0,1,0,1,0,0
test-19-014.jpg,data/test/data-00019-of-00040.arrow#14,24e27d2cecadfee890bb9e9bbb477d13a06cfba6b5c440b1e0cebc3611707920,b0bf54a70223fe517996e91c84866c23d131f8e03685c6df4454cacddd7ad8a3,0,1,0,0,0,0,0,1,0,1,0,1
test-19-015.jpg,data/test/data-00019-of-00040.arrow#15,9b2cdbd1769c449396d3290055352a7cf2528ae3121a3c742001a62a51ad724f,82989aaa7a4f409a6e59ea81b582e377f83299bcb6936fdf5fc8abb510928db0,0,1,0,0,0,0,0,1,0,1,0,0
test-19-016.jpg,data/test/data-00019-of-00040.arrow#16,7dc52634d31047d758a7f5110f786989e03381660631d038997275e9e742678c,32b4b92d771c949c8dc97952b88759c41e63b9837c3a5b4c38960aa7151e3110,0,1,0,0,0,0,0,1,0,1,0,1
test-19-017.jpg,data/test/data-00019-of-00040.arrow#17,63024a80fb91d953ba0cdeea1050a55b7fffc298eb7f36eb5e3311b0e535356b,d83c0512c2a2823eecf14c766eb1acffa54e8a6c22c29b08703f185875d8ca65,0,0,0,0,0,0,0,1,0,1,0,0
test-19-018.jpg,data/test/data-00019-of-00040.arrow#18,28064834feb773cb638401d870674ccf1003082cb9bdb65cd78ce88a7473be04,62db4dc72bba09771bf236ef05d711b6527edff6ce2b354b34e74458bd4ed824,0,1,0,0,0,0,0,1,0,1,0,0
test-19-019.jpg,data/test/data-00019-of-00040.arrow#19,5e3ffd6c1e9900d4365a7cda9e518dc9b574edb3ff11f4521a7bfec2075f7a3a,34d65f379752d7d24c57f586f713587b63c96d0e25f6545e079da5c5abbbfdab,0,1,0,0,0,0,0,1,0,1,0,0
test-19-020.jpg,data/test/data-00019-of-00040.arrow#20,d51a5fd0635887748c79551c923b7bc051d37e0bd9912f8cd69fddb3434468b5,e0c96e45c3f515ad83d4171b1cd0039cf0df8e510cd04d10f13db538f96d72a4,0,0,0,0,0,0,0,0,0,1,0,1
test-19-021.jpg,data/test/data-00019-of-00040.arrow#21,e49c81b17d417b3d82ded8622e5263fb41d6f50685e581fe604b657589953e9f,ba0014728e955e5cb8b2bbe56fcae189f03b68f55098d1fbf3180bada952d149,0,0,0,0,0,0,0,1,0,1,0,0
test-19-022.jpg,data/test/data-00019-of-00040.arrow#22,547187caed540cc22fc816333e4aa4f8fcef175a4397efddf1cfb3bd5a7c4f09,58144ae2d470df626568961b8e5c11d00f584260feff6729b72e40667ece6d19,0,1,0,0,0,0,0,1,0,1,0,0
test-19-023.jpg,data/test/data-00019-of-00040.arrow#23,5be479524fca8902cce7606ce790a929b3b7f337ee328b19050af63497f4b2b5,286b12cf16f6e8d6c772e895b66214782c45879919e121b92177bdddece527f8,0,1,0,0,0,0,0,1,0,1,0,1
test-19-024.jpg,data/test/data-00019-of-00040.arrow#24,9105e691e29b8c424883d1270c92469c2e6097b099920dd69d787a504b100e37,ebe3f0e91c941559ab7bb48f4e8d47f69fe8bfdf2e3efcb932342bdeea0287a0,0,1,0,0,0,0,0,1,0,1,0,0
test-19-025.jpg,data/test/data-00019-of-00040.arrow#25,bb6a9d9a8bdbb38ca95ca4025c11d9ed2abc85d01ab372e29ec4e179a2ef3c3a,ed55e06729bfbb705897961c8ac231622e387d9b1cfcabc22678f341a7030bdf,0,1,0,0,0,0,0,1,0,1,0,0
test-20-000.jpg,data/test/data-00020-of-00040.arrow#0,0a7821741d58f334dc866f548d07106a8184dac269b396355a0e204206f54df0,44d46ee9a0b17aab174999836a9a9ac14660b019bc2239d831fb3890335a529c,0,1,0,0,0,0,0,1,0,1,0,0
test-20-001.jpg,data/test/data-00020-of-00040.arrow#1,c2b470dc05cbb27673bff586beee1df630556a1631b37b7c785fa5d8660f6fb8,857c05b51e7dda3fbb78953986dec99b495fb60e021c85124ab8f0b0ff10efa4,0,1,0,0,0,0,0,1,0,1,0,0
test-20-002.jpg,data/test/data-00020-of-00040.arrow#2,440acedac6ed38ace051bb666920a40f2a0ed6eb7724e4bacb4e38ad5a8d517b,0f200ee426f077408190751381c199fc11149b32879e63c2e22a4fd4d532da96,0,1,0,0,0,0,0,1,0,1,0,0
test-20-003.jpg,data/test/data-00020-of-00040.arrow#3,d43c7304a9136a9e0e04b83e6943609ac32cd9ebc4f444f1473fc09f0ae6cde7,192cf25217722a13b08e08e96cb8cb1e1f8acde3d3129cb7c468714b3ce8cdbe,0,1,0,0,0,0,0,1,0,1,0,0
test-20-004.jpg,data/test/data-00020-of-00040.arrow#4,2c4dc6a0c37553853bd24d408ad644480d94635fb8812ab024204ab511c5a274,9b57e41f0df1838974016460ac9d43309eb4c7a40f66b1f5a1372ec1b346f051,0,1,0,0,0,0,0,1,0,1,0,1
test-20-005.jpg,data/test/data-00020-of-00040.arrow#5,2da24679b89d439d02b64c11a30d5c560762d47192343196d565764d86e413ed,294639a6a6ab525fe0165fcb6edf2b6ca3c305903e09e0ee7c5e4f84bb0cd5f7,0,0,0,0,0,0,0,1,0,1,0,1
test-20-006.jpg,data/test/data-00020-of-00040.arrow#6,24949b067d47ff0ea8bda4e36b021599416f404cc6aedbe06221751f038a25d0,3690e631029d7c0ba07882f0f8e66bd5613662196fb1e640db8f2d46a3b190c9,0,1,0,0,0,0,0,1,0,1,0,0
test-20-007.jpg,data/test/data-00020-of-00040.arrow#7,a6a7b71fd346b25b7f9f68cd6eea86e7c82544892b0b7952663e52fe87283650,152f0def33e3351747d0cd548fef93593e80545ba4473d52e1ca3bcd0fdf3b4e,0,1,0,0,0,0,0,1,0,1,0,0
test-20-008.jpg,data/test/data-00020-of-00040.arrow#8,897fd90cbfd6f82d9cc3c079668f55b4f508c6acf50cc4904b703268b685775d,ff81feb076da9352763a59414cd780c386090fe2f9d3bce7dc510e70384eb29e,0,1,0,0,0,0,0,1,0,1,0,0
test-20-009.jpg,data/test/data-00020-of-00040.arrow#9,63650f71d90b1ce078c284556be68f89f66c8e7e00cfa10916d30400f58f90fb,2e24b13c8b3a2d51c23cb0fb3a2ee79e89792fe80586dade7f2a4410a3fb05a1,0,1,0,0,0,1,0,1,0,1,1,1
test-20-010.jpg,data/test/data-00020-of-00040.arrow#10,8b4c516b770d51660ec9e8144f737192e5321ec9c1c6e3c5503e0184593db0e8,d44432c312630995a8a1b0c94a0f2d2da38801a1828edbc57e0aeee2bb8276f2,0,1,0,0,0,0,0,1,0,1,0,0
test-20-011.jpg,data/test/data-00020-of-00040.arrow#11,0e23cb55317b33586366f663df4537d7f5fcff344e261b54412aeb2d2a9d3ecf,d59e049438d939dcfe265a667e6d54f0e7340f5bdbbbb717a7d8f744745c2d6c,0,1,0,0,0,0,0,1,0,1,0,0
test-20-012.jpg,data/test/data-00020-of-00040.arrow#12,2bacef918893e3e229448794a69bc41f5aa19ec348fe88a463bc024703c8905c,3975f0e9c2144bbecd7204674ad04652392c2226d3d5c7b6a3cf3cdb8b6aa050,0,1,0,0,0,0,0,1,0,1,0,0
test-20-013.jpg,data/test/data-00020-of-00040.arrow#13,22c4e38db57bfc02b05144530b4ec55e12db731bfd556ae7185e77b98098f14f,80008e9792b923353a755c07ecf37b3d44c91c8ed0b42d7d9308370cb3a9835a,0,1,0,0,0,0,0,1,0,1,0,0
test-20-014.jpg,data/test/data-00020-of-00040.arrow#14,185b7ff94bd4814242dccecd31724b39565a89367dbddb17d207c443c6081dbd,fa1781eddcdf9aea36d01f005818d8efe56241ec2759eecbb5934467c0110108,0,1,0,0,0,0,0,0,0,1,0,0
test-20-015.jpg,data/test/data-00020-of-00040.arrow#15,067a1cfc161b299785e50067bb7be54141c8d93d60b2304ac410b378843efb07,0c6a40db2659f779575a3422af04eaaee6187b27b6099cd5dc9fd0e654d463be,0,1,0,0,0,0,0,1,0,1,0,0
test-20-016.jpg,data/test/data-00020-of-00040.arrow#16,f0593163bfa206f33e3ce41618c8b27c49c8581d3e3b858f9a36182d10bfd0e8,e5255c00bcd73ef002db2630cc73d69f00ecf8088df7c0731dcad480facbc53f,0,1,0,0,0,0,0,1,0,1,0,1
test-20-017.jpg,data/test/data-00020-of-00040.arrow#17,f6b605c948f42700b74462db021aa84ff36ee74a0a93e0bbfa55e3622a3d9bcb,5a9d0d5773319209d2e3f40f6fb6328609cb0208dfc116a2c67e125b5c51ab00,0,1,0,0,0,0,0,1,0,1,0,0
test-20-018.jpg,data/test/data-00020-of-00040.arrow#18,4aa63b94406bb95b8522d478a4acdb29a54e100c4ec0fa967d067ec04873bb92,b006da2a0ed5d2e2b98fdf3533b684f481578ce6f85c95ed5097783b9f8814b6,0,1,0,0,0,0,0,1,0,1,0,0
test-20-019.jpg,data/test/data-00020-of-00040.arrow#19,9882e4eba8139a4caf4aaab5f4a68fdc885ccdb523e2ba1a343724ebfe384755,bf239dc7f119ab0718572ab089bc946d313bf6fef34d98e16aef1a8ea5779097,0,1,0,0,0,0,0,1,0,1,0,0
test-20-020.jpg,data/test/data-00020-of-00040.arrow#20,c22924be47131d22f921f59587f202845303a1a5ff18a4481bb4db5bb36ad7e7,43137a20f87decd085c3742ee42caf2e6129c951707379348ac0719726ab9421,0,0,0,0,0,0,0,1,0,1,0,0
test-20-022.jpg,data/test/data-00020-of-00040.arrow#22,dd69ed44dd1c38475487ec3a699ca80d6878ec72581b4ff73068f31c41996d12,b6e8ab15555b7c11419a8ab6844dd8af97e49897e42a886060d6ef1baa3aa6fc,0,1,0,0,0,0,0,1,0,1,0,0
test-20-023.jpg,data/test/data-00020-of-00040.arrow#23,add70752c8538e5b3eabefe06c5f957eca2d99ea574928e70a9488ca0155d5a3,040c4d364da688865807a933c547af341ed9bf64b56444b52f93cd2de06282f0,0,1,0,0,0,0,0,1,0,1,0,0
test-20-024.jpg,data/test/data-00020-of-00040.arrow#24,209b09ca05b5de05e96d4215d981c39d10daa4ceedef7e2fb88949c93e3ef190,0a728e3dce0cd5d74a10edb441bedfeda99baa3c92eeff4a0c0b5cf591199dd5,0,1,0,0,0,0,0,1,0,1,0,0
test-20-025.jpg,data/test/data-00020-of-00040.arrow#25,b812d8674c46bb8ab86db02af2d6627f1a6957a15a62df80348348a2dea9f543,94d17e3eab6471227ae4e953b8c6041c9c4d12f07b9e0f1a3ccce792bb4c0030,0,1,0,0,0,0,0,1,0,1,0,0
test-21-000.jpg,data/test/data-00021-of-00040.arrow#0,440276086fb888ec38f5965194962e257cb004fa29210373083760d8ae884838,c544f6edae8cef683280f8eb8de78953ccc1301efaca9faa9293c70175a3e6e6,0,0,0,0,0,0,0,1,0,1,0,0
test-21-001.jpg,data/test/data-00021-of-00040.arrow#1,10245366d80d3e1d06ff8d35d7c5e753ce76b81078c10e9ef356a6e17f0a0b9d,1a66742c0e49582c0e207882c0bd44c563e767d3f0318f316a65697cc7307e27,0,0,0,0,0,0,0,1,0,1,0,0
test-21-002.jpg,data/test/data-00021-of-00040.arrow#2,118605419a3db969f0e2498e0f53df4998a06fb53cb3ba9dd4db36bd280f9933,f7b55e5c74c75c914287b6c40cf19299a35d1256c049b966b2f748f677724e6c,0,1,0,0,0,0,0,1,0,1,0,0
test-21-003.jpg,data/test/data-00021-of-00040.arrow#3,b161df5102a7b24b2c201ce22969e84f2c24daef2df5a7a5cc6e1638f7e8cf4a,1e31f5ddf12514023d8454d9c9a4e9f8767b18d3fd192e71e406225260c389c7,0,1,0,0,0,0,0,1,0,1,0,1
test-21-004.jpg,data/test/data-00021-of-00040.arrow#4,75b570f2bc7e04a92bc2a6006895eee96122e8e7618e8b30eba58017562167ae,39ad6ad3e1f114d7a5f0579d72e5131ae78da736f82a62340d422a2a2b40225c,0,1,0,0,0,0,0,1,0,1,0,0
test-21-005.jpg,data/test/data-00021-of-00040.arrow#5,8a0a567051d8ce2c5f5b91931b153d222b8c938d9ffeb194fbdd7957099f6770,6b4931531190501b617340b4e5233618c2faf4273b0dedd397f6b91abac64c20,0,1,0,0,0,0,0,1,0,1,0,0
test-21-006.jpg,data/test/data-00021-of-00040.arrow#6,07d2036c67df857b9deeb6e6cd6d0d5f781ebdf71ce1cdc5c578ee2f2735091d,db61f4657a994c111c1937ac944207e48c8ceb66c5be33a999452cbc63db4846,0,0,0,0,0,0,0,1,0,1,1,0
test-21-007.jpg,data/test/data-00021-of-00040.arrow#7,e08017b7b51c0f55da1e9b55cd26a2bf90a76edfc66a63a0444cf03a709b4041,471e32fb3b4d2552eb9f35a7d41b93ed49c13074a189df6dfff828f9979b02da,0,0,0,0,0,0,0,1,0,1,0,0
test-21-008.jpg,data/test/data-00021-of-00040.arrow#8,65ce3f8ebcd6ea163591716d1babe78e5e98c387ecbb3fce5289bfad9aa306dc,385669ae78accece9f2187942cc3a637ab8e49eb72371c2752697082e620d5ad,0,1,0,0,0,0,0,1,0,1,0,0
test-21-009.jpg,data/test/data-00021-of-00040.arrow#9,e04da50016994fbcc4221a83dba735e9a41e395480dc19f5e3cd7b9062a4224e,475777d57dd26b7263f5e9b3239b143b0ddfe072462700fa554495593769c8d7,0,1,0,0,0,0,0,1,0,1,0,0
test-21-010.jpg,data/test/data-00021-of-00040.arrow#10,770af5d937dd033dd1202c6bf89bf71c7d63d7bcf5e21e0c5359fabc96baffa6,9598e5045dfe950d5a2fe6449a2963b88cf048cc24cd842056ff6b8fb751fea4,0,1,0,0,0,1,0,1,0,1,0,1
test-21-011.jpg,data/test/data-00021-of-00040.arrow#11,a60cc8d24539eb6e2d3d62e8cb02117b60fcac4241252d3da3978b424e8ba40c,0d3aade3f63ffe98be21123d7a75e627aa11f63d41e47788ee78966970533686,0,1,0,0,0,0,0,1,0,1,0,0
test-21-012.jpg,data/test/data-00021-of-00040.arrow#12,ef95ded39ca880d567d93cf9c2e4a64c550a6265908a8ab02b5d4b006a060e4b,65b3ce796ddfa51cee3fcad0c070e6b1e1204f0b33a4bd29d74c3b22623b30de,0,1,0,0,0,0,0,1,0,1,0,0
test-21-013.jpg,data/test/data-00021-of-00040.arrow#13,c046d1fe1f9d652a80b11595a989c74b929cbb57761f952027854aeaebb2e7ab,31be374fc416bc3994791c0eea0d31ecf7c30165e54f73921deedc7ba8666f45,0,0,0,0,0,0,0,1,0,1,0,0
test-21-014.jpg,data/test/data-00021-of-00040.arrow#14,8a24dff136e97d2b1622d407aef58a176d8428140eddfbc32418a4a11e3c18e4,4d334038b437152069320a213c31487de6b92457afc6e2eb98a2b57f736a1487,0,0,0,0,0,0,0,1,0,1,0,0
test-21-015.jpg,data/test/data-00021-of-00040.arrow#15,c61a79dd9888b841af16f02c6a8b2fa9299b7fd9aba4cbd7645afaea27910cee,a5c212a23fce354776a0fecfd1f730a4e846dfe54472c37d5c993ece4e9c5d1e,0,1,0,0,0,0,0,1,0,1,0,1
test-21-016.jpg,data/test/data-00021-of-00040.arrow#16,d3fbf8d6fedb614fc78a7486a1e97f464de3d99f3ec2b14ea4d072ba663c93c7,5442270aa2111bf30a89606e3ad06c7cf6e719139b5ba87f6182d731a8102da1,0,1,0,0,0,0,0,1,0,1,0,1
test-21-017.jpg,data/test/data-00021-of-00040.arrow#17,57b438ea497d4d889f421bc6f0f12146f2b654dde550a573c9dc6e6373480c0b,94e4d1d6975decb7d89aa6bfac3fe6aba1d396059d9bafa8af29d74b421a229c,0,1,0,0,0,0,0,1,0,1,0,1
test-21-018.jpg,data/test/data-00021-of-00040.arrow#18,f68aa09668b04c5cb02b7de61238e7b5c99602e88b39e04069938989063a9898,15b83b837a1fc0d3575ced2bdfd04b40fbe9f54677a6eed3a0c5a05edf1c1229,0,1,0,0,0,0,0,1,0,1,0,1
test-21-019.jpg,data/test/data-00021-of-00040.arrow#19,3281db72812234e708cf281a03c130942ed148e19bbe6bd57623c2e35db52394,a105fd30f0ba2ea88c32803e3efa855225c851a3f5baf37662359a90679a9d8d,1,1,0,0,0,0,0,1,0,1,0,1
test-21-020.jpg,data/test/data-00021-of-00040.arrow#20,de2f8f54f9aadf7586d6dfee3cd7e386e16a4d98d1389894f38c1c15535bae56,1126c4d433cec4c23e3649668d1fbe94833a2d2c0df12be8160e5b32a62d043b,0,1,0,0,0,0,0,0,0,1,0,1
test-21-021.jpg,data/test/data-00021-of-00040.arrow#21,8a23db97e53b7f107e64d6fccef7f19b2a2caec878ff4e9f19fe254df7d7a146,0590e1bb5a0fbb7faca6dd567811940ed8de3e49b962cce62d3ad4811121c1a0,0,0,0,0,0,0,0,0,0,1,0,1
test-21-022.jpg,data/test/data-00021-of-00040.arrow#22,a5020cbf1c4ea884fb009067c429a66de94ac94de2fb28ba39e1921ea251cb55,f0403458e60e7a8a65eccb87b58d02897cc44112ec8f524c71681d82631b2591,0,1,0,0,0,0,0,1,0,1,0,1
test-21-023.jpg,data/test/data-00021-of-00040.arrow#23,2b999a6a506f283567046c43b5d6367ce840f6b0cd711505669cb8fa0f1c11f4,463ea2264253126d47e75dec0a6a258277c9abae93df424dcf48738878b811e3,0,1,0,0,0,0,0,0,0,1,0,1
test-21-024.jpg,data/test/data-00021-of-00040.arrow#24,f6716607c7e0f843de32dc99ae1b041fc9e0cc431b1734a9ba7d377a5107e384,4be0ac291c19edf993b3df9ad72bcc60321a046f0a05b29f76645436f5896e9e,0,1,0,0,0,0,0,1,0,1,0,1
test-21-025.jpg,data/test/data-00021-of-00040.arrow#25,7a2a7e70f8ce4d15c3f6b8d75c6530386209846222547980d9987a1ac9422472,71478a343955d9e92a94eb7df1cfb25f00d1a345057213dac0bf81981e3d42df,0,1,0,0,0,0,0,1,0,1,0,1
test-22-000.jpg,data/test/data-00022-of-00040.arrow#0,21404310535aa46ed715018172df6f36f84c0c879cda28baea506283f9516ea1,881a7908ccb554ba2d4d609bd21058bc328e1d5ba7a62da876f4c24ff9aaa0da,0,1,0,0,0,0,0,1,0,1,0,0
test-22-001.jpg,data/test/data-00022-of-00040.arrow#1,2a4552f7206586cd4b2c96e36788e627aedd13b166f59adaca123e29f233b6e9,8f180686b219955a065b6608c365931f2bb121e0da170ba8885aa21fd9cea101,0,1,0,0,0,0,0,1,0,1,0,1
test-22-002.jpg,data/test/data-00022-of-00040.arrow#2,6269afd6c3a538f8d38f4af3fe3fcbb1921a9702abb441564cca32a46fad6650,835ea413b3ad0e40c50c2362c665c5aa4afefa72ea64bffcf7569f116e38d5b2,0,1,0,0,0,0,0,1,0,1,0,0
test-22-003.jpg,data/test/data-00022-of-00040.arrow#3,d127fb6f60901d56ca1399d4132e948aa803ade583763d8d8c8276ef90dbed3c,5618082766acaa34cea26049866dba34d040b20c7a165c3ddfa9310ffcb46ab1,0,1,0,0,0,0,0,1,0,1,0,0
test-22-004.jpg,data/test/data-00022-of-00040.arrow#4,f74e96c1a7b42ebc9e2cb2b315621b724f73dad01f8c609b2f225713d892e209,25d76f9b03bc66e9855f4f949621650e5065cace93add9dd06b25aaf87fdaa65,0,1,0,0,0,0,0,1,0,1,0,1
test-22-005.jpg,data/test/data-00022-of-00040.arrow#5,48fc1742a59c4f07f10a1c7553b13509e19af58a35159af7a75179d75f322395,af4c33631ac776814a582bac96049b9cc6be647435235e08630f0638abd08717,0,1,0,0,0,0,0,1,0,1,0,0
test-22-006.jpg,data/test/data-00022-of-00040.arrow#6,2ae2246f3ca973c96055fff29d0206589c8339d90ed608232a4c0dc9346b9940,4941dc254933f9a8ce75d33e9190bd7e8cd77b3917e857114d03e8c46b1ace57,0,0,0,0,0,0,0,1,0,1,0,1
test-22-007.jpg,data/test/data-00022-of-00040.arrow#7,fc610fe9a70811ba346a606deb4a616203289223af969b9655ba26a0e37fbf6b,ed05f3b99ffe28e13b6108d63d67421e55a570f0dda2ccae671a63f15ea18161,0,0,0,0,0,0,0,0,0,1,0,0
test-22-008.jpg,data/test/data-00022-of-00040.arrow#8,314c9cb110ad862c09a6e02e58c553ecc54d5a3614b1463027139eb97ae4e96d,4aba2e7111856ef674c580ec2c2329817d65ac77e96220b72e90180284c4855f,0,1,0,0,0,0,0,0,0,1,0,1
test-22-009.jpg,data/test/data-00022-of-00040.arrow#9,28124d52e845a95c1ccb7a81beab9d6609ada987831d9f15eaf7b07de354ef61,748127bce30bebb8fb8a78c366898fbf4df4f7b4bfb8714703ecb8ca2bfae8b7,0,1,0,0,0,0,0,1,0,1,0,0
test-22-010.jpg,data/test/data-00022-of-00040.arrow#10,8c4f66806b7ae959250bf2856bf4157fc817c36ea90c8c1997d3fcb5de2cf643,bbc8e992a25ddf77096b64be4387e5221c901cf4ff8e8ed557be1a3e5717d288,0,1,0,0,0,0,0,1,0,1,0,0
test-22-011.jpg,data/test/data-00022-of-00040.arrow#11,43ce1a2e921decf3307afe70e4fd1d229926f5f1df79178550fa4f40d91e9d2d,0279cf76ec8b0985707aa01b7252fce51a0ef7d98ee052a078dcb3a9335ed37b,0,0,0,0,0,0,0,1,0,1,0,1
test-22-012.jpg,data/test/data-00022-of-00040.arrow#12,81a2608cb9207353ae000622b5c2af30c904276a6602d5dc9d219c058dcd4239,adbeab79ba96e109ac8567b4ef98b34cd9136fb144f7b7abf7e0b96483dc521d,0,0,0,0,0,0,0,1,0,1,0,1
test-22-013.jpg,data/test/data-00022-of-00040.arrow#13,a7251e958e2f2744ede8c4cbaca41ecdef9b9126a5e07106df4bd6617f8f0a5e,0785b1ac9e50117abc10811dcd41829f4ed05639f60b72ed93d3f106688e2d8f,0,0,0,0,0,0,0,1,0,1,0,1
test-22-014.jpg,data/test/data-00022-of-00040.arrow#14,0202a7cdaddae928e9f9098e8e66aafd60f330e9a9fee7e600d840ad69152b17,610389da448949e88e2bfb05615df2d8dc177b6c7254e62c4e1856b56a930248,0,0,0,0,0,0,0,1,0,1,0,1
test-22-015.jpg,data/test/data-00022-of-00040.arrow#15,1aaff5e9420f2e62b1281e5cc258f870d5c3ae922c909050b2101885fbd9809e,d49fc0f35d4849c994bad972f7d2abc37c49be009de7d05f64d2f4c855cd0efd,0,0,0,0,0,0,0,0,0,1,0,1
test-22-016.jpg,data/test/data-00022-of-00040.arrow#16,205d2b79681b6ca4ff585d183adaae7514b768fd66110b4f01d9e2f737069b27,1a936ac59f6d80604cadf604a2b08681e5da7842b725bfbcbad4a32de3c9f5e5,0,1,0,0,0,0,0,1,0,1,0,1
test-22-017.jpg,data/test/data-00022-of-00040.arrow#17,8e4995ca671756e7bb408d57e92b303f9da451857f703ba22bd13d613dbf3cc1,d06f530d66dea40f8f9c39c44e2c58615c2ba45678aca06cc349fed20618683c,0,0,0,0,0,0,0,0,0,1,0,1
test-22-018.jpg,data/test/data-00022-of-00040.arrow#18,90187818483ce44249b866ceb5928f16897cd816ea77c6c35a8a58219a03b8ea,e4a969204396d865344c90d263e5b5bba676e26383d609dc6f51fb716e6deb2d,0,0,0,0,0,0,0,1,0,1,0,0
test-22-019.jpg,data/test/data-00022-of-00040.arrow#19,a71c47320dc7029197f74b82f5d9db6b9e2fd2e4fbcdbc1a1d403354c1fa1489,b50a02a0b6f191c02e11139424a1d11020940b688d9202d2f4b39e09a1d89202,0,1,0,0,0,0,0,1,0,1,0,1
test-22-020.jpg,data/test/data-00022-of-00040.arrow#20,49574684d36f5a5d4a785043dcd04172a9cd550ed3ac7a463ff77caa50239cd7,f6537b4e2043d579e3136d807b57aac3c23019380d56a34ff8c17ee9442dd9af,0,1,0,0,0,0,0,1,0,1,0,1
test-22-021.jpg,data/test/data-00022-of-00040.arrow#21,2687b46a5a3232cfa146a1d5f047af55f077916d1a632b9f82f4e6c4b9f8934c,5c42b906ab46ced022a6ee8427c99047f36f3a9f1ef3f5a619a4f98c49f7318e,0,1,0,0,0,0,0,0,0,1,0,0
test-22-022.jpg,data/test/data-00022-of-00040.arrow#22,adfc862d3a6e8207c3e7f53a9cec57afb03dd2937d07555748bb66645ccdc6cb,85d1c03b07aec2beeba715345e0439177f1277263734b94ade1c6695b6cb2f41,0,1,0,0,0,0,0,1,0,1,0,1
test-22-023.jpg,data/test/data-00022-of-00040.arrow#23,fbef8d552b1f93263f109e35566b591886ef557ea12196a479385af0938738b8,7646369d904fcf09dc2e26d22ce5a96c5926a382834cee84b644504fdad5623f,0,1,0,0,0,0,0,1,0,1,0,1
test-22-024.jpg,data/test/data-00022-of-00040.arrow#24,f701e227cf5c30270f91a266ae415d77039943ecb29ba050275c1655d0a8f688,86ec82006f96cdd93876f1fd51f2b01a7c56cdaf4e544a7833ba63f28c524be6,0,1,0,0,0,0,0,0,0,1,0,1
test-22-025.jpg,data/test/data-00022-of-00040.arrow#25,490f573a69e5023f344baf1dc1e6aa2cf41a0584a60815a66eaea088cf06f71d,2285a6707dcd672fdbe6c295786cc5d9573c15db120f6e47c843a025f4abe3b4,0,0,0,0,0,0,0,0,0,1,1,1
test-23-000.jpg,data/test/data-00023-of-00040.arrow#0,0f953bfaca3091b90fc7d66ccdf409269e7fd0999634639756af52a4708209a3,37bcd5452bd443b5d7f5170fad6d65cd7265c8caa9d63999bf802a26cebbb36d,0,1,0,0,0,0,0,1,0,1,1,0
test-23-001.jpg,data/test/data-00023-of-00040.arrow#1,17e166288894e737bcdc1fbd254e3665a292f20aac4fb955bb6e32d5fd2c5402,a36eeb13eecc771aa8d3d276fdc6505bc88119a38a7f09fe17c56203457da8fe,0,1,0,0,0,0,0,1,0,1,0,0
test-23-002.jpg,data/test/data-00023-of-00040.arrow#2,a6cecc8b5ce4fbdb1458118bfe0eb06a4757b97f2de607985ed009fc62131374,a8d812205c96e90e53d49e9ef54b10bfb214ddfde1bc03b5e0e9ad617c8bf8cf,0,1,0,0,0,0,0,1,0,1,0,1
test-23-003.jpg,data/test/data-00023-of-00040.arrow#3,63c4858112a9d83ec2b0e119645dbd79708e7c6d6760ddcea06a81d9e63b8a8e,69158745633e8788e5bca0a16b269ad1dbbc217df10163b74d1a7b3d3e2b1331,0,0,0,0,0,0,0,0,0,1,0,1
test-23-004.jpg,data/test/data-00023-of-00040.arrow#4,ce835ac69b6dc6aa77c7b8e0bdb707aed40962dcc3a80247350f5abcec9f745b,5df2a72f59d133669674ead84b7ab1113c04586e19a9c4d68e9020cfe39fa491,0,1,0,0,0,0,0,1,0,1,0,1
test-23-005.jpg,data/test/data-00023-of-00040.arrow#5,15079661318f298353a9ae184386ed5cade600c10e71d3161c8a2e570756a81f,9f8edf3eef8c5efd91dfc422aed4ca5cb39027f8a791f3cd2e1955a71ba27365,0,1,0,0,0,0,0,1,0,1,0,0
test-23-006.jpg,data/test/data-00023-of-00040.arrow#6,34a8be9c0b27a42fdfa2ef77169cf7451e46b152ffbe964fbc18433731474bf8,a8318e2f39743f68894d1a87c4a842c935bfe216627cbf63ae38ef2ab6ab5031,0,1,0,0,0,0,0,1,0,1,0,1
test-23-007.jpg,data/test/data-00023-of-00040.arrow#7,673bf0101aa6e76ece8e85f1fe39023d3c13c16dc1864775629b61f877dec33c,04f1bc2478a584b228de2e44d8d2c2aac64b7b7f1601a3ec8c5188a529d6f758,0,1,0,0,0,0,0,1,0,1,0,0
test-23-008.jpg,data/test/data-00023-of-00040.arrow#8,54070873d07dbf0a59722037d1c34b89472d72a2497b2d5f61642056e65a9a03,b1e12a69718dc68b44c726ccbed7196d22631f79da6a715ead2f07f4f4e3bf9e,0,1,0,0,0,0,0,1,0,1,0,1
test-23-009.jpg,data/test/data-00023-of-00040.arrow#9,abcc690432f945b35a8c911a449b2a0ecfd65d2a9dbd5c5715716860cd7f136b,49af8f8285def0c778e1890e408d223d70d155e4cbaa42a33e5e62242f936c6b,0,1,0,0,0,0,0,1,0,1,0,1
test-23-010.jpg,data/test/data-00023-of-00040.arrow#10,9add2bb68c7fe7ec0072518d564f84323cae28cd4448209c8c3d847d3061a0b0,07bcfe96f234090be01242b93f558e01db4230ba5784b84da82e6b1228bd98f3,0,1,0,0,0,0,0,1,0,1,0,0
test-23-011.jpg,data/test/data-00023-of-00040.arrow#11,5dbcbbe21cdcd6655b34ac02e0ed73666abe0aa515b522d5bfc1aec430dbcb31,edcd072ba32a9a41149c52954af38a8188a714e06da4ce7dff55cdadf192669b,0,1,0,0,0,0,0,1,0,1,0,1
test-23-012.jpg,data/test/data-00023-of-00040.arrow#12,5eb1881c3bf18fb2700985f437ea87c905b87b1be5183f2d08a84b60036c3251,f83a751d016df9863ad0deb38befa7a59d8a59254b85ea514a5816a9fbd5f6af,0,1,0,0,0,0,0,1,0,1,0,0
test-23-013.jpg,data/test/data-00023-of-00040.arrow#13,af877c97c30adc90cee480c2f9ff26b515ea4bd685d6691a34f51541f0ca9c09,0e71aea33934d1abcc665ad0e75f6f8f6270cbf541e3b89ef7a7fe7de76bbc94,0,0,0,0,0,0,0,1,0,1,0,0
test-23-014.jpg,data/test/data-00023-of-00040.arrow#14,3ee79969f6744bc238cf8cc4ce8cd4704ae374e6fd29fd9a4fcc9a428ea13fcc,092b508c5e12de8133da78a169d93cf5c0e62e10355e67fab5e51f0a28ecb4c5,0,1,0,0,0,0,0,1,0,1,0,0
test-23-015.jpg,data/test/data-00023-of-00040.arrow#15,5532253cbacaca8679145ffea1f65ae75a3e507c2e810956a955b7514f10139a,1b802a17c8d813e29391da7ae5c2eef3537bd7ff424ffa8d1fa64dfa3c7b719f,0,0,0,0,0,0,0,0,0,1,0,1
test-23-016.jpg,data/test/data-00023-of-00040.arrow#16,96edb507ffbc27886f6a4b7d26a40d6e47ca15de88794fab8788c116e29a2c88,c029712d896ab86d2be7a9767b97467856269b479e21c11a2e3cf7d663d4755a,0,0,0,0,0,0,0,0,0,1,0,1
test-23-017.jpg,data/test/data-00023-of-00040.arrow#17,ae326e20507cced40c633c828af963c71c3adaa4fca6c4cc9b5871d7cba1ab35,cba1ac5400e63c8d1db36a9aab95c44b04cbf0589c8c8471be48dd34c7fb93ff,0,1,0,0,0,0,0,1,0,1,0,1
test-23-018.jpg,data/test/data-00023-of-00040.arrow#18,587f9065d463e28a05da8da0ce63b3782a2138fcd373d1e33a16bcdc91c8053e,8010cef930ac9876810fcc2063d14a45a48139e0fcb21d73ac4c84470e92cb15,0,0,0,0,0,0,0,0,0,1,0,1
test-23-019.jpg,data/test/data-00023-of-00040.arrow#19,0edc5792f65bc989e386ada969cb1812be1385c2fa06a10aa4edfde09edab434,17bd38cb0e8c26c122d5f2b8037dfecd70f5baab6788c65ad7897d8105ebb924,0,0,0,0,0,0,0,0,0,1,0,1
test-23-020.jpg,data/test/data-00023-of-00040.arrow#20,cbd470c76a2af3cba48c4c41b9b88e781f7a2ffef912100d2cfe6d5a9accbe88,ba959418dd0031e2f1e465b7b8bdd651c84c844725ba4610e93a829bb41406ad,0,1,0,0,0,0,0,1,0,1,1,1
test-23-021.jpg,data/test/data-00023-of-00040.arrow#21,44fd9abcca4c27927cf5e49c418bed721fe2f51ba66971b331382b6ef0c05e5f,aef400c426b15d494e1065dc5f4920eb59d7f614c1e4ce69292d188fa662240e,0,1,0,0,0,0,0,1,0,1,0,1
test-23-022.jpg,data/test/data-00023-of-00040.arrow#22,6d2773a4a20c2cbac6f6abb822cf5082666f338ba5a77f1385fed6f692e18b6e,6eeee52523d7ddb39145028df47f7201907cb314818089a6323807b3977a3414,0,1,0,0,0,0,0,1,0,1,0,1
test-23-023.jpg,data/test/data-00023-of-00040.arrow#23,65b49f845985e18eaeed030e72931f0a86b980e4553bde4bcd58bfce92d08eef,923c7d5c6eef6cf1368cc120e06792e815e6abd46f2d2532eea7507a5d5b50e6,0,1,0,0,0,0,0,1,0,1,0,1
test-23-024.jpg,data/test/data-00023-of-00040.arrow#24,f64f485ee852524da0e0a38bf0b83bf3c72f438e4979559888bd2b31431467b3,2a25b2650863dad4b417760e6a034a39480e5af86acbefdcb48a9e9b03894ae7,0,1,0,0,0,0,0,1,0,1,0,1
test-23-025.jpg,data/test/data-00023-of-00040.arrow#25,d32439a287ac99b1d398445654eb53c153d950ddc777875c9ad1b1f4bbd9dc44,95c6288176e9010f05c5263b20ea664afd84a497000238901ad589f5f5f88bb5,0,1,0,0,0,0,0,1,0,1,0,0
test-24-000.jpg,data/test/data-00024-of-00040.arrow#0,52aa0a9ec54fe29cbb20bf51aa10be5b437326834e24c5108a47d5cb900019b1,bd6ea7d93e47a5dc52c77448fbdf71093b4ce85e40b5a9e8145405a12ac10587,0,1,0,0,0,0,0,1,0,1,0,1
test-24-001.jpg,data/test/data-00024-of-00040.arrow#1,9cc04badedcf0ca5ee026b8df3af6855baec58882f0e54b7cbb948001c12fae1,b72e133fc115b1dbadcf37762a218b295b7fc3c2e57179de2e22f9032b2243b3,0,1,0,0,0,0,0,1,0,1,0,1
test-24-002.jpg,data/test/data-00024-of-00040.arrow#2,97b8a71bdcb8bd98285096100a4349cabcbe49aeaf8798a965101fff23b21015,ed18502f3c3cc34d1191f0e62376d1a71c288c483a439cb983b76e940743c339,0,0,0,0,0,0,0,0,0,1,1,0
test-24-003.jpg,data/test/data-00024-of-00040.arrow#3,72b06ffcbffd4e9c41f9fec9362a6cf093ff6badd21977889ba024343183f3d0,d02d442d497e65cc7fd4f74488fd5d20ff5f05fae93b8c76cb666e4442de8fec,0,0,0,0,0,0,0,0,0,1,0,1
test-24-004.jpg,data/test/data-00024-of-00040.arrow#4,ddc772c1ea74f18d38fae4635587c6abd42b4606810ccf6d455bc1a4504c506a,0a366813b8c030c347534bc9a6e3ae5e72d538d5388958747a81b43bb8f824b5,0,1,0,0,0,0,0,1,0,1,0,0
test-24-005.jpg,data/test/data-00024-of-00040.arrow#5,76d9055a6774ea3397b6b93046222430a39fc61c3e84c673b541ee9d76804c98,400dd2721ee89c3fdb4cd252a84a445f7207843ecb227f91044ef8d45c9245bc,0,1,0,0,0,0,0,1,0,1,1,0
test-24-006.jpg,data/test/data-00024-of-00040.arrow#6,60cc8ebece3dead7855ad1d3b7a321d199b24bfaa0c46931e43fe8b8e9ad3ed8,5bd9c994f1f676ab19c03f1ef5679dd2c427f6090c10e04b1f97afec6e86a7cc,0,1,0,0,0,0,0,1,0,1,0,1
test-24-007.jpg,data/test/data-00024-of-00040.arrow#7,efd9b1962e64a3ef9c4dfe53ac1c7431f6ecc1cd9ae5de3ea85a08bde95c15f6,68823d573f44ca4f6d461bf706d6774aa4e3fcf3eec86f60aa28a8c3a7e33387,0,1,0,0,0,0,0,1,0,1,0,1
test-24-008.jpg,data/test/data-00024-of-00040.arrow#8,b73ed12fc783cb49ded31eecbe894390ae55a8f65167d43c019c890cb92b0559,5633f6c4c1b8da3f87417d9b35fd48109d197cd9a814e569c2bdf2656ea8f397,0,1,0,0,0,0,0,1,0,1,0,1
test-24-009.jpg,data/test/data-00024-of-00040.arrow#9,b81701222e365fd27f729fe08c83117a771263de1f7a6236d38e3ef6dd8fd352,ed80a87ad79258d6e5f202dd8ce4c10357c1444ee2e9844bdd697c3903ad7bc9,0,1,0,0,0,0,0,1,0,1,0,1
test-24-010.jpg,data/test/data-00024-of-00040.arrow#10,72feac358ca3c1459730877f330d2d2b8046fe20e350eb5cea749c9b72a015ae,7f82130a1710d5df6d00061536699cdbb682e763b5b95703e6a6d598d7fd8a8d,0,1,0,0,0,0,0,1,0,1,0,1
test-24-011.jpg,data/test/data-00024-of-00040.arrow#11,136840159185b9f6b7b65b2971994a7edca0cc9b8e434c8b49798fad6b7024d1,2aa2a43c6377f1d45203bc8760b07e5f948aa39fa3b0f8a079c436d91b93ae2d,0,0,0,0,0,0,0,1,0,1,0,0
test-24-012.jpg,data/test/data-00024-of-00040.arrow#12,f2293c3386536c41f7298624ca8d04be5847efef18743712d2321058f2133bf6,c258e6af1ceb38b8f3cec25800ea018381ed8c6b81a5f49a8244c1ae87e785c0,0,1,0,0,0,0,0,1,0,1,0,1
test-24-013.jpg,data/test/data-00024-of-00040.arrow#13,a42a93aff1051154c1e741d13745f37f82fb2003702dd5279d3da82e9e1d66f5,8e8919965cafa71c74ca259a2dc871be3e4ada44899afa0b335538f997283f29,0,1,0,0,0,0,0,1,0,1,0,1
test-24-014.jpg,data/test/data-00024-of-00040.arrow#14,720d1fae44fc116f2677ebcbe25838858204634ee133af1bd78ff9c7e10fbc71,ad9cab7a46ee2c4841fab7d91bd27ebb641765315695c4e018205ad79b26ea31,0,1,0,0,0,0,0,1,0,1,0,1
test-24-015.jpg,data/test/data-00024-of-00040.arrow#15,7b387364a43c9a847e036b8621de5adaf440a05bc21d1468a66825489dc0cc77,0cac3a0cfda0aa7ac3e244b6f76704c008fba3aa56e6b3e760bf4c234fb58870,0,1,0,0,0,0,0,1,0,1,0,1
test-24-016.jpg,data/test/data-00024-of-00040.arrow#16,cc77438fe2de2d0d4667f77baebc5c2a347a7a632630853ccd03bf160fd1a36c,bec2d2f42a06ea59d75e539978e9968f83f7b02b1bbb0daf999aec4ca70f9bad,0,0,0,0,0,0,0,0,0,1,0,0
test-24-017.jpg,data/test/data-00024-of-00040.arrow#17,75a4be0ff9d1fcd8c26060a77846e53d18e9b41889eca7f99794273c0794bf1f,e0d5d90a790ad151eaefb2817f46e00465672e6e506c0e469dafd97b4e4db4e3,0,1,0,0,0,0,0,1,0,1,0,1
test-24-018.jpg,data/test/data-00024-of-00040.arrow#18,889601131572a0e9a683221bf2cba538d0cc85d7e010bfccbb9ee3baea885874,e9143d2bd2e2791df52ee68f5c8b1b6df9da749e1315c7e49e3ec82b0db7cd57,0,1,0,0,0,0,0,0,0,1,0,1
test-24-019.jpg,data/test/data-00024-of-00040.arrow#19,acc7d388f8cd5ea68339d229b734a69c35d39528a5c33b9e57e491c54aed0eca,a42a8a106b628109fcc071003651c45b9087ef618eb8a09e56a6fea2d886321a,0,1,0,0,0,0,0,1,0,1,0,1
test-24-020.jpg,data/test/data-00024-of-00040.arrow#20,89744994172990e138b86ffa4cc425f97c3dc4710f81953d67af5c71995ef3ed,e874e31dedc69feab565c98dd753e3ea6f12c23952afdba6d8bd9a7b9c35d4ff,0,1,0,0,0,0,0,1,0,1,0,0
test-24-021.jpg,data/test/data-00024-of-00040.arrow#21,9a404ebb271ea98993528c24823aa74bea55aa4f50d4a31aab53bfdaaef5968a,e26454f9b1515547be27cd48def1c0ad5afe0c079dbd6bea1e10e6157425b1c4,0,1,0,0,0,0,0,1,0,1,0,0
test-24-022.jpg,data/test/data-00024-of-00040.arrow#22,28e82a62eaa1bcc83b42966429a28edfe6a7e3281467ce0032ad0b3935bdd334,97ca5863b76b6b8dded982402dee8b9a571db25814ae6fff7376e51045b0738f,0,1,0,0,0,0,0,1,0,1,0,0
test-24-023.jpg,data/test/data-00024-of-00040.arrow#23,524fd154b583553f911b89cb276df1294d04018be56371fdfb247b768a12a297,59a949c3d08315a4cd8ecd503cb427a2d3fb7df816e569c23012360e2a58c987,0,1,0,0,0,0,0,1,0,1,0,0
test-24-024.jpg,data/test/data-00024-of-00040.arrow#24,23e0a9688f416539d0926bf8bdf395ac4c39591f8415c9f55de0745b6000363c,6b84a4e519431975225b5c2d1df831c4117c5d99eb3d953344a633bed3527e3e,0,1,0,0,0,0,0,1,0,1,0,1
test-24-025.jpg,data/test/data-00024-of-00040.arrow#25,360639295de5f09d50144eec0123e1c949fe9292e084c64d342dd3f4d1b97d83,5363d1d66a04e61fbe014dbd7ab25d254f6b9f0ffd6c66ca5800b8b1d93cab55,0,1,0,0,0,0,0,1,0,1,0,0
test-25-000.jpg,data/test/data-00025-of-00040.arrow#0,b70520fc5338da5a330c5c5e61d781e26fda76ffc6f07843353bc57eea037428,54752e4a1c6d5c968fd685675d7e0c376a4ba31b843de7178b5a671cfec2cece,0,1,0,0,0,0,0,1,0,1,0,1
test-25-001.jpg,data/test/data-00025-of-00040.arrow#1,ba6990841d3f483aa0128581384b84836c14b9450e31492262b626ac0cfc916e,90c0430bc196e5d6c0595ae9caec73519b14d019aef2b819fa52505dfd46bac4,0,0,0,0,0,0,0,0,0,1,0,1
test-25-002.jpg,data/test/data-00025-of-00040.arrow#2,60eacb6c1acb663bda9a15c8b343e7a889b0587f0579bd27aca32f6f5055141a,edd50a1bbaa2560d49dd298d9d4272560f6c344ad69833ddf6b5270abfe67277,0,0,0,0,0,0,0,1,0,1,0,1
test-25-003.jpg,data/test/data-00025-of-00040.arrow#3,b43cf4729b457b4cdc3fc213d2ef30cbfbd467cc01289f4b43981f7ec734273c,3f5275174d7442d4bfc5edbc99df2d957a513f1c45a22aadb86e931c597f0d56,0,1,0,0,0,0,0,1,0,1,0,0
test-25-004.jpg,data/test/data-00025-of-00040.arrow#4,016d15c53e5abdbf8cc290c822809c616aecbd1e878385c47f95f21350112f13,7a70c8a6f84a8e490a4e0678803d62e0057ecd6c769b9df489f21380cf20c710,0,1,0,0,0,0,0,1,0,1,0,1
test-25-005.jpg,data/test/data-00025-of-00040.arrow#5,024e18d4f5d533a14b0307be1142562f4b2c60a38f92ec50c3d3695a3e337871,6447db1c8d94427f27dae5a905f3a6b5d465ea3f9678996417e12ac6a6db99eb,0,1,0,0,0,0,0,1,0,1,0,1
test-25-006.jpg,data/test/data-00025-of-00040.arrow#6,536bfcf2424262aeeb41b3fa556d8ceba6591f95b3e7d6134126f3deb56f544e,d986bc25176cc952290be283c7ba4eb35305ce2d079f771b124fd6b17fd2594f,0,1,0,0,0,0,0,1,0,1,1,0
test-25-007.jpg,data/test/data-00025-of-00040.arrow#7,c712776a1d3340fd3d7818ab01d390a9a85236721308ab7cb867a60d24dfaf57,693d7ebad229e63ab0fe546b8c56d3b26036f024186be983486edbe93d0b9b6f,0,1,0,0,0,0,0,1,0,1,1,0
test-25-008.jpg,data/test/data-00025-of-00040.arrow#8,54bce7b5e6ddecc1ffa597309afdba3e19276ce9a7b629da3ff0344a61e220da,c22abf60d343f6c182cb8d1c84bd754d5b7db7ba4b5927e92c0b4a5bf4ae3d7f,0,1,0,0,0,0,0,1,0,1,1,1
test-25-009.jpg,data/test/data-00025-of-00040.arrow#9,3a9c9b63a2384b72aabb4b6156331f596e2b1cdd006103d56d7fdc1473549b0a,6283c3f342ad0ef5c28477f82db4f1610f403102a766b83f3d2d9afca18da0a7,0,1,0,0,0,0,0,0,0,1,1,1
test-25-010.jpg,data/test/data-00025-of-00040.arrow#10,c37b98009f4c2cd7ec717e5d98b005d49e69432f8869a20ac37a12d29c4bc842,5c08020fc5617c800a9d88d3001aa76d5e15700f9acb2feb672b256344075d8f,0,0,0,0,0,0,0,0,0,1,0,1
test-25-011.jpg,data/test/data-00025-of-00040.arrow#11,4c7769073e778cce54153f5927667a6d3199c54a1c53679cf0b70deaf4bd79b2,87bcc5d43146eabad04253e247f9aee64a59e793dc138e00cf60140cbd96f00e,0,1,0,0,0,0,0,1,0,1,0,1
test-25-012.jpg,data/test/data-00025-of-00040.arrow#12,fa66f2d85887a9a3f2a8f1881d52af340a30b698cc8086cb7d5b95a1ea19cfe9,b5f5c1a5baae1a5d5bc38c05c679e0ba355c1dabcc9cc0c966c3bf0ff3f73662,0,0,0,0,0,0,0,0,0,1,0,1
test-25-013.jpg,data/test/data-00025-of-00040.arrow#13,4af35a94396bfc6d6af9cc5a3b09e691c507e6d9ec39f0e73757c5588865539e,681597cbb667ab91f91931736660310bebd0604e3e2d6f594c30d3f11c3f8c9a,0,0,0,0,0,0,0,0,0,1,0,1
test-25-014.jpg,data/test/data-00025-of-00040.arrow#14,5142dacc3de3365b9ed90a66897700a9a5634662d85c551e40a9416d4e29005e,30398dca2120574f3ff71ffe7c4c2fe366761b4187b767e82f7d513f95c3d72a,0,0,0,0,0,0,0,0,0,1,0,1
test-25-015.jpg,data/test/data-00025-of-00040.arrow#15,8bede21f1e017fabb53f20d851d7bb46ed44bb0795a652003fee8b70d668c1aa,7f75cca53078e489db2b7c602c3640b4453826683b1e525a5a6c25c149b27b93,0,0,0,0,0,0,0,0,0,1,0,0
test-25-016.jpg,data/test/data-00025-of-00040.arrow#16,da61ad361c1c2850b7b52dcc7aff00d5aaca17cdabd501a56db6348154cdfdf5,1de61155ae438c6a07a588cc7530381ea4d0c7c99e67922b715d9b671b04c3ef,0,0,0,0,0,0,0,0,0,1,1,0
test-25-017.jpg,data/test/data-00025-of-00040.arrow#17,5aba4c823e4480e2796ff87a3b473513901da5315b61ca20ef4ec26e79c8887e,94af56281c9880c3bea6640d8a20edd7ddd057333baa6364f068c948efd873c0,0,1,0,0,0,0,0,1,0,1,0,1
test-25-018.jpg,data/test/data-00025-of-00040.arrow#18,ca4deb37e9ca3abee1c2d480eac2cd0b487408b5a57b567439d1939187f8faad,26948fc2bb4aca4f2ca729b2809364a18db087f7670057d5e16cad596271e955,0,0,0,0,0,0,0,0,0,1,0,1
test-25-019.jpg,data/test/data-00025-of-00040.arrow#19,08acc770ef8b1c96295887fab38e76d9da5469f6eeae420f5beb8efe129eb575,5eae9840f4c14a642dbbda97506973cc18a323c916961cb6fb29a4c832595031,0,1,0,0,0,0,0,1,0,1,0,1
test-25-020.jpg,data/test/data-00025-of-00040.arrow#20,1b46722f6d9f395729ebedc5ee0f7fd286d210a79a889835fe518fadcbf03851,ec57054495bfe91b5e9670df0dc275abc14514639ae160db7f2a8b6279f09ced,0,1,0,0,0,0,0,0,0,1,0,1
test-25-021.jpg,data/test/data-00025-of-00040.arrow#21,f35ea5d2075b348fb629e07f1f25f5f2e6df86be322df2038190a2d17dd2bb71,e754952246ac4b2a2500001ec120caf318fe4b59270e9c84ef9e93dba0cf4d14,0,0,0,0,0,0,0,0,0,1,0,1
test-25-022.jpg,data/test/data-00025-of-00040.arrow#22,ce1e90c643d8de913f1a22e48d18a30c9406838aae8c011e2caf90df1cbb94cb,8e1859ce7952c696c16833cb1886f2f6e931a5cd0286ff4c056ff3f075308d7b,0,1,0,0,0,0,0,1,0,1,0,1
test-25-023.jpg,data/test/data-00025-of-00040.arrow#23,9a1efe00c747501aa595cdbfe1b2ee5819372605b0ab370cb703bfc672aae0fa,cf2b1d905fd0bd4b07860c86bf9c134e1e502b3862c31260afb98872d3390007,0,1,0,0,0,0,0,1,0,1,0,1
test-25-024.jpg,data/test/data-00025-of-00040.arrow#24,3bdb52f91abf51f920a5e04520444ad92adc5bc117508cb1e953d61d2dea1054,754d0eba02e70c67ae5540b875b68e92980e24a578d16d21e94b34785980acdb,0,1,0,0,0,0,0,1,0,1,0,1
test-25-025.jpg,data/test/data-00025-of-00040.arrow#25,2b6e5bc71800aa4b4defceb4bc81796a41dfc484f9148eea98ea390412adfd92,dabe7b1faaea3eda4f9ebf102d4b2a475e498a00651c00e360e737f0e71b5e0f,0,0,0,0,0,0,0,1,0,1,0,0
test-26-000.jpg,data/test/data-00026-of-00040.arrow#0,3a077fafc84fdb94ac03a936937cabfd6db158b495d9f7d899ae2b93e6520261,a6af5004ef43c7f44b9ac11d92dadebebf31993a735b219cc4435e831093d67b,0,0,0,0,0,0,0,1,0,1,0,0
test-26-001.jpg,data/test/data-00026-of-00040.arrow#1,8e8143421e832272152224d54679f4d8c087f4dbaa15d2a7fdbec360dd4ae535,a09f40c104ca6015a5a21601540dad9c520f1ce8009feb01e5dc0727e98327b5,0,0,0,0,0,0,0,0,0,1,1,0
test-26-002.jpg,data/test/data-00026-of-00040.arrow#2,1c34b26a843fa3ebbffbf7c74a9d5e854fccd33e75444b43e8ce16d9a5a2550f,9e84326b1a2d3d12efeab8da709d7ec967226b49fa734b1f188b1b29f7cfeb37,0,1,0,0,0,0,0,1,0,1,0,1
test-26-003.jpg,data/test/data-00026-of-00040.arrow#3,bf95a637e70a77a0aaba3564919524ed9d66985f12b705d3891b8d3abed6d568,61c2d58a1cbe13e879f2c0cd44649dd9c0015973ef4d4e80ea5abc5416b4f8eb,0,1,0,0,0,0,0,1,0,1,0,1
test-26-004.jpg,data/test/data-00026-of-00040.arrow#4,a63a8a25b518d3bf60760e896a7b3ae35101f81ff233853890ff02c8e88262dc,a783f5d83aa7ba703598622af8963296bcdf460b761c2648424e91f31d4b351f,0,0,0,0,0,0,0,0,0,1,0,1
test-26-005.jpg,data/test/data-00026-of-00040.arrow#5,92035677ef3e578a3396f45ec777ebd4c1c6fdd1febd59e50c419eead4de4d94,498872969f598060ef39cc10eaa3a07c0de155b28d33f8736d3fde4573ce0b69,0,0,0,0,0,0,0,0,0,1,0,1
test-26-006.jpg,data/test/data-00026-of-00040.arrow#6,1e07d8e08a712db9796ac17179aab86c50d6f25f163bbea5b2d19e1f1daa42b2,9d0daf214a825731f45ce61c75dadfe8c851553f7d092b3ea28f02ce6b32afb9,0,1,0,0,0,0,0,1,0,1,0,1
test-26-007.jpg,data/test/data-00026-of-00040.arrow#7,1aeceeae01cefcbce90be1f04e128debcbaf44bf9b1ee7f3338019b2cb2264be,ad4cc4c17efe5a926db498ad518544d1b6053a844d0d89b96283480e18807426,0,1,0,0,0,0,0,1,0,1,0,1
test-26-008.jpg,data/test/data-00026-of-00040.arrow#8,2fb9125195c45314eae931f43d6835105524e34b2afd38c4daee1ce4df6d91ea,1e701bbf460c3a3571ad9c7ff48580b18f6093edc52ca23267c4e3224ffa83ef,0,1,0,0,0,0,0,1,0,1,0,1
test-26-009.jpg,data/test/data-00026-of-00040.arrow#9,8d23d80555f6deecef9ab1539645f15a1014a939267a217d519abbc426ebc1aa,f0ce51816205d77b72fc753a9818643ff296b35fbada2cfaefcd74a57a5f2c45,0,1,0,0,0,0,0,1,0,1,0,0
test-26-010.jpg,data/test/data-00026-of-00040.arrow#10,e91a23762295aa89ec8520545dbb98112deed9e95bb3ee94448a0b3fdb8b820a,cec52cbaad1c2a5f78bcdee48715a6f762f5c589d28490258a26cb4d6f3ceebf,0,0,0,0,0,0,0,1,0,1,0,1
test-26-011.jpg,data/test/data-00026-of-00040.arrow#11,355b2efca5e4d8342f8986fa8a089ab7a363161d7f542ea62768f1e3157f2860,1efcf4d7f0762867915b81341f08c58f2004cc2106dee1c08cf33afab2673c4c,0,0,0,0,0,0,0,0,0,1,0,0
test-26-012.jpg,data/test/data-00026-of-00040.arrow#12,5cad0ce10a338a8f704f1bb2a4718abfcda28d54752a980b985ae3c3df222c8b,e1bf9f70707ed065716aa68ef14d0138941967d331d0a8a9ddf9d43c2a245352,0,1,0,0,0,0,0,0,0,1,0,1
test-26-013.jpg,data/test/data-00026-of-00040.arrow#13,6e3cc53235c6f54db61cf3aaad7789a649162f07d564b3b0e4ead3c22ee2901d,5d3a08799125de840ae71228b80a04468be7cb696b6a288f6df9ffb4b9448374,0,1,0,0,0,0,0,1,0,1,0,0
test-26-014.jpg,data/test/data-00026-of-00040.arrow#14,81ce64979731d60e24d647e66e9f50f014e396872911eb3ca223d5d74f4a1b59,e10417eae9cf5b5adb3d23312418c26a2e20d78dc0e4de2cc9de6dca1e02b53e,0,1,0,0,0,0,0,1,0,1,0,1
test-26-015.jpg,data/test/data-00026-of-00040.arrow#15,6e79fc6138776f43c9b6782e04a174cd51507c85ccbbf0b70765993d5856cde6,d3fa793a97c26252082de30c18cad51d3d51061e03ffa802f1cbd08f58147572,0,1,0,0,0,0,0,1,0,1,0,1
test-26-016.jpg,data/test/data-00026-of-00040.arrow#16,e73483b2d6b10adb2b16d3d2b9fae61bd7b88db258b750199f8a12d6928f6f3e,3d03f02a0896b7cece5f5c926d77d0dd55db8d90e637e8681f5f723821e1224b,0,1,0,0,0,0,0,1,0,1,0,1
test-26-017.jpg,data/test/data-00026-of-00040.arrow#17,269884999b5760b47551de7517e69661bce7c2916f211a7875369c03d44ee195,a5c20603c97f86d51b63966d112913584ea157a445b18829149ad17fd22a6c90,0,1,0,0,0,0,0,1,0,1,0,1
test-26-018.jpg,data/test/data-00026-of-00040.arrow#18,303ab88b1e4d779969942dc0d04ea66b29fa1dc41ff69ddd24276e6945a0e0e6,42c47849186f6a6fd51ca162ef83bb2d6aa43ef82fb8f5cdc25a101143acc64a,0,1,0,0,0,0,0,1,0,1,0,1
test-26-019.jpg,data/test/data-00026-of-00040.arrow#19,f92109d20248c4cc70a67b19a55fb211980827f9134cc73bda376b84e685b8da,d83a266e2a2f4da88a464f334eb228402e9dc45778b52afd525fdb31288fc5f2,0,1,0,0,0,0,0,1,0,1,0,1
test-26-020.jpg,data/test/data-00026-of-00040.arrow#20,d82e729f7dbc363590bbb7117e0632fad5f89bc623fb651463e64cf5453ab8e8,b832bea44f8660b0d8805e8f8bed61323457079f4e1e9572c2e81e71d5826936,0,1,0,0,0,0,0,1,0,1,0,0
test-26-021.jpg,data/test/data-00026-of-00040.arrow#21,9e9781e4bfea560bf4985c4dbd5f4e2a9f37b2d0080b4baad1fef2e9d897fef1,22d5a06246f7f672cc747acf54b1f6096cdee73e9093921636e24c2644fac9a5,0,0,0,0,0,0,0,1,0,1,0,0
test-26-022.jpg,data/test/data-00026-of-00040.arrow#22,6257a06b0d46b3a14d3e943321320c1071917cd2b8f6e51f9b666365e2af6e82,41532b6fc99531d66a1df769b099f6468fc182be8b207569e05bab673d1a9d7a,0,1,0,0,0,0,0,1,0,1,0,0
test-26-023.jpg,data/test/data-00026-of-00040.arrow#23,241efc7c8f54a1dd4979e8a19e450cc02526b39ad0d7c22fcd767664220cc054,821788ee715a21e9e38f5a226641eef594523f5ed27723c6b244d1ec86affd66,0,1,0,0,0,0,0,1,0,1,0,1
test-26-024.jpg,data/test/data-00026-of-00040.arrow#24,0c4493491b34718134040469d60fc9d0fc1bc58ac6306722fdfe00f6619cbe94,85439b04ab7df82da062e2d70d07070576ba1dc4f0c08806c9b3b6b40bd62f71,0,1,0,0,0,0,0,1,0,1,0,1
test-26-025.jpg,data/test/data-00026-of-00040.arrow#25,cccc6a8471eea15adbfae19c529dff337073126387c23aa209369784718d949e,cb860bdc48976dba80148b846060e2766849dacc87429afa63de9a9f3ede8af3,0,0,0,0,0,0,0,0,0,1,0,0
test-27-000.jpg,data/test/data-00027-of-00040.arrow#0,18a973a7d46f8829d3176639544d5b640e65383319693ccd4d95c0c584c2ca6e,9d434ebba3d1ab468ec91a973a37260f0c921db1d3c8316ee0b0b75d49bb2e29,0,1,0,0,0,0,0,1,0,1,0,1
test-27-001.jpg,data/test/data-00027-of-00040.arrow#1,e2a5657e193c631687bc862f10247bdadb30244559c498ef95c4bdaf1a6a8b81,2ba38d56f37542005e4bbd11a2214e168a833e408f0bb126ed953ac96ae136b5,0,1,0,0,0,0,0,1,0,1,0,1
test-27-002.jpg,data/test/data-00027-of-00040.arrow#2,d0b21b5ad8a08f716d58e47677b9d94ce5ce35629e9af48ad73eaea8f309fcf2,04b0bc44ae7965f25309800423a3c0b1aff0b3a42b91c829790dc4f7c8820ddc,0,0,0,0,0,0,0,0,0,1,0,1
test-27-003.jpg,data/test/data-00027-of-00040.arrow#3,09b839b07a1066736625be17743042f292635dd8d78bd855239f57a0f47397d9,2b3aa9b629a59c4832c5b06642d1802de4a429ffe56a69784ff63532c7e3ae85,0,0,0,0,0,0,0,0,0,1,0,0
test-27-004.jpg,data/test/data-00027-of-00040.arrow#4,dd5ab49f06cad11ff587c3b777187361735e3a772ed961ca5d9e88b6f4768732,7c7f928b2d754a8674dd14a296f9adac0106fcfaeddb677f3c6dbf1305600fcc,0,1,0,0,0,0,0,1,0,1,0,0
test-27-005.jpg,data/test/data-00027-of-00040.arrow#5,cbf5a4bab726a9af397a5ef991968eca7fc07d5b7eb74bae45e6413b64fee847,da4e8ce76c80fd4ab71b7cfa64eb403616ae0c008fe7c1cdbdf756deebcfd37b,0,1,0,0,0,0,0,1,0,1,0,1
test-27-006.jpg,data/test/data-00027-of-00040.arrow#6,332ee5fa9866cc3a07960636c8ccbd3cf27fc53a3b0e8272c48739a7fe2af646,cce398b6e11a1e1c58c21240f2fb3cabf2c30f8993c3fef4b31921709150e07b,0,1,0,0,0,0,0,1,0,1,0,1
test-27-007.jpg,data/test/data-00027-of-00040.arrow#7,1c89c6933d2f561f1066219e6a926d85a784917233ec67c98251d00ab7238287,41bbe72b72f651b4d630ca6cae0470882f8589c70619a4de7dbab5d547553210,0,0,0,0,0,0,0,0,0,1,0,0
test-27-008.jpg,data/test/data-00027-of-00040.arrow#8,eee9f7fd1f486c3b425d4e4fadc9eefcdd98fead75fca55fab5b7c4c875ca386,daae90e4fadf12d3c9ec8dfb2ce20d2cd3b29196e5af1003f91d45b11255b6f8,0,1,0,0,0,0,0,1,0,1,0,1
test-27-009.jpg,data/test/data-00027-of-00040.arrow#9,584a01017b4a2ca2a7bf3d2d3a2176b44b23f3140ffc6a689e3fb6e96c11b9a9,d76bbe1236fa58dc9dcd87bcfc9291991ce53d351564b42115b4a03f1b2cdb12,0,1,0,0,0,0,0,1,0,1,0,0
test-27-010.jpg,data/test/data-00027-of-00040.arrow#10,51f0ef9ed87762c39a74daf6f45f1f61209b7963a332ded6c074749885fc44a5,06a126e073b5d83094a788f964fbda0650b981c9dbfa4b0f9bce0c45fca554a3,0,0,0,0,0,0,0,1,0,1,0,0
test-27-011.jpg,data/test/data-00027-of-00040.arrow#11,f8d18e6dab3e12ed322c492ca9b375a560cf25731c6b6d573d2575d065972538,faa2439d90511672e3fbe113af8f1a30db8917661de6e320b0de2885b6d2070a,0,1,0,0,0,0,0,1,0,1,0,0
test-27-012.jpg,data/test/data-00027-of-00040.arrow#12,121993f2cca703b8c6a7e2be31b81b911f348f9dfa2d5b2fe0375b3e10777202,dc5cc8ea533ddcec9bf84a2e27e74fe03ce0fdf888439ad7325aad50667411cd,0,1,0,0,0,0,0,1,0,1,0,0
test-27-013.jpg,data/test/data-00027-of-00040.arrow#13,7195aca191c63c4a9ccfe5a85e7a6a262bec872ef9b918cd7cf62b600440b5ff,da053d6f359a10046f5b27ee3fa22c1d2990bfa65d1398cfa0e03ebca1e7c225,0,1,0,0,0,0,0,0,0,1,0,0
test-27-014.jpg,data/test/data-00027-of-00040.arrow#14,369d1ef6b3f0bd78f3b59dc739fbfce8e7f32fa29b4420f0df30fad1dca8e801,55509f6bd10a63cb612e0a57bece0b90e856390d7ed3dfb5a9aaf3aabcd3a681,0,1,0,0,0,0,0,1,0,1,0,0
test-27-015.jpg,data/test/data-00027-of-00040.arrow#15,e689f1d328d77ab9c99b3c32e8c0540bc0b7223061c4a677c65e3cebd2e643c1,9d34c4aacf02cf8f4f77ab5ae708a4718b5a40fb47d71a336e88b2fe7c4ca3ea,0,1,0,0,0,0,0,1,0,1,0,0
test-27-016.jpg,data/test/data-00027-of-00040.arrow#16,091ea14da22e1de4c5db283c3b83d8403dcee47fbdfd574941916f80bacf4a33,84c662e711816b37b46873b1f28ab8fb31cb827a37401c3434aa11c1a5bbc4ad,0,1,0,0,0,0,0,1,0,1,0,0
test-27-017.jpg,data/test/data-00027-of-00040.arrow#17,4ab258b832d1e28800fd1b42cb3977874b69d3e23312c647e87c08959b54d1f7,c6942d1af3df5f7464fa385176346db9f933249bb1196e89db23a916433c794e,0,1,0,0,0,0,0,1,0,1,0,0
test-27-018.jpg,data/test/data-00027-of-00040.arrow#18,75200a0169b89d20f164dbadf0621a795b4809c5f6e7072e6267e79d758dad5a,5e4fed0a662c04ef6d29a9fddc79c9052e87b8df4b5216db98ea08dea34424a4,0,1,0,0,0,0,0,1,0,1,0,0
test-27-019.jpg,data/test/data-00027-of-00040.arrow#19,1ed731ad665ff425f5427ab1fc0e433c55c0cf4ca7fd0b34e10300dc7f53b0db,043fa4a4a491c15f07e2f5cb4721fefb49fab60a9b1e94b261d7547007af3766,0,1,0,0,0,0,0,1,0,1,0,1
test-27-020.jpg,data/test/data-00027-of-00040.arrow#20,4dda13070ec4c364690508b8f330a64d09d559579264d96d485db1ea590907e3,dbe0c5e7dd0c4f4cf1094908e10fc3d9289ee0ac28e7a7316baaf827c36280ef,0,1,0,0,0,0,0,1,0,1,0,0
test-27-021.jpg,data/test/data-00027-of-00040.arrow#21,4d5969e8b3f83c37bcee741efae907f43d662f67cd11ad5eb6b570538c3f55b2,114f9a30ac3a90aaabe06c280e8e9e9974c51ef026590cd6bcb0c514549ec552,0,1,0,0,0,0,0,1,0,1,0,0
test-27-022.jpg,data/test/data-00027-of-00040.arrow#22,1c26cb024c0d3e635106b41286a8fc37e2bfecc6be03c126ad4a1ecf31b29163,5ee01fd4bde6902f7dc6fc6ad4f2f81da0f3a483db2ace020a0960dcec9dada2,0,1,0,0,0,0,0,1,0,1,0,1
test-27-023.jpg,data/test/data-00027-of-00040.arrow#23,9bc68f6880f56c78dd075f18a82556cb0606332edb01e33baf0b17804a4763a7,296ec8bbf3474152fd7156fad20edc9d0eadd12af938e98804936d57886253d4,0,1,0,0,0,0,0,1,0,1,0,0
test-27-024.jpg,data/test/data-00027-of-00040.arrow#24,63629611327430c05c15c8cc663102d63e0594e7718b9801123a5ea54ffcbb64,cfc0ae229891eec06e96219b2f8aa6a1fbbcc69d68100266f9a455d7026b1c89,0,0,0,0,0,0,0,1,0,1,0,1
test-27-025.jpg,data/test/data-00027-of-00040.arrow#25,8af38831787193937d3d81a13522cf404ad9d833afa6c9f4c79ac167c1164494,84bc00e2824102143a59dda36fcf8e8b12fa7f3cbede6a902e0227f179f47747,0,1,0,0,0,0,0,1,0,1,0,0
test-28-000.jpg,data/test/data-00028-of-00040.arrow#0,8ad518b06b6390838e18a623212fadd6ea8db5889f3b59e46054478c5632596e,feadd8ff26148453e32a5255ffbeb97e93f2acf2194ed29ef56c0d6c140046d1,0,0,0,0,0,0,0,0,0,1,0,1
test-28-001.jpg,data/test/data-00028-of-00040.arrow#1,bd3780dda5755900898580c167a82af1e06d2fd1d49946f72ee3f8234dc4d6b7,7269bb5f4fe971fbe67d4e8f6755a3ba8be89c16d548475c4920e02bfe193868,0,0,0,0,0,0,0,0,0,1,0,1
test-28-002.jpg,data/test/data-00028-of-00040.arrow#2,4b3fef764e881131d9eae81fec2d6708dde8147fd4afdccd2f08ff1b4d9626e3,0e31284297bdba00710f0992b4d18de9c409cfdfe900970126dac347eff259dd,0,1,0,0,0,0,0,1,0,1,0,0
test-28-003.jpg,data/test/data-00028-of-00040.arrow#3,46062df52a3d6157bbeae8d7d96061f1d36755953790abe1b6752c8df077faac,1b8e094e7925f60e17541e713c18b4341f5b80660cf93e2204cc13b36cc44f06,0,0,0,0,0,0,0,0,0,1,0,1
test-28-004.jpg,data/test/data-00028-of-00040.arrow#4,33cd9fe8e59a4163faf6527aebc7cb0fe9fc03e629d3df613da9da58d3c5edf9,970d44435fb0d48e4a1664bd77195dc455423631cf0bc5f2318df3cc27e5e714,0,1,0,0,0,0,0,1,0,1,0,0
test-28-005.jpg,data/test/data-00028-of-00040.arrow#5,5eb0c3bf935d98f2ec973acd818c9985a9186fbea09bafc5b040960faf82160b,c0dc7c0bf3ea8e4a167343b8c6a9b4f982d44b4455a04b35c037fb980af1a9ab,0,1,0,0,0,0,0,1,0,1,0,0
test-28-006.jpg,data/test/data-00028-of-00040.arrow#6,b9fef92d15b208f7fbba32495f8a68aa3f55cf6f3f1e44d71c650d86893710c3,8cba2205be69c46098b2beda80729c6715096177663243898b5c2154fc79d67e,0,1,0,0,0,0,0,1,0,1,0,0
test-28-007.jpg,data/test/data-00028-of-00040.arrow#7,55ff5119e5c1b40e86871262d31a9bead52719fb17b5f56486dda076be09c3f8,9097ff33f612fd9823accc4d92da64fb9472ba070b8f97233302810aba4be7da,0,1,0,0,0,0,0,1,0,1,0,1
test-28-008.jpg,data/test/data-00028-of-00040.arrow#8,fc520bf5f085fa5018c64716f7ea2affcf9e132f71b254da5dfc813fe86d4a0a,ba3f5d03e0e4ea56383e5474407c979ace3f9a935cb8cb95951b182c8b1aea12,0,1,0,0,0,0,0,1,0,1,0,0
test-28-009.jpg,data/test/data-00028-of-00040.arrow#9,90e2d9f03dcaef378fe061aefd8140456c7106c5d95747db538394e38dc950d4,1ee88fa7b5c63913456589ff8417841423500591b03cc4f66cbc8389c65ec3d9,0,1,0,0,0,0,0,1,0,1,0,0
test-28-010.jpg,data/test/data-00028-of-00040.arrow#10,d507363c5ab71c8df314a96b69fd363bd472b7301f26fe229c8b12a6e70d5e59,a6e7afdf360aaba7a74e183313df6857a406852d26f968a50c741d9ac61f4319,0,1,0,0,0,0,0,1,0,1,0,0
test-28-011.jpg,data/test/data-00028-of-00040.arrow#11,e6597c21c8184327a9b951a12b102d3986a2c0f2dc0e6a5dd99a1961f0adea8a,76cea60f835e312b2838d1880fcb88d6c447083f47a73e7f3f2c360823fee77b,0,1,0,0,0,0,0,0,0,1,0,0
test-28-012.jpg,data/test/data-00028-of-00040.arrow#12,d94a61e3e7d2004d516a84375a445851bbf1d16d22787cc676f907f614c3e7bf,96439d15ec348ab4b46c76d54dd5436b870952964463b3962e1d95129dd16c32,0,0,0,0,0,0,0,0,0,1,0,1
test-28-013.jpg,data/test/data-00028-of-00040.arrow#13,d5d1568e03656772aba70a734fce7d4b7061d2ca5257c66ccca26cb8578fb74a,36e2df5153bc35fbdaccab8ae6047e5561ec841d0652f85cf6f1180822e504c7,0,1,0,0,0,0,0,0,0,1,0,0
test-28-014.jpg,data/test/data-00028-of-00040.arrow#14,5df4ec89a9783669827f40ecc65b21221570f476bb573d60eec90f8ab8fb6b4a,31cccb815c5e3758d2df956cd72c7b2d8c052650d8660a12e520ba1534d6beb7,0,1,0,0,0,0,0,1,0,1,0,0
test-28-015.jpg,data/test/data-00028-of-00040.arrow#15,a7237fbf52920e3d49ba306d52fd5cc22b20d48447a68d0a08cac3f10c4115c5,d114715cf88ad165f4e6f68acfba58917a91df7d1a3771fa8ba332adcf452dba,0,1,0,0,0,0,0,0,0,1,0,1
test-28-016.jpg,data/test/data-00028-of-00040.arrow#16,901a62584058a3a35044eaa95c04b0f2d67694cdf8a06c33f416795614047c09,1dc23f9174168384814952dce1487cab6e9aa4a27de23db23130fb8f6c2f3377,0,1,0,0,0,0,0,1,0,1,0,0
test-28-017.jpg,data/test/data-00028-of-00040.arrow#17,c88e7eb9acc2208d01d6cc7671645b30795fba961e2a2096f2ca207aca9a8296,673ad35766966022415c9765bf2ff832242b38f712707787c82191e5183d0bf4,0,1,0,0,0,0,0,1,0,1,0,0
test-28-018.jpg,data/test/data-00028-of-00040.arrow#18,edfe7591fee74606a72af5e0c774f266c5303470da7372b3013075a4a91755db,f95c1eb8a459712260ce1a79d9a99684e1fdc52c918d671817e20e8e364afb39,0,1,0,0,0,0,0,1,0,1,0,0
test-28-019.jpg,data/test/data-00028-of-00040.arrow#19,b80291e7d2f2723a782c8218f5f1c4da4024f8b14d12480a3f8518e55068fb6c,b1db2fefd6625f5ecf6d73552a42e09496af3692e336719ef568ae9f337ecb40,0,1,0,0,0,0,0,1,0,1,0,0
test-28-020.jpg,data/test/data-00028-of-00040.arrow#20,157992efdf9b1f9182dc5b15e0921aca0c52ccee0a4ed254d106ea26abf3ceb0,79bae39a1db91165fc86144c5f9d620e17bc0ee1b797105c1fb211784463003a,0,1,0,0,0,0,0,1,0,1,0,0
test-28-021.jpg,data/test/data-00028-of-00040.arrow#21,f10228c6dbfe60bc3d1d4dfe9ee40eb51dbbf7e7512e1c8d40f6cb402b99999b,7b5ba5cd3579dfd25002963d701e8cf44c7abf26c0594e0e846458e623447ca8,0,1,0,0,0,0,0,1,0,1,0,0
test-28-022.jpg,data/test/data-00028-of-00040.arrow#22,dbfb3f0f9e740f1bbe2affb173b1af0fdd376def0e710f56a960f926666448e1,8ab15275f580848d93813f2c9aeb0562993c76320af02ab647b811f4c9e70bd4,0,1,0,0,0,0,0,1,0,1,0,1
test-28-023.jpg,data/test/data-00028-of-00040.arrow#23,c13f653e4717032428cfb3f2524617e2370fd4bda4f97ec0ed5496b7f6554f08,8f2f0719c0041e69dbb93f0de5960e35018d04cd50b95c410e3558b9b139b930,0,1,0,0,0,0,0,1,0,1,0,0
test-28-024.jpg,data/test/data-00028-of-00040.arrow#24,9f2b042eb787665d0eb2a7ea3eb1b8f2f4cabb1f9ee69d2c520385ed4a6b3b9d,a7d991b80ad4089e8d4897aac7bcb47e4f9728a99862c7072ca20bce3fe344c3,0,1,0,0,0,0,0,1,0,1,0,0
test-28-025.jpg,data/test/data-00028-of-00040.arrow#25,85fd25b417833c49bd9865a65c97b3f9bb8e004ff828bb0bc50ad17f3230d469,29edb8d18ac12ca3cce78837d770207df262424b50aebb4812ec948cf6c00fdb,0,1,0,0,0,0,0,1,0,1,0,0
test-29-000.jpg,data/test/data-00029-of-00040.arrow#0,3821d09d86282afeefc5be3ce442d85bdd3ec7210cd0c255140088d0d52132a2,361a24ef93bee6b39745b69f60b11483bf35df0dd95b7a733ba9ee9c475c2347,0,1,0,0,0,0,0,1,0,1,0,0
test-29-001.jpg,data/test/data-00029-of-00040.arrow#1,24fb0dfc17fddee81fa8f25d3ed835a0f43c9ab37fd91fa95dc11640a58ad5a8,bf3a1e0ce630ad6f23ad142e226b7ccc6528c31d78a4607876a52783046602c0,0,1,0,0,0,0,0,1,0,1,0,1
test-29-002.jpg,data/test/data-00029-of-00040.arrow#2,8149f92b504401cd03b5b428c70f86773ba448c986344355525ccee2abd48f4b,f513cbbbc042c1ca68cb6f16ab6627060e20cc6bc728a0fa1d79f1d05708c147,0,1,0,0,0,0,0,1,0,1,0,0
test-29-003.jpg,data/test/data-00029-of-00040.arrow#3,c8647ab82cb8b1ac0f38856f6e0e9d6db5f1e66ef065dc41ec17718f06c4529b,427a35c8093c73d1b0d8acb467a8a9edc12861cbec00b5509cfcf0cab020d952,0,1,0,0,0,0,0,1,0,1,0,0
test-29-004.jpg,data/test/data-00029-of-00040.arrow#4,29af37ab0545f513fc62d33f0f7e4bd8eda5bcca9821b2c493c4028aabeff5d3,ceed368a0af93df58753e6414c4b96fd8df77d0a4af760797f1f9a6170ebadac,0,1,0,0,0,0,0,1,0,1,0,0
test-29-005.jpg,data/test/data-00029-of-00040.arrow#5,cd90c8c8f43d181e3948aa1d0ffce028500bff5f8898de2da20af77e5bb50d8f,1cedbe3f88f6a75a839b1955aabb0b001bdccebfa4ed2e478307b7c288b54be8,0,1,0,0,0,0,0,1,0,1,0,0
test-29-006.jpg,data/test/data-00029-of-00040.arrow#6,4ec832adf07f931d25daa6d08cd66ac14b8640a4917089844652b7f67e03b56f,9d4b8a25ee340c62c10481a56a19baa6383be7235c430de70c8f29eb3986fb33,0,1,0,0,0,0,0,1,0,1,0,1
test-29-007.jpg,data/test/data-00029-of-00040.arrow#7,8c1ae637404061525027caf57df1c1d08151cbbad2230f934d74f12faa8341b0,ec8feba482bb354d4ce495aaa04f48a252628bd8f9f09428f4d402e7581298f5,0,1,0,0,0,0,0,1,0,1,0,0
test-29-008.jpg,data/test/data-00029-of-00040.arrow#8,26a3901639a7b040e9e3f07a1031138c097a6d8d24b633f93eb64de2d8ccbbde,8b97556f367e1dcbf9790294c7eac9424a76e8e7df425238fd0c339ca42d73dc,0,1,0,0,0,0,0,1,0,1,0,1
test-29-009.jpg,data/test/data-00029-of-00040.arrow#9,4bc7dd1b7793c6e7662adcf9c32026a8d1af8a3fb6d7a93ac784533297e5a458,c3e9ca6e895bdd1dd7e410bfc9085c73d9f817a10cf917830172b1b982364428,0,1,0,0,0,0,0,1,0,1,0,0
test-29-010.jpg,data/test/data-00029-of-00040.arrow#10,d7ad985090dd77afa39da0e7daa548ae39340406ee9350ef34df9330d1d85ed1,36d50f9ae6538ef0b022fb8acd34655a147215eddf19249f2f426bebf89a8dc1,0,1,0,0,0,0,0,1,0,1,0,0
test-29-011.jpg,data/test/data-00029-of-00040.arrow#11,510a9a2afe368c76f338881ef7ff9a168ccac98b0468782d78f1d893e1cb760e,e238859c7de4174a3394698613403172742d183936fb303762c92c80c65dd1f7,0,1,0,0,0,0,0,1,0,1,0,1
test-29-012.jpg,data/test/data-00029-of-00040.arrow#12,402d2ad53a06d8663fc6f0f91ef53ed2c928888ebed5b78908b579c838701912,841428ba2e7ebfc02e4c8f8c62e718ad3f1178b7b0259c0d00645d79a46360b7,0,1,0,0,0,0,0,1,0,1,0,0
test-29-013.jpg,data/test/data-00029-of-00040.arrow#13,1c66754ccd3e8ba3a21b125f3d5b2d135addae2dc712dd4dafeb41ebf8015f9d,d2df9194a04b9324b4f11a08e118af57bf9c8bb4a67cdc326f24900b6be3d134,0,1,0,0,0,0,0,1,0,1,0,0
test-29-014.jpg,data/test/data-00029-of-00040.arrow#14,491af29f84ca24e9bdae61c0c66bcc9b68cc44ee9b3c4281beac38dcce2f36ac,0ab71a2c2cd84daf01749a378892a2ea3b56bf50ec833db79ec08d32c763c7cd,0,1,0,0,0,0,0,1,0,1,0,1
test-29-015.jpg,data/test/data-00029-of-00040.arrow#15,684d72a1f47494fe9ed6c0f0f950073301ff8bf7c77ffd50be0890e24abc4f24,5d30936981357dc7300ac925ca45afd9707299ba5400fe8b7dbf12f5ffde0786,0,1,0,0,0,0,0,1,0,1,0,0
test-29-016.jpg,data/test/data-00029-of-00040.arrow#16,15c44f97ccff6d97a45ccf2b0b466eb2147328faa542191d7f4c9f963e6a3f63,fb2188e802829bda9526bffdf1a922e9811bb3800c6a42eb0ff51624aa595249,0,1,0,0,0,0,0,1,0,1,0,0
test-29-017.jpg,data/test/data-00029-of-00040.arrow#17,b7419408c554ad3e6b6e2268d0cf291e1afe09c919df5156919b9da85d58ab55,eff1917502370831cb49d2022509c65b78964b3a8d11622a021b6e02bb15be37,0,1,0,0,0,0,0,1,0,1,0,0
test-29-018.jpg,data/test/data-00029-of-00040.arrow#18,08b986fb6ca6da7a8eda479fc278d3b48e3cafcb634fb217d2e20c16f354a759,f42215acc9475f9f521137147544b392620e053d5e68ce5acd1cab8e2c326ec7,0,1,0,0,0,0,0,1,0,1,0,0
test-29-019.jpg,data/test/data-00029-of-00040.arrow#19,62ad98d6cf1f3a210d81be6a8ed3cbee8928d70786530c436a7dcaf8476c2350,5ce1b2824478dd23c301d58b4bed91cb0e2f0f69a88ba59964e49526e18235a6,0,1,0,0,0,0,0,1,0,1,0,0
test-29-020.jpg,data/test/data-00029-of-00040.arrow#20,7f7918e2ddebc0da803d2cf7a0b553d942c0c3ea437910b7ae1bb28554b4cf6e,cb60f99f5219984e8363f9b0c4736ba2ce2a2bbd04f9e25c38a35c4e9d284400,0,1,0,0,0,0,0,1,0,1,0,1
test-29-021.jpg,data/test/data-00029-of-00040.arrow#21,a87871e1b7e805e9b516b4847fcdb2fb679d00a8d1b5921c66b48bfa5fe57be3,e8b8d56fbc30572918ee986309de1d293ac93562883009ca7eee0afe68fb5a13,0,1,0,0,0,0,0,1,0,1,0,1
test-29-022.jpg,data/test/data-00029-of-00040.arrow#22,e5478e64745435edb27ec1d9de7b875b5413cfbf21aa99a0019e375db5333510,fc18090a4fbad321499b037dc0a4f41bd3dd7add9d812759b2bee2a627a8aa0d,0,1,0,0,0,0,0,1,0,1,0,0
test-29-023.jpg,data/test/data-00029-of-00040.arrow#23,de9867be7c4ae3d36633396aae3e13e5f8ad78594688c4f1fdde8314b15e69f5,e39247303dc1a5b094aa36d7831a8ad87596a2f74b2a4455b93cc46e413c2bfd,0,1,0,0,0,0,0,1,0,1,0,0
test-29-024.jpg,data/test/data-00029-of-00040.arrow#24,72efd377b02205b26e14a1241e6e009d650d1385b4298c5ea01ad949fdc70513,6fb2cee877ce7afef308fc801d88b1d90fbaa0722ded8aac3a6b501cb97045a7,0,1,0,0,0,0,0,1,0,1,0,0
test-29-025.jpg,data/test/data-00029-of-00040.arrow#25,3957de207fdfbe0d289ec5bc2d57b337639c1f4429c01b8dabfe6ae42395d4b1,23d190de63b6f7d052bd1626955c6c6de05eba02603ec0ba80ad21be50c6999a,0,1,0,0,0,0,0,1,0,1,0,0
test-30-000.jpg,data/test/data-00030-of-00040.arrow#0,6eeda2522a24b34bbb51fb918aade5a688846e5c8a78dde08c61c74fc9908a97,7a792851debafbe732a845f10e08c4a213e20289f66c0fbcf44bd54b6e5ad91b,0,1,0,0,0,0,0,1,0,1,0,0
test-30-001.jpg,data/test/data-00030-of-00040.arrow#1,ef96f510668e50455ae84232def6afc99ae53f3575fa72b3a6a5f1f90adcfb26,6aac333c73867e1854d03c0606298e273399c0a2b451b4fff120391481044f86,0,1,0,0,0,0,0,1,0,1,0,0
test-30-002.jpg,data/test/data-00030-of-00040.arrow#2,49d05b99e8fc548bfd96f25b83551f1c565a9a1ab7f253a0d8b696de9123e09a,3596bfa11861f33c7f0caf74750f9a5071a0212725682899bdeddc452751ac77,0,1,0,0,0,0,0,1,0,1,0,0
test-30-003.jpg,data/test/data-00030-of-00040.arrow#3,e0da2bb76f0ea6642cb31af99ecfd3ad721da676a59f523dc2634b913b8a9070,37bfa3deec74c1584582cae99eeab6f6c2e8fcfd616153d1d188cd866813ea2b,0,1,0,0,0,0,0,1,0,1,0,0
test-30-004.jpg,data/test/data-00030-of-00040.arrow#4,3c0ad706eb411fddaa05b360e4baa1692296ddbc8fcc0c8cb32e9637ebbad68d,5fa5dd9194edf4790426b103b79ddf6c53141ff58f237602b4e4f05b023c8a21,0,1,0,0,0,0,0,0,0,1,0,0
test-30-005.jpg,data/test/data-00030-of-00040.arrow#5,8fba55514719a231f6e65bdf24a85b54e3a1a822d7756a34c49092bfc2b361c6,c7519ca445ddf6ba0bbac9bfdc9114830d4e04d0978f37076497a4ad0833d1a0,0,1,0,0,0,0,0,1,0,1,0,0
test-30-006.jpg,data/test/data-00030-of-00040.arrow#6,47bca43ed9727f9c54efcff9056a978acd0593795458329da9ff689424b41c52,aa74d64116dbae9cb1fc2016b1b859d0b803f10ba39187f1d530d21dfa8b77c9,0,1,0,0,0,0,0,1,0,1,0,0
test-30-007.jpg,data/test/data-00030-of-00040.arrow#7,f6dfb3126584be022a80ebf5655ae5b5e909710edb40ea28604365a424344c58,fd224a6e97ce2a5ebc00aa3da4ab4c35fae8e46962d4faab2b880e7d573fe105,0,1,0,0,0,0,0,1,0,1,0,1
test-30-008.jpg,data/test/data-00030-of-00040.arrow#8,386e3ff5590d561e5ad4a27b62d78a56274b1f86abf7a8e7280ea31d1efae0fa,83576d424f780fca033b7c2edb78efb33a1b22e778c987350f3a4745ab9a48f3,0,1,0,0,0,0,0,1,0,1,0,0
test-30-009.jpg,data/test/data-00030-of-00040.arrow#9,ccaa8271013d5c965f52169a55720e04e9fb606c7e77fdc2847aa2882b27a038,7e2add5c1c92e3a9fa6b03118c610d129e9524dd96647c96fa7c9da0ea80d740,0,1,0,0,0,0,0,1,0,1,0,0
test-30-010.jpg,data/test/data-00030-of-00040.arrow#10,356cadb6038875bcb76769f95ca8620ded5739abc58427aaae39633c84f2909e,9a2490426fcf048ea376fed58e5e80fbf2cb37829bab9b31fae38863d6ebf13d,0,1,0,0,0,0,0,1,0,1,0,0
test-30-011.jpg,data/test/data-00030-of-00040.arrow#11,ee805f97a48ac5727c1f52b2775aede0cf2758eb5eab9b0c2521e2428ec03cea,547f8fd13124db0af6eff0cc5ccdf0ac10b369662775195190285818040f9623,0,1,0,0,0,0,0,1,0,1,0,0
test-30-012.jpg,data/test/data-00030-of-00040.arrow#12,81da71dbf84e6a874d17b8895a5b26320c012a15d671fa582f9d78f4d33dd722,cf5bb93ad6d6a901d0b9df6b2f949ecc2875ab66dfae6bc9658756d942cc9a17,0,1,0,0,0,0,0,1,0,1,0,0
test-30-013.jpg,data/test/data-00030-of-00040.arrow#13,079f86560e3890c039515e8fc3e04b60a3b6ca800cbddb02dfde91f132a7c793,82101b42137f9b9c10581e2162faab37151781b7cbbdacb8657326f041b7ba45,0,1,0,0,0,0,0,1,0,1,0,0
test-30-014.jpg,data/test/data-00030-of-00040.arrow#14,4928ca87e83b0cc7344484616acf275dca3fb3b7d6b6ac855b069acfd0e4cac2,6af8723e9b936cfbb658f47c93bcbfc7037a2fe4a69bf451df1984d772849125,0,1,0,0,0,0,0,1,0,1,0,0
test-30-015.jpg,data/test/data-00030-of-00040.arrow#15,4f206fb12556fbe249cc53dc320c7bbd0370a278af2fdd3551c5ee4fcb628c51,6cf9643379bbd93251ee84dcaa4c76b2c46d1d2152eb6e4f9acbf459ff4bb4be,0,1,0,0,0,0,0,1,0,1,0,1
test-30-016.jpg,data/test/data-00030-of-00040.arrow#16,0fc2ed0e47e3374ba9f7513ac80405b681e8c5e1c41bda037654e7e0cc3ecbd2,d06cb94771761b67a0f505d2998018d48858754a34e8c82e34c82df5874d4e0a,0,1,0,0,0,0,0,1,0,1,0,0
test-30-017.jpg,data/test/data-00030-of-00040.arrow#17,f001545f24c43747e188dd392a4e2bdc9a6a3bafc972db96c7a840998441a742,8ea0c504df790957750fe41cd84bd6a9c010c9301dd4051741036101fa5f39ae,0,1,0,0,0,0,0,0,0,1,0,1
test-30-018.jpg,data/test/data-00030-of-00040.arrow#18,06802a468a004cb3eedbcb3a5afda24ba232a6a8db32f0238622f4f2de6dd652,c3308099e04850fb0a316280205ed1f4fc58ff118e766b2d46eb9cdd814d7929,0,1,0,0,0,0,0,1,0,1,0,0
test-30-019.jpg,data/test/data-00030-of-00040.arrow#19,6cd942059083c45b52b6d96bf108263f89d50f496f410b2e7afe9fe585fa3b87,02edbaab9622e0b69eb7feb4560ea3bce8c89159c66e165b0b96c369ac029420,0,1,0,0,0,0,0,1,0,1,0,0
test-30-020.jpg,data/test/data-00030-of-00040.arrow#20,aeb42288cec97aa0bd1e461b8a28ee1d552bc207f6606d249a03b486035bbd94,fe704b9ce053b777d35d3e16aa69823e1e6dd5888c7a6a9f7e65139253e42fb1,0,1,0,0,0,0,0,1,0,1,0,0
test-30-021.jpg,data/test/data-00030-of-00040.arrow#21,05034bcc5279750fa4ad1631daf2e1e8b8af0afd83ac516ea4d8b6f3bf3bcf7f,d7ecb585952e8d722e341eac632d874088946b50dc0ff302d22aeff6d71688bd,0,1,0,0,0,0,0,1,0,1,0,0
test-30-022.jpg,data/test/data-00030-of-00040.arrow#22,dfa0731942ef9555961a673ff08163d5b09a2a00d21edcf3a6568550fd4f7beb,bbbdd94bc3399b7eead0fdeaf0cc1153beb781951aa9f6dd9566c1f5cae3d793,0,1,0,0,0,0,0,0,0,1,0,1
test-30-023.jpg,data/test/data-00030-of-00040.arrow#23,6c890af2d29eec375831477ff389f738242dbc2aef82ea5d5db12d818dfc3b64,9b7923e5d025b8f177d061c8012ef07ca40f8e26dad05e4ad3cae188187a7e7c,0,1,0,0,0,0,0,1,0,1,0,0
test-30-024.jpg,data/test/data-00030-of-00040.arrow#24,db947362bb99310b50ecf3a46cf2cfd7afaaa9395c4d7886985445254de68238,c93eac02cc77720dbe3c31cefddafe5a7e7d5524e4c1f4d7838a903907c96e1c,0,1,0,0,0,0,0,0,0,1,0,0
test-30-025.jpg,data/test/data-00030-of-00040.arrow#25,eac25feee576f37b3ecfc6d34dcf2730de472d27fa22064da75e69555ebe9651,1fd71cc5360424208d4f9dc7672d4401c78a60e8b69a59ea7a9103cf1f620d51,0,0,0,0,0,0,0,0,0,1,0,0
test-31-000.jpg,data/test/data-00031-of-00040.arrow#0,75ab48909b6e75edc5baa72a03645cb853a8cc20e05897b06125ce2376c95922,772ce29bf0927e5e19b83752cce06fa46da23dbfddb506b58fea410ac2437efb,0,1,0,0,0,0,0,1,0,1,0,1
test-31-001.jpg,data/test/data-00031-of-00040.arrow#1,a2b1a32410ac37273982b0cc24fb67e95f9b2ff7db545dcc7664850c82b74ee4,3e430f2bd65dfdfeeba702fce1f79d2f1ae3fbed337e8b615d3b3067f46d4850,0,0,0,0,0,0,0,0,0,1,0,0
test-31-002.jpg,data/test/data-00031-of-00040.arrow#2,7c56930bfe3d36030dbec20b3e39cd109155041182fbee645fb3ce79f9574dd7,dc554cc3ea21ade8f039cefeb2cd75b1e374bf7d0d718a955a77b3f30be49caa,0,1,0,0,0,0,0,1,0,1,0,0
test-31-003.jpg,data/test/data-00031-of-00040.arrow#3,d3df3c02b316843d59a8faca72ff1a38450add818a8ff463152071d85a08907b,5a9eeceb59eacdf2ea83c6802ccb59297de8eb36dcdd72f734ece705c50adeae,0,1,0,0,0,0,0,1,0,1,0,0
test-31-004.jpg,data/test/data-00031-of-00040.arrow#4,21da616ca2c84439e8c29b58255c9681cede8a96da8d8a27c2e2b519c48c921e,6a27b7caffbe8c567d908c44a97df4dd0e2d7bcf99c73b42d8e8ecc3ea22f02c,0,1,0,0,0,0,0,1,0,1,0,1
test-31-005.jpg,data/test/data-00031-of-00040.arrow#5,fe725c42aa3b159d715d36afc1669b9b41c833893e366bd38ecc1c57a40e60fa,72ffe951488cc2541a814f2a4e505c0a77ed6cb3a4f0523db4e3628ba31d901c,0,1,0,0,0,0,0,1,0,1,0,0
test-31-006.jpg,data/test/data-00031-of-00040.arrow#6,92f4316b10f7e0378ddabd8fbc8605602ad1cbf83fee8491d58f88f0263dec8b,991fb676f08dfbc332a164ccdc213b3778aaef43c42c63649991db3a82bc4700,0,1,0,0,0,0,0,1,0,1,0,0
test-31-007.jpg,data/test/data-00031-of-00040.arrow#7,586f3dcffc2b6f8b5506d0b717f8bdcadf0947047dd6ab5734179e5bab24bda1,4f6a6d39adcbc824757e85eb5ea113ab300f1b6b46fc722a7f7fb7e84b135b61,0,1,0,0,0,0,0,1,0,1,0,0
test-31-008.jpg,data/test/data-00031-of-00040.arrow#8,46c5d4db666e2fa476573562165b7ba383996a0509dffb6c054846cd4a859701,25d09ff633a1399e27097349c1f11a1eb626ef48603a55438d83a9f4d8415b56,0,1,0,0,0,0,0,1,0,1,0,0
test-31-009.jpg,data/test/data-00031-of-00040.arrow#9,8cdf127300ce4c1079dda38a70f777dc5756365165fa24895890de0923c1ab0c,5f4682e8a7cfd01f6555c98de7a5be90c79a5a74beea07957c8152814162b1e7,0,1,0,0,0,0,0,1,0,1,0,0
test-31-010.jpg,data/test/data-00031-of-00040.arrow#10,c306f16e1e5461259873e48788a0b4d45d6d9f37a2974c024fb7a991d2f91e2e,251f82bffbedddc36ee879247cee017f11e4626da5185f5d820406b80b2a8b71,0,1,0,0,0,0,0,1,0,1,0,1
test-31-011.jpg,data/test/data-00031-of-00040.arrow#11,5a75954b489d8ece2f97a4d0d478e8aaafba81024feaa5872af078e50e5a1ac0,515710bc5cd60315853b39f24edb4f440124866f6a6553212cbb75a13339036d,0,1,0,0,0,0,0,1,0,1,0,0
test-31-012.jpg,data/test/data-00031-of-00040.arrow#12,6a6b9cdc97158b687c04ed38b7bef613245fd9ffa4a245a891507db2672615cb,b738f8ec08e35b5a0cc8cb799500891084facb7a699fe6ccaa4b5650c131e5b8,0,1,0,0,0,0,0,1,0,1,0,0
test-31-013.jpg,data/test/data-00031-of-00040.arrow#13,66355883280ccf8c54b4fd7b2f906261b07d9f3865db0791bc962d101ebb64de,d560583b7071929399393e5af609228066d1de4631d2e3601cdef25c7695be27,0,1,0,0,0,0,0,1,0,1,0,0
test-31-014.jpg,data/test/data-00031-of-00040.arrow#14,058f76f62d75f1f536b868e4bb8220f9a48a2b48a0523c2a446cd202bda5bb11,c21bc4bd24b99f8f095f85f9f454c7ed6bac3e41626685e81ccb1efdf199dcdd,0,1,0,0,0,0,0,1,0,1,0,0
test-31-015.jpg,data/test/data-00031-of-00040.arrow#15,08840ed29cd57cb334349cfce0316cb7e8b1573979ad21ae19cb26073adc21af,ef4626cdb26678b757f2890a737d8a3b17e2b676942c525da83c40dbea106354,0,1,0,0,0,0,0,1,0,1,0,0
test-31-016.jpg,data/test/data-00031-of-00040.arrow#16,30d3696e0642a926501d7d7d26f9440e5cc64860aa7468c0f4e49b8390e34082,5bf4653736851dd2663c9c3c57a1e7ec6572e3e7ccabed14b955711d630d250e,0,1,0,0,0,0,0,1,0,1,0,0
test-31-017.jpg,data/test/data-00031-of-00040.arrow#17,6920327ce045a2f51c565a157e68350e503334083b02533a86e0e5cd4bdc18e3,0187b9badb725c33eaf1ca550109af382ee42414362ce68779fc15e54c47dfd6,0,1,0,0,0,0,0,1,0,1,0,0
test-31-018.jpg,data/test/data-00031-of-00040.arrow#18,76039a2a17484e28070aceafc26e4e81656a0517336f9c18d9291e0b8016bded,8d080e048cdc7a214cfd2e7334b26071f62568fe980fc588574c74595754b124,0,1,0,0,0,0,0,1,0,1,0,0
test-31-019.jpg,data/test/data-00031-of-00040.arrow#19,d84d3d62d6009a05db84b2d5177dc55c9b1e64ccdb38edeb6225b56efab6dcfa,c2170e02f1072a63b897bb01724209c19ae9701efc043eb72a23e7b7134a564a,0,0,0,0,0,0,0,1,0,1,0,0
test-31-020.jpg,data/test/data-00031-of-00040.arrow#20,cde3000a78073679bdbcf00a8047cb39c66dcee4d7bcfc11c9bb3c7381ac0ca7,3403da319af015401a49531e8d91ee6f72634a33ad76c3b97c001f6d889eebd1,0,1,0,0,0,0,0,1,0,1,0,0
test-31-021.jpg,data/test/data-00031-of-00040.arrow#21,0c0d5e057179fdc53469b67cb8516d9be45bbfb4c28fdb8d5433c64435067df8,9b8f11937ba1db293d1345f1a2f48920c09f5bcaaf8ba645fee35bb1b91f225b,0,1,0,0,0,0,0,1,0,1,0,1
test-31-022.jpg,data/test/data-00031-of-00040.arrow#22,fdf87f8dfb9c1d4e42c1b952a3b083bd35cd6ae721e31bf532ed205f15808984,3002824660bdeabc9126fe39f7ab74dffa4e8b2a94bb0a7ed5b06d3415e2d2c3,0,1,0,0,0,0,0,1,0,1,0,0
test-31-023.jpg,data/test/data-00031-of-00040.arrow#23,5699a28257dd4ed49c5586db4d78cf9496d7c07214c242965a1d3d7aef4edb17,9a7c81142e256295f3dde1c5f58ad5ffa59c89f6f49681c6660ae78f4e95c3a7,0,0,0,0,0,0,0,0,0,1,0,1
test-31-024.jpg,data/test/data-00031-of-00040.arrow#24,83e8b455d23ca33712ef1ca1ec62d52ca1c7668ef0e9e41a12c858c72f4a904e,0c6b932d1438b493c10c99ce519e352a8de22e0c2a64f005fd48903adb29fdde,0,1,0,0,0,0,0,1,0,1,0,0
test-31-025.jpg,data/test/data-00031-of-00040.arrow#25,615ec4377c4acc6796da5b772939a9d85de9c5b4b0da631f8a998dcf4ebda233,3da215fe8bb513c3276ac23fca37430a8d3977891391e628c634b60dc1f6d3ae,0,1,0,0,0,0,0,0,0,1,0,0
test-32-000.jpg,data/test/data-00032-of-00040.arrow#0,5e8b6fcc7aeb1c2fc54f051df27dc1366b76c38e54c1e7fb646546b62fff13f0,9ac73707f76f62eb4580129a85633290fefdacb1d19144943066a78bacc77f9b,0,1,0,0,0,0,0,1,0,1,0,0
test-32-001.jpg,data/test/data-00032-of-00040.arrow#1,67ea19707082cda09ac7c7a137fc296fe2a3fdcc93b3d4fd129e63f1893cead9,c080b2843292e13e299e5ef7b8aac62fef8b04c1b123ab7883063eed3d1b48f9,1,1,0,0,0,0,0,1,0,1,0,1
test-32-002.jpg,data/test/data-00032-of-00040.arrow#2,32864848bd07078892fce0884cc5a5dda768121e276119f543c1412a188de13f,4a4f00695afb19c1d8d01ea8af9e18684725aa06e28c4c2e7f2f55845f523405,0,1,0,0,0,0,0,1,0,1,0,0
test-32-003.jpg,data/test/data-00032-of-00040.arrow#3,e77d4c4c464ae6d374068280bd0b04b6aa3165c4d2f1936afb58a5c92a45849d,39fa2b3db49040b7d7a0d3dce13f2e20225e0d4b8c119255f26e9003b065bc57,0,1,0,0,0,0,0,1,0,1,0,0
test-32-004.jpg,data/test/data-00032-of-00040.arrow#4,c6864eace86eb20db44cf8606ee1c3311b53873a4a8937839c7050a11f7c094f,97548a1e01776e082c5e4034a1842d22a24df0263df31a59eac704e96801b084,0,1,0,0,0,0,0,1,0,1,0,0
test-32-005.jpg,data/test/data-00032-of-00040.arrow#5,bbf2c43dc0aafcbcab3aacf0422a8ea1af5b7ab8666560eef87f053b8b7d09e8,3dbbbc0cfc71196287339a4a5b7bd769d24fe34bed52dd05738e5d195bf07154,0,1,0,0,0,0,0,1,0,1,0,0
test-32-006.jpg,data/test/data-00032-of-00040.arrow#6,e22e897d1ed1dd04e1862f81ea2315f7b2dd1d934128c9bf3b620b7aed3dbce2,313b5123352aa470597d06432f6e204a2da45c6645bb22ff4a4d89c9e4291860,0,1,0,0,0,0,0,1,0,1,0,0
test-32-007.jpg,data/test/data-00032-of-00040.arrow#7,cbbc000f75e90cceb57dcba57fc3c75fbbb76bc75cb85ee6c04abcb1d02c2cb4,3a97792989c83ff379b20d460b1fc46f0823367ae78d0d77734dcd8db3847c91,0,1,0,0,0,0,0,1,0,1,0,0
test-32-008.jpg,data/test/data-00032-of-00040.arrow#8,b7c7602147e49dec792d78c080cbf306c602f6d71011c546aa4699b3a3dbdd74,3b0ac766113c22150cd00d98d0503fdd6bb66d7d7a6d8752f53aa8814b38722a,0,1,0,0,0,0,0,1,0,1,0,1
test-32-009.jpg,data/test/data-00032-of-00040.arrow#9,7059d543aad3c76b876d78488f6f3dfc680a02d1c60caa08ae4cc3c0e044563b,e5e673fa3ff2df3237a4d662ec53b4b63946a8fa22ea4a08c95a78f5f831952a,0,1,0,0,0,0,0,1,0,1,0,0
test-32-010.jpg,data/test/data-00032-of-00040.arrow#10,2736b387604a4e3b814683995e6a9564ebbacc61e7d4724b8f91467f80040702,ad7b502bb0b792261d93ae19d7bd6bbee51691b1ca9a1427fe505222a6c3dfa9,0,1,0,0,0,0,0,1,0,1,0,0
test-32-011.jpg,data/test/data-00032-of-00040.arrow#11,1f391a9cd7bf887ed31871fc90d3b11200100e11541fce308cd68205a7b4f5a4,ca60a7985d547c7c4e95874cd00d804466ea97ebb60fca12708376342de4a5d0,0,1,0,0,0,0,0,1,0,1,0,1
test-32-012.jpg,data/test/data-00032-of-00040.arrow#12,4d7fa501c50437b7d29e494f5b71002591fc660b998e9590ffee48fcd9680504,c38f8ceadda420c0fdab0340cfc5af3f30b23c29165475c085cb9ec42e71df85,0,1,0,0,0,0,0,1,0,1,0,1
test-32-013.jpg,data/test/data-00032-of-00040.arrow#13,57207973b5e940e60e190b814343a79af7888699dfc6e7b6801522955e2c0746,91130763dcc8c693b4621d319d6df434b9c200c4e54a87e81c2ba2b8fb3c58db,0,1,0,0,0,0,0,1,0,1,0,0
test-32-014.jpg,data/test/data-00032-of-00040.arrow#14,df21e9d35ad926f3a02c317724fa5937bda2b24d1cb738e4fa70e063292ef120,239b467dd5e90ffbbefdce3d3744dc43569c0dbe54e83b20b77240f3828c557b,0,1,0,0,0,0,0,1,0,1,0,0
test-32-015.jpg,data/test/data-00032-of-00040.arrow#15,5c9102a79486ce292ffe6e26df1f74825dba27499e0d0e1132b0a63b928fb960,c5c7e8d0468da5294a2bc4e407a94740424a805ff12cd71311430bc3a9c9abbe,0,1,0,0,0,0,0,1,0,1,0,0
test-32-016.jpg,data/test/data-00032-of-00040.arrow#16,75211942e148f7febe83a280d58152577e9d2e275734386d7407e8797896a6dd,ec3b23297e4a2de623be110aab12f4650044a936e6d9fbace041b224616b2ead,0,1,0,0,0,0,0,1,0,1,0,1
test-32-017.jpg,data/test/data-00032-of-00040.arrow#17,3d82071eba9a98be4414af3e6277d434da22a2f140ba7383203a15bf13e9a5a2,4d23a7cec90ff55b371e54bde66b9ead1f85071e5eb31a3be3b97f21f6c94d62,0,1,0,0,0,0,0,1,0,1,0,1
test-32-018.jpg,data/test/data-00032-of-00040.arrow#18,ccbbfcd98576e4b9fba3f1d6ee5b2090975943e1833f5b7fbb0e1e23c6218e91,0bfb0b70806015e869ff4c4498618dcfcc0c3616b1dc413b60a863260ca268d4,0,1,0,0,0,0,0,0,0,1,0,0
test-32-019.jpg,data/test/data-00032-of-00040.arrow#19,ff8f794292b8a2105715fd008b2d8839911ccbab5553c86cc0a244c5adfb7389,ae7ff9003db8e49e77459aa827537906bc9f4b626bcfd4666e83fa4b94bc4f01,0,1,0,0,0,0,0,1,0,1,0,0
test-32-020.jpg,data/test/data-00032-of-00040.arrow#20,332a3c3e645b6edd5daddf1d00722048f8d3bea0faae3dad9593fff140a7fc6d,c523a83d9bab5d2212b988f828fb38ebf9ab7f4b5b5b8824bcb8bf28de3d5bcc,0,1,0,0,0,0,0,1,0,1,0,0
test-32-021.jpg,data/test/data-00032-of-00040.arrow#21,3841dc44f6daf6634d928e0b741fa6e917da9add968c4f9ee484f138ec5586bb,c21ce42adeaec4a85b74df7a3b1f712aa42cc9c73ccd5f1a70a43431a2db796d,0,1,0,0,0,0,0,1,0,1,0,0
test-32-022.jpg,data/test/data-00032-of-00040.arrow#22,d12287c6d12d9c7474af0a63dde73b376039c4579a222660936551ede7136064,a46ec5d26f6d20e62867b951f8c4a3eaa91b3ee0e227c7be51ed5b6306f0ac22,0,1,0,0,0,0,0,1,0,1,0,1
test-32-023.jpg,data/test/data-00032-of-00040.arrow#23,0e74ed9a5120c9290bdf0cb7a411ded151c9c91e3a720a64c9e80b780dffb5fa,2b1ec4197dc4c5191d419d2839daa21169332957f4fbf9d17eff71e6e1f3f386,0,1,0,0,0,0,0,1,0,1,0,0
test-32-024.jpg,data/test/data-00032-of-00040.arrow#24,70a08b9616726411ea51878e96fb648bd71bc776e3cd2e5650e60dd54247c2d6,48f23f784ffb7337b3faa3b333ecc7beb5147156754ef5ff66080436f85d0356,0,1,0,0,0,0,0,1,0,1,0,0
test-32-025.jpg,data/test/data-00032-of-00040.arrow#25,ca2df7a4e75ab0f5162283d0884b63c355fdef474dee024485a682af2ebe4670,584d4916cd8b9f826e52b03190a00ffe140b888c496a68862e7a8297ec3ec128,0,1,0,0,0,0,0,1,0,1,0,1
test-33-000.jpg,data/test/data-00033-of-00040.arrow#0,23c847b038ef11bae48af533bfccb992ba98b048ddfc3bd06ed898a2d7f9d119,18e20495fb67eebdee2004c2629a0d5825dcdc1d5fba8a44a5e1a0b64ca7bd72,0,1,0,0,0,0,0,1,0,1,0,1
test-33-001.jpg,data/test/data-00033-of-00040.arrow#1,d6e2cc89bb02611d3042c84c8acbe7aa29f3a330bcd415f7abde02c8408b6a24,a55a486eaa6e23f58016400aea41707d314c5ffb2f250f9e347b4225e6bef967,0,1,0,0,0,0,0,1,0,1,0,0
test-33-002.jpg,data/test/data-00033-of-00040.arrow#2,6c8d9f05c93eb709f7215fa59726f0a82fec82804939f40ce7ad9bfa52d80a94,b767eeb38233b692549a32ec6f92becdd7e39a6ce1c63bb74b23f986e545535f,0,1,0,0,0,0,0,1,0,1,0,0
test-33-003.jpg,data/test/data-00033-of-00040.arrow#3,bc882730516c86c637c7e6fe0f62f1ca806e78ef489e42809625b50a27eb3adb,8ec039aaceb95c2b3bff436be603b7091f8c774c73766835dbdbe7bd921ec128,0,1,0,0,0,0,0,1,0,1,0,0
test-33-004.jpg,data/test/data-00033-of-00040.arrow#4,d0aa1a9216bcd49453ca0477227189e1fa1d09d3e68f08413942de05506024f7,0f9f0434a9df5da2bf31bff43e06f515d7f672e69bf775ad838cafd229b26406,0,1,0,0,0,0,0,1,0,1,0,0
test-33-005.jpg,data/test/data-00033-of-00040.arrow#5,c044d7eae889f70fc1d8051a781f2ee61e1dfac7e551aca2c0fd592a26be4363,8594cd95cf0ccce8e459f50e70afd6ea7850a184286714ef4730e4196c413e9c,0,1,0,0,0,0,0,1,0,1,0,0
test-33-006.jpg,data/test/data-00033-of-00040.arrow#6,93517c5dee583ff86f255efff392154afe55ddc2aa30b997f53e6fc9279d8d39,b9e6a0cc93191309f854f62dfe9f8a9173998d10ea7b1b8c21934552f8949440,0,1,0,0,0,0,0,1,0,1,0,0
test-33-007.jpg,data/test/data-00033-of-00040.arrow#7,ca755b7fc618737934611dc4e2dccee79371ff243e5da3774350b43ebecdc04b,6c8f6906d48000dafbb4ca58649bc720f5b8bead06cba7cfc690c014e9e049f6,0,1,0,0,0,0,0,1,0,1,0,0
test-33-008.jpg,data/test/data-00033-of-00040.arrow#8,200e2138ce375a996f6b018c62634544ea416dec8cf511a38a21bc75bd068424,3c88806302f4300ce29281f0d40070ecfa0f9cc6f0fac0f5cea15783a58be671,0,1,0,0,0,0,0,1,0,1,0,1
test-33-009.jpg,data/test/data-00033-of-00040.arrow#9,8b33854effdf7005c8dd8c30b41542968c19e7aa0039eeb7c1206b1eb8a74647,894e2eedb4857784182a5fa30a0e4f4545ad1f29bf2c87db14919bcd8fc3fe7f,0,1,0,0,0,0,0,1,0,1,0,0
test-33-010.jpg,data/test/data-00033-of-00040.arrow#10,d0dc7ed2d6cd5c08c7221981975dd8ddba4bacf933b2126e97ac9250d7d85b9a,0981290a29aab33929a79c32ad76e6290465294c620038735cc7b712c0e02bce,0,1,0,0,0,0,0,1,0,1,0,0
test-33-011.jpg,data/test/data-00033-of-00040.arrow#11,09ee3912254724a5386cd2c75a4c1c079f067e924fb9a66a7d52ca4b0167f365,1553e5b7b0c7458aa6426e2b83ee68b90e3ed7dce4fcf26f02c46c43f01a8fe6,0,1,0,0,0,0,0,1,0,1,0,0
test-33-012.jpg,data/test/data-00033-of-00040.arrow#12,8e3fa776da668ad13c7ec04856df8497362b9d2e2be405a76c2f61b07c065086,3602757a100996de55db5a4ac171bb743d8942fb16de82a0cff6113a7309fd66,0,1,0,0,0,0,0,1,0,1,0,1
test-33-013.jpg,data/test/data-00033-of-00040.arrow#13,46d69d3ce0506de5bbb0e3ba95be476511cf57466b4f8391a811f3b141d1a642,129540af96a5b3a6225e1e5892eaa691a01e5b917b427a628895804eeb81ad6d,0,1,0,0,0,0,0,1,0,1,0,0
test-33-014.jpg,data/test/data-00033-of-00040.arrow#14,2649f74555da07b99fae3503002a68122aa3333eb8679acc589545a3e1ac3514,be4301babbc0326ef3422e61924e1e2a7df578bfd04c82f9cce6a5b3eba0c7bc,0,1,0,0,0,0,0,1,0,1,0,1
test-33-015.jpg,data/test/data-00033-of-00040.arrow#15,a6e2e382e61e0ed55cddea5d94e77fd1ef56d9c5b38220290a0624839ee26db8,e1bd7955408186f2a883e3146bbeeff206d6855bcf1bffa0f527383184ceff4c,0,1,0,0,0,0,0,1,0,1,0,1
test-33-016.jpg,data/test/data-00033-of-00040.arrow#16,f208ee321c4af1772ae1c266946fc96a9685ebee1e342f9eca68fde7d0454b29,d0ea22c3c932add66c59babff129e6304c4bf208e7817bfffe88c62c05446afc,0,1,0,0,0,0,0,1,0,1,0,0
test-33-017.jpg,data/test/data-00033-of-00040.arrow#17,007610a907b75e3332713345b2b907b22d44beb5d614f861ee091309ffe32c77,6af6d45c9face94ccd3b7919ddf83964b87d6ebffb1a8e4dad8982cf3dd09b2b,0,1,0,0,0,0,0,1,0,1,0,0
test-33-018.jpg,data/test/data-00033-of-00040.arrow#18,48845637d0199cbfbea7c390f6cc0a144ce0af38de2f9ade90e92cbb7407773f,741cc90641d27ad29a9e2f38cf55acde15d16c14ae86cd24f08d73ad35b780bd,0,1,0,0,0,0,0,1,0,1,0,1
test-33-019.jpg,data/test/data-00033-of-00040.arrow#19,e1aac683cfc01ad2a3fdb79624323c05d8d5cc35a92c6fc0467fcc0af52d9f9e,3d3cc2bc7518bdce8b5da94f5daf69616255771b82578e7f044b53a57c8c79c0,0,1,0,0,0,0,0,1,0,1,0,1
test-33-020.jpg,data/test/data-00033-of-00040.arrow#20,bebb75958d34e5ac0f31dda6cbcfbc6daed9c8f2975b31889ff11db649e52bf9,ea3a98d8c84f3b0dc892f52c002d37a4ee953f7c709864924c60b67ca3696b19,0,1,0,0,0,0,0,1,0,1,0,0
test-33-021.jpg,data/test/data-00033-of-00040.arrow#21,41f0e57a624194b533f154975c48c2381f42330407cd3d1859fa48dab86507d9,eb4742be31cc4b57ddb7cf5cc37c7963a53d7efbcf9dc8b84279c76464514cfe,0,1,0,0,0,0,0,1,0,1,0,0
test-33-022.jpg,data/test/data-00033-of-00040.arrow#22,871ca5a4ccae43d3855b20ae0353b9d26bd1ba93331d71fd896ed96b3d54c0da,7fdc5f398716360ffe50435cd5973e0c564a69466dc3a36637421c1a88034a6d,0,1,0,0,0,0,0,1,0,1,0,0
test-33-023.jpg,data/test/data-00033-of-00040.arrow#23,e876d0d5b0b09e036b9e261df722abcaf505ab3c443b69c4e6788145f927f9a5,7344effd8c21d901afb27c676f4d349e41e464a718661bec8adda556443d6a1b,0,1,0,0,0,0,0,1,0,1,0,0
test-33-024.jpg,data/test/data-00033-of-00040.arrow#24,a3e8d0f2b174218650ec49aa9b7cbe202d228d7b77e5cd154c4939f33f56f58f,5d7871aa19054bc8c079ae58484fe47cec90094a53599af930359e1d3736e8a4,0,1,0,0,0,0,0,1,0,1,0,0
test-33-025.jpg,data/test/data-00033-of-00040.arrow#25,a62cd7b6eacea8af3b6a0ada854f379b0b6fe37f31cc4a40ffcc9c165de00445,d9b07ff30078ed2469e9cf7afca4f84f32eee7cc8c9a268518a4cc037ca2b6a8,0,1,0,0,0,0,0,1,0,1,0,0
test-34-000.jpg,data/test/data-00034-of-00040.arrow#0,6b9e6540085502daeced014f4f2a663d1476e50d3875145de63ef062dabbdd8b,a52af00dc4d14e705b71fd96fd4471f4f9d386255e9f3f5a789a83a32458b864,0,1,0,0,0,0,0,1,0,1,0,1
test-34-001.jpg,data/test/data-00034-of-00040.arrow#1,b69015e6646f3f2791cd23cd6ac2add05b7a702d2121e42b04f41d064adc50d9,9f36004d1e26b80ce20ecd34066cc2d5fc585f31721a5d3d7973584a4d1863f0,0,1,0,0,0,0,0,1,0,1,0,0
test-34-002.jpg,data/test/data-00034-of-00040.arrow#2,a4253a7d6c3938296471b0095375bce9413e7fbf6975543ab1832236e7adcece,d59a3280363d7a5d3e1df0f343f17aa008f4df0bec68df9f06f2c75908336457,0,1,0,0,0,0,0,1,0,1,0,1
test-34-003.jpg,data/test/data-00034-of-00040.arrow#3,d3fcc44851cd2d4d0f81a60bf20dc6ce479ead01422f77339307f7a0a25e54e2,09471063ce043c99b19811238261a4e14d08ff31ab7635e29a22914a5ae96769,0,1,0,0,0,0,0,1,0,1,0,0
test-34-004.jpg,data/test/data-00034-of-00040.arrow#4,9805fc8cc118af75f8d125912df080f80c787378500a70c3c457c427133a597e,f3b83984b2a8ef644d92840c8125994464d93da8b0b8c658f124f42862ea48c3,0,1,0,0,0,0,0,1,0,1,0,1
test-34-005.jpg,data/test/data-00034-of-00040.arrow#5,67d7066d02bacd75fd44522f4467102a4e9522208c86794dc74d8d58c68af393,69e61ad9bd7b505b9542787faed98afe9bc8f6521e7ffed9cd82234fc77d94b9,0,1,0,0,0,0,0,0,0,1,0,0
test-34-006.jpg,data/test/data-00034-of-00040.arrow#6,49645860700928549a9684d887f169958ba1f6f163e808e586a442bbd3b61b35,9b9c8d75f8c47b2aef56360fc3e9ed65bc900b3888f03cadea085e99e87bdb92,1,1,1,0,0,1,1,1,1,1,1,1
test-34-007.jpg,data/test/data-00034-of-00040.arrow#7,dc999bbc058e82cb13bb5e902cbd110e6eea17be78c9ede0212fc5b9cb1b5e06,8b4487f4147695c3c9c143129be0bd9d2a3e7d76a0d11206849c07348b3a8652,0,1,0,0,0,1,0,1,0,1,1,1
test-34-008.jpg,data/test/data-00034-of-00040.arrow#8,42db019a63ac33599658a2e1c65229a974c9e3c1bdca9366e8903c6bd04e2d4f,1a6a1e6cdd564d20048073d7bf64e010721712c99a56757b1e54d2fff2dad64c,0,1,0,0,0,0,0,1,0,1,0,1
test-34-009.jpg,data/test/data-00034-of-00040.arrow#9,a73652361e7ae6206f109e14fce75b2e92baa0b9f9b5ad5ee1c191c83fd057a5,5b82adb591316707660fbd1ce78be5917de3654d8cda6feaa9688b2a4b74a778,0,0,0,0,0,0,0,0,0,1,0,1
test-34-010.jpg,data/test/data-00034-of-00040.arrow#10,b29483765305299c9095a3f21db7f4893dce83e6d75626160b409822b2d430e6,38244138331191fb74306615043e44b5ed7819d409a9d0aa91708bfa7ed0cef3,1,1,0,0,0,0,0,1,0,1,0,1
test-34-011.jpg,data/test/data-00034-of-00040.arrow#11,b63cf0000241a91694fbc42311af2b586f6c9e29ad77858c4b8cfce4b07c2351,c0dfc6677aa58121f84fd47ccbba7bd9a1c48795e46ebf0e7fcd8318a0f2144c,0,1,0,0,0,0,0,1,0,1,0,1
test-34-012.jpg,data/test/data-00034-of-00040.arrow#12,282ca910ae543f5ecf2afd2e88dd25c47bcb51065420b05bccf9dae03ab49df2,2da9aa76f6258b18d63a545ede52ef721f0f6369f178c9376f50804e1bac6572,0,1,0,0,0,0,0,0,0,1,0,1
test-34-013.jpg,data/test/data-00034-of-00040.arrow#13,e92b909151bbb50e5242183859bc804ec4dd12aa15e6a891ef9c162d7250e59f,14d9abd985100a7044fff5d60c33380029dbd4945d609b0655427f2c8397b33c,0,0,0,0,0,0,0,0,0,1,0,1
test-34-014.jpg,data/test/data-00034-of-00040.arrow#14,7fd2fcbfb16742b60bdebb618c95052955ed75e3689a14301dc8c39fa8e896ce,c368bf03af590ffdf23529744e9992a2bd139c419e534b3c4ee76377b0a333c2,0,0,0,0,0,1,0,0,0,1,0,1
test-34-015.jpg,data/test/data-00034-of-00040.arrow#15,7be71a859219e9bf500977771b1855d85159a837e32e167c19134b2610c7ad2f,7b1659c8395d63d480bed246dfcb3b188ca2bebba7cc75f34194022460df422c,0,0,0,0,0,0,0,0,0,1,0,1
test-34-016.jpg,data/test/data-00034-of-00040.arrow#16,b16ae2ec90feb1bf8695a916ad0e938ca6256c61f80427ac42ea21f941c7c414,1a9237bbbbc6f69f35fb0eeb324044a45c37c1bf3ffe06ba8a1072df523a34d2,0,1,0,0,0,0,0,1,0,1,0,1
test-34-017.jpg,data/test/data-00034-of-00040.arrow#17,d853f9beac17c7fa4fe55cce6ab3b361406bcf41f4eeb7723c6df60dbf42f826,fe77af0b1eccd92a49cc9503d97fa7f77cc38885524d9beba311473e783ed8cd,0,1,0,0,0,1,0,1,0,1,1,1
test-34-018.jpg,data/test/data-00034-of-00040.arrow#18,d42b23145241bcf9e24f2a99f641833c7b91ec33f28f8de4d488852dfd484407,5cfc7d52e707508e4da25993bc4d9cc7233d28c499ca3cd840de2758a212dad6,0,1,0,0,0,1,0,1,0,1,1,1
test-34-019.jpg,data/test/data-00034-of-00040.arrow#19,2f3506227ae94dc5976c9d8d78ab4d4e26a2f49f841282d69dcd8bdaa3c172fb,0c43f9ccbe69c384e41f2dcc13a23def271e047776af9a5a48831b2c4500039c,1,0,0,0,0,1,0,1,0,1,1,1
test-34-020.jpg,data/test/data-00034-of-00040.arrow#20,fa7c359d5e098aa800756190f1aba5e80a1d5538d0a9352d69ba273246fcd1b7,4f14dab47511529d5c22f43de51687f3e18e1eb686f8d534178546e4a9d005f7,1,0,0,0,0,0,0,1,0,1,0,1
test-34-021.jpg,data/test/data-00034-of-00040.arrow#21,44eafe5c89cc3daf547383e872b4f25f51b0c2d1e65b4bd4a1002b2522df3cb2,daa6e2c7053521545584f17c2443a25c425891bd57b378577d379b22836b1d7e,0,1,0,0,0,1,0,1,0,1,1,1
test-34-022.jpg,data/test/data-00034-of-00040.arrow#22,faaf6345f00f8848700e6836dd987aef491ddef92952154c8bdc839817aa607d,2684e67a0f8514db790b23ce8e5a10687b6bebf1bbde664f7004041381de49ec,0,0,0,0,0,1,0,1,0,1,1,1
test-34-023.jpg,data/test/data-00034-of-00040.arrow#23,1bab419f5b14909ad5a6a8c422699e9c3f4cfd7426a286de2613b42019f09415,b59733aad585ab61a71ac63ca44fb67684b93e7c190526d748f88bc0ed15c849,1,1,0,0,0,1,0,1,0,1,1,1
test-34-024.jpg,data/test/data-00034-of-00040.arrow#24,acaf1c9be052bdbb39685fd75ff6005c4b84d02c7b48de950ebed94b0638a144,67cd52fb04e911f294174fd255b926fca7e107cf84899f76b9e7ab74b4859e34,1,0,0,0,0,1,0,1,0,1,1,1
test-34-025.jpg,data/test/data-00034-of-00040.arrow#25,63fb51a81373d9b9df815ca411c43ed559015524336b4b65dc6646aa9a3e15b7,86712b026cc8793bc378866736c53449a3a0b28c1a9740632a5c66452ba4973c,1,1,0,0,0,1,0,1,0,1,1,1
test-35-000.jpg,data/test/data-00035-of-00040.arrow#0,f44ac23717729805e25265ddb9e29697f94564135e6cb678d5042ef92fc4340d,ff8d5178e2025b445a475ebf4bc0744697fb6977c6d6ba26c55c6701d489fefd,1,0,0,0,0,0,0,1,0,1,0,1
test-35-001.jpg,data/test/data-00035-of-00040.arrow#1,177777bd64deb6cf43f4d4543741e502e2d8295a773461af8324b7127d89a363,4dd4c820396014b7ad2f0ac6c3f9202ef4f59599c7ba960e8fcf994a293a6d65,0,0,0,0,0,0,0,0,0,1,0,1
test-35-002.jpg,data/test/data-00035-of-00040.arrow#2,f40b7ae408188259cc9e95654fd37a88c47b20652140cae6ec8f36f9a7acf5e7,d1f8d994ae79eb281a78d26c1a8cbf47f639a501770ac1328fd47ac4a4fd44f2,0,1,0,0,0,0,0,1,0,1,0,1
test-35-003.jpg,data/test/data-00035-of-00040.arrow#3,712e55b289aecb7b1c7a68cf7550960245ad8d5c7c471b0e634dd846d4bf0e57,ff040c86c78e5b1fac5bfb3795cb209115438b52175a0803a87735b934ddeb99,1,1,0,0,0,0,0,1,0,1,0,1
test-35-004.jpg,data/test/data-00035-of-00040.arrow#4,2e29602478cd039f9a1c08cbb082f42175ffb596331a4c6d866422d5f694cf82,8d74c3bfd61602183c31c23eadeb3f30af1a39e0c5d3f069b3c316666495b2b4,0,1,1,0,0,1,1,1,0,1,1,1
test-35-005.jpg,data/test/data-00035-of-00040.arrow#5,71ab8f2c27f41d59cd17039c789fdfc427859789af19f3a49c4e7264460369db,d808a20eea3b2ea7b15ec59ace640074eb4f6483d043f0d7efbb764dea0583aa,0,1,1,0,0,1,1,1,0,1,1,1
test-35-006.jpg,data/test/data-00035-of-00040.arrow#6,f4ee51ceb408b8898f6a5244ec6134e989fd791ac672ef30d655a063f0c8a69a,6dfce6fc5712be121f2c224f2f083fcb3ab5432018eebf7b201f06cf0d529536,1,1,0,0,0,0,0,1,0,1,0,1
test-35-007.jpg,data/test/data-00035-of-00040.arrow#7,dc362609087af59fd62fe49c82af2e026e42b6f332909a1e49de6e12923f48d7,f57ef2bfb385516241b2712ecf9eff05cc05702d26277bf888f2801a031f1898,0,0,0,0,0,0,0,1,0,1,0,1
test-35-008.jpg,data/test/data-00035-of-00040.arrow#8,8cf0555b7a8b6188c6985f8c278c9011cc491eef2537a6a9459cc9cbe4888094,2ebf524551979c5b866358faf555c5b41ad1e5bb72b58bc715eefccffca9d51d,0,0,0,0,0,0,0,1,0,1,0,1
test-35-009.jpg,data/test/data-00035-of-00040.arrow#9,d98c589c4a8108e111fef2bc4a2bb708940ff6ee8676bbac0e9e31a325d0b82f,d23a880cb158ec41551a5b55bbe1754811552ad5dc1208aecc946a5cff77168a,0,0,0,0,0,1,0,1,0,1,1,1
test-35-010.jpg,data/test/data-00035-of-00040.arrow#10,23c3d56ad0b3772c759fc2b15484ccd7a4933a56405f914377d230e00fcfb2fe,840fd0a5df9d980466024cc51b2f1706590131cbc58d4fd9a57733a836aeab88,0,0,0,0,0,0,0,0,0,1,0,1
test-35-011.jpg,data/test/data-00035-of-00040.arrow#11,4a31ccc0b1644c6c4b113b04d36edf78066c737a5e4365fbba8e87233db70497,de806f27af3b2258eb18729d53a4907262b776126f62f67a4fea903e9e65a8ec,0,0,0,0,0,0,0,0,0,0,0,1
test-35-012.jpg,data/test/data-00035-of-00040.arrow#12,5e04b83c079cdaf2724481a8a61032fd4066a81998f71c5269bb13beffc0db1e,f87f74d872148ec26f1788b6dbb55c892b141647b4d97dd080184a292a8c52ee,1,0,0,0,0,0,0,0,0,1,0,1
test-35-013.jpg,data/test/data-00035-of-00040.arrow#13,3f14cd294c184594c39a8cee290e0f0cffea78925553ec45a9ef3af4547a3d57,11c017860b96820cbcbedca9c44b75d7196bdb7406b5adf26259baed629ceaf8,0,0,0,0,0,0,0,0,0,1,0,1
test-35-014.jpg,data/test/data-00035-of-00040.arrow#14,28223958ac36cfb8196eedd3c67e92e675ea2d845b03a0e48476206ffc80cef2,2c3cc5aef4aa1f6cd271b06fb1b94e5492137c2f9e231320200fe1ce1f7a82d7,0,0,0,0,0,0,0,1,0,1,0,0
test-35-015.jpg,data/test/data-00035-of-00040.arrow#15,1f1de7b87a8a6f9a3efc19e28e71769b729e0be324cddd66cfada36d5aa625b5,91071c498e4dd0055afda3bb9b2588e28bea82510763849cd07d56a564b9d41e,0,1,1,0,0,1,1,1,1,1,0,1
test-35-016.jpg,data/test/data-00035-of-00040.arrow#16,7de81468593672f4f8dfaf36dbd86dfd40578ec8e8747bc98834f5633eafde18,d139d5076d4f8e136e18386232c13c6ed0c98de21e241148b9379d41dbaa58b1,0,0,0,0,0,0,0,1,0,1,0,1
test-35-017.jpg,data/test/data-00035-of-00040.arrow#17,372e361aa14ff52ddac6805abb022a2f14d3e0b427440b2055058fbdb588e53a,b492cc7972fecefa98430c5a70aefb0d985acb00d5fdef1415dd57cbe8c952f6,0,1,0,0,0,0,0,1,0,1,1,1
test-35-018.jpg,data/test/data-00035-of-00040.arrow#18,f51fb06e205668b32268baedda630dccafc2e67c84db61254bf707fac8312663,afb6e675d4e53ace6949bbb9819ff6c7a9be79de9817f5fdba769bb1ebf3a2a3,0,0,0,0,0,0,0,1,0,1,0,0
test-35-019.jpg,data/test/data-00035-of-00040.arrow#19,25008c83710dfb70387fd4d4c4e825fbcfa554ef945a89ea20ba8a65ebc5c928,b9cbc347e09d3f5dffe30684a456615fd16c0dae69592a79d69affc8dbc982e2,1,1,0,0,0,1,0,1,0,1,0,1
test-35-020.jpg,data/test/data-00035-of-00040.arrow#20,4f645d96ebf8c75a505a213c2a25c2a096e4f9006789e407174673f979f9c60a,414dc51a78ad89ee3603290c0894fe8bb8abca598d0eede3d9382dd691f2fb5a,0,0,0,0,0,0,0,1,0,1,0,0
test-35-021.jpg,data/test/data-00035-of-00040.arrow#21,74b5af1b43b3862c2ebbfe2f95731db98cbf78b6fd9a23205704039b7dfb0e33,837b2f3dad6a2b5ad55ae7ec493c707d5ab2364188ebc7a88c45d455d5e4f989,0,0,0,0,0,0,0,1,0,1,0,0
test-35-022.jpg,data/test/data-00035-of-00040.arrow#22,93a50c0eba305072dee8c8e5190d39f5a7b47a5c786bc1b9112533908261120d,b54980d3bccc767a0d15453a628b7c5e4c3061316053ed3dbb9862d80d515632,0,0,0,0,0,0,0,1,0,1,0,0
test-35-023.jpg,data/test/data-00035-of-00040.arrow#23,30e94387987c1a630d7d07c510ff80f58e0c56fb4104adcd8108b7ab93e5d247,0d28452cbabf0b1225c9d6f1fb94375e4dccd1f3fa2800a36211ada3ddca87f5,0,0,0,0,0,0,0,1,0,1,0,0
test-35-024.jpg,data/test/data-00035-of-00040.arrow#24,39a05ef95b619ff0bae97ecbc82aa115fb5c0ad21baa8728a6201ed0e0114fe4,42fe90d62446365962759a178cac12bf48772d3ef8aec2b30aca23ca804b1fd0,0,1,0,0,0,1,0,1,0,1,0,1
test-35-025.jpg,data/test/data-00035-of-00040.arrow#25,c65787056bddf648a9cb364fc4e6476b806e1493a5117473357ccd5ffb1b730d,3c08e07c0b2659beb80d1a05660b3dae86cf9f8df2e695e2c211aa36e3f0966b,0,1,0,0,0,1,0,0,0,1,1,1
test-36-000.jpg,data/test/data-00036-of-00040.arrow#0,cf1a6c279901e72c2bf833d327286bed3fb7d33cbd6e9e9e73438f55bc7ae6f0,992e92d92a7de5bc461813d0f9ef5948876288c32a9731ef1c8b67ea0c1ac45e,0,1,0,0,0,0,0,1,0,1,0,1
test-36-001.jpg,data/test/data-00036-of-00040.arrow#1,423dfd666db536096d48f3d563fb75f782cd12d225dde8d55ec4edb7b5df8faa,03292ddf51a84ed571d81938f247827e1422e806dbf0b38acfae7681d4122d12,1,1,0,0,0,0,0,1,0,1,0,1
test-36-002.jpg,data/test/data-00036-of-00040.arrow#2,82e185d1a8f46b556af2d0091c0ad54052071b9681ba11c3326a644e7f0dacf6,f7854dd8a846334bade5e275b392a5c7f617c246ea8afe809ca6b327091f7000,1,0,0,0,0,0,0,1,0,1,1,1
test-36-003.jpg,data/test/data-00036-of-00040.arrow#3,b6d51d9e9e961fc9dd2d0ddbfeb364a1aff96579c671f0a0c428e6aa0ffacd8a,4d5ec0c44bdca2c1de88aef792f9411608176e1e5e67302e7aca549ed62e8d4b,0,1,0,0,0,0,0,1,0,1,0,1
test-36-004.jpg,data/test/data-00036-of-00040.arrow#4,8840b84c13b3009679544bcfb32d6404192bc90a95fd92d77dd139b994988e06,a0f522d3aafd81d85ce2a238d0460556d5b62cb12c19e090bf2888c8b948b0a4,0,1,0,0,0,1,0,1,1,1,0,1
test-36-005.jpg,data/test/data-00036-of-00040.arrow#5,bc733900e76aa1db4421bdb208784461544bb4e43db6072a9ec86f687735ed3e,22ae30f2b573d67c1c06d381fce20aabcb61cf8524be627b2a55632142ddc127,0,1,0,0,0,0,0,0,0,1,0,0
test-36-006.jpg,data/test/data-00036-of-00040.arrow#6,be6e1af6493ccb24887273b4eaea9394ea953d71e7330adadc6be8ec94324074,8bd391e0e82bd53da1195a204f104320ad6fc0ee382d15acceef85d275edb87b,0,1,0,0,0,0,0,1,0,1,0,0
test-36-007.jpg,data/test/data-00036-of-00040.arrow#7,8e87e452250808f4c7c8f045f0f6f85d04b113abfb70f655970a6afe21eb17c0,c036af38db94782bbd5c763bbb08373e1f70e2ee37db85976c249fa3e8be2c5f,0,1,0,0,0,0,0,1,0,1,0,1
test-36-008.jpg,data/test/data-00036-of-00040.arrow#8,64daa5a150464488199cfa4c3592c0ff31549bcce94c3e018b5bbb17c8f12d34,5feffb6566c144c29c35be55879c4d10d6d447955a4a18aa0fb4f5e30d6c8acd,0,1,0,0,0,0,0,1,0,1,0,1
test-36-009.jpg,data/test/data-00036-of-00040.arrow#9,bdc93d438ef7dec2116e77e36d1d1763f4e480dd5255cc7c5a5f86310db7f5e9,ed5594fa43129a67966fbd0aecde87c37232250f627f9998f9c65435917961cf,1,1,0,0,0,0,0,1,0,1,0,1
test-36-010.jpg,data/test/data-00036-of-00040.arrow#10,fa514502b7d495d33d2e658e8634450631d886793d0e2a3b93556de96860d0c2,ee2752712e0185b01ff80abc15960f6661d7c6d989cba840c310a8cc7088c4f3,0,1,0,0,0,0,0,1,0,1,0,0
test-36-011.jpg,data/test/data-00036-of-00040.arrow#11,70e689c8adad722b45dcbdb8779cbb44257c60ee245cc7fd3e48f6c04d4b376a,5758abb2cefc45273214d87f649cedb9fa4cd6e61ca66efad5fa5db13ddf91c9,0,1,0,0,0,0,0,1,0,1,0,0
test-36-012.jpg,data/test/data-00036-of-00040.arrow#12,955a453155caa065667837e46f3755e178efe78d12436994c98f95ac708579e9,888fc7e9ddd0abb75734f898f54c3fa26506030d33a496fc175bb4059dd68b07,0,1,0,0,0,0,0,1,0,1,0,1
test-36-013.jpg,data/test/data-00036-of-00040.arrow#13,cad7f3bf6ed5b2b5f9b3022bf25faf2b9bf1a9bc6fcf871f6b7c55d12a22a69f,8c3fc897ab57f91d990e463bf63a8f27651910788a47eb9803f737220f3b1eef,0,1,0,0,0,0,0,1,0,1,0,1
test-36-014.jpg,data/test/data-00036-of-00040.arrow#14,df402b2d3c344dc39f14d7ee64a1b0bafeca46fef51d022c1aaa3906b82aea13,2673cd90d036f116bb996f80da71e5aa13dcb48fd330a945dd358ef3184e673a,0,1,0,0,0,0,0,1,0,1,0,0
test-36-015.jpg,data/test/data-00036-of-00040.arrow#15,7d6bbd2b3389e00a317ef80898dcb551228c176b9298ae553e9657971a82ad46,009eb5c1f94192ae4fde76cbe4d39406eba0de5c15bdd67629392d763eea4165,0,0,0,0,0,0,0,0,0,1,0,1
test-36-016.jpg,data/test/data-00036-of-00040.arrow#16,34a6ec41b7f53adbb4fe2ba6d58ae4fe62e2c054a167e486aa75b32ed7ac0361,4293d914a1564cd29d04ea330d78ac747bbe3b2513d9ee2ddcb24a7646dca58f,0,0,0,0,0,0,0,0,0,1,0,1
test-36-017.jpg,data/test/data-00036-of-00040.arrow#17,9a33bcfe6f16bad5a0d62f82f6bcbc9d4fc35868ea057a889b9b3b496431e619,5f251ecd91381fcce367c6db3b9b43c0cf263e85728848187b1f50c40b6ad3d6,0,0,0,0,0,0,0,0,0,1,0,1
test-36-018.jpg,data/test/data-00036-of-00040.arrow#18,4c74343681055a023577244fc25df596e3685321b408ff238673efeccc0e7353,328b2644c20e39c02308fb8f7caeb1ec9b8d6702b54168d0e8769dfd789ba7eb,0,0,0,0,0,0,0,0,0,1,0,1
test-36-019.jpg,data/test/data-00036-of-00040.arrow#19,aae6112511f593166f55a0bafb61480e01bed56b315cb2cf7be67d3d9b247132,53cdf50b1c3ef76951ab214f20db4f11009b7a50d0675040c4b8c07599e203f6,0,0,0,0,0,0,0,0,0,1,0,1
test-36-020.jpg,data/test/data-00036-of-00040.arrow#20,da5cb0ce14e75ca7cad0b38be013f615ce3651e6b7831ef477b0219c212768af,81dbe53f18bc8e6a1781319ff1f67feb39eb9984e4aa0b8351204c9ccb1f1e08,1,1,0,0,0,0,0,1,0,1,0,1
test-36-021.jpg,data/test/data-00036-of-00040.arrow#21,cfb6a273fc85dd135be1bd77af06f02a8d8cfd5f37e4932d2428490a64ee8787,1b6600666e03764f95ba98a1b8e08a291e8ed651572a6341a9c157f98e536f55,1,1,0,0,0,0,0,1,0,1,0,1
test-36-022.jpg,data/test/data-00036-of-00040.arrow#22,225d991e49d41b9e8c411e1c9dfc849ddc3b66e7d89019a1d89e165501d44b9a,11c768b9abc2095a8289fd6d1e04dcfdad28308bba1d3c5a18d3b5dc22771455,0,1,0,0,0,0,0,1,0,1,0,0
test-36-023.jpg,data/test/data-00036-of-00040.arrow#23,954de755a2a0b7f81abe5c9d10e19ec03352252ffb4bf56375ef62f86ed47957,5dbbb78a49cd090a55afdf0ba0b658f65fc582c47583088ad5d84cef2ce9b4ad,0,0,0,0,0,0,0,1,0,1,0,0
test-36-024.jpg,data/test/data-00036-of-00040.arrow#24,2599dd7d9e08d3c88821f5ad4565d1ab536e7878418b89faffc138d0e2854ad2,00d6e82a51ba813885527764b8c1b653071a787bca21fafb3d5f2ce06c7a450c,0,1,0,0,0,0,0,1,0,1,0,1
test-36-025.jpg,data/test/data-00036-of-00040.arrow#25,31af31e3d811451af4ba6b47330e65e0947f96af2179e84e241908d634e06838,5dcefa31f3118467d29c6a5e3f0d62e05d6d85f030657fbc9c2ccebcba296098,0,1,0,0,0,0,0,1,0,1,0,1
test-37-000.jpg,data/test/data-00037-of-00040.arrow#0,46695ccf4db2b0eede2a7020a76269db504864d351aa3bdcbac40a64b53cb862,721d9b6b98a663387b3dca7c46f80d76be161ae3ec7db49ab570a2639fc0978c,0,1,0,0,0,1,0,1,0,1,0,1
test-37-001.jpg,data/test/data-00037-of-00040.arrow#1,b02e042ba74476d8010bb8d2be0894888e9e00485b5db7fea2384d36f9114d46,9738f9c46b7be29102d8c7f4e2e0dcbef73e3e52ffb2a2f35babfa2b0934dc17,1,0,0,0,0,0,0,1,0,0,0,1
test-37-002.jpg,data/test/data-00037-of-00040.arrow#2,538202cf5d62b2a02754993f9ba282f76e529516273ece369d0f3339d8576683,c046f285bd7fe0ca74fd98565282dc2c86aa0ed42f8b4756b3c1292d8c934f4c,0,0,0,0,0,1,0,1,0,1,1,1
test-37-003.jpg,data/test/data-00037-of-00040.arrow#3,69c8205a68547dea05cba1912c789db8cbf57bff6d92862cd1f67b391c127b1f,a4d31cb539426ab7da21c6e17e50a4b38a4be48d6d01f3dcd35f3a288ac7ccb2,0,1,0,0,0,0,0,1,0,1,0,1
test-37-004.jpg,data/test/data-00037-of-00040.arrow#4,d88e7cd42c0be2cf8e588223053646964af8c187b1fca65aa223587ba4d9579e,1fcdd357fbeee2795d3ef62c8e56178f76b66226f8c4bd24954f084b317025ad,0,0,0,0,0,0,0,0,0,1,0,1
test-37-006.jpg,data/test/data-00037-of-00040.arrow#6,7d9c4d4182d7319e220b618c4448c62c57862e29fbc976cae70b65cce5c4be8e,995976e3180a32097f10a99b55a5442c867aec8e4cfe94a49697d60c30bcf651,0,0,0,0,0,1,0,0,0,1,1,1
test-37-007.jpg,data/test/data-00037-of-00040.arrow#7,b4c19ee6b871d56db6f41ed262d6275860583465d1ddbeb5e3a4cc10d307167a,1450a63ee45610d87a16b25cace6b154843b3a8240804be157d64d48dec80bcb,0,1,0,0,0,0,0,1,0,1,0,1
test-37-008.jpg,data/test/data-00037-of-00040.arrow#8,01620653727338045579d2335ba81289402ae08b39ed69c919164774b2d84773,8c2f1505d8e6cfe46e46965fa6bb5cde3a9e0b0905e613015a1f5e055fa4358e,1,1,0,0,0,0,0,1,0,1,0,1
test-37-009.jpg,data/test/data-00037-of-00040.arrow#9,f54de52fc7547dce4595e58c0c661d4bef0eca88c1c33de936fc46baa498c73a,8b88bb972b26fc0caa25885da30ccc69e35675a83e42dd44adaed064182f6f30,0,1,0,0,0,1,0,1,0,1,0,1
test-37-010.jpg,data/test/data-00037-of-00040.arrow#10,462a7fe4c1be65dfec525ed62181f6d4096c2a7fbc6968ceb76eb84d114e361c,ec9de899fdc559684959fc712caed004860ebf40bb07e0a27655e7f4f46cf9c1,0,1,0,0,0,0,0,1,0,1,0,1
test-37-011.jpg,data/test/data-00037-of-00040.arrow#11,1da0255d9c41c48ea8bf5c5cef4ad07e49c0810d1673474e21ab8e5c0c845785,3cbe7ca093521ef326bcae6afc6c73bae7cf44b21fb8521e60e3447a420c757d,0,1,0,0,0,0,0,1,0,1,0,1
test-37-012.jpg,data/test/data-00037-of-00040.arrow#12,2ce4e7f46d65deb112ecec2d4cba1df3b494011c4d807b010644ee8cfd2fd3c0,0d44a3c3ae0b3bc9c9775aa89dd53ce663b9d7d929d9fe96361a2caff94f8659,0,0,0,0,0,1,0,0,0,1,1,1
test-37-013.jpg,data/test/data-00037-of-00040.arrow#13,27e84e5bcd1905d66b4f4b53ee99d92edab34e7005e0e5d2678cf37d87b493ca,509e11e20d89e0e30974894195c4f96c2bb3afa2dbb4aee590828f439fc06c43,0,0,0,0,0,1,0,1,1,1,1,1
test-37-014.jpg,data/test/data-00037-of-00040.arrow#14,0159f7e0fc4aeab68041753efe547e9ea4b78795b6674bf4ce7ea6dbd3727d74,2f51128d75c8a67a091c407b1d11446151e9a5ec6932d41cdb1b703c9909b8a9,0,1,0,0,0,1,0,1,1,1,0,1
test-37-015.jpg,data/test/data-00037-of-00040.arrow#15,d45e92e688c4477c442118bbd28dd2bad62566389e606594b82390910816b981,e68578ce5b1718c6722f7dec1b065b65c8347f8d205dc8a01bb0c1fec9f0f451,1,1,0,0,0,1,0,1,0,1,0,1
test-37-016.jpg,data/test/data-00037-of-00040.arrow#16,9067c5b7c233c5e290e5ff40f0a6f22cdbb48cdb61ac89478ec76f057e7e52e2,7136a0f43563cb6c0dade768fb01499ba4dbb1142806645f04c62cdf3c7c1572,1,1,1,0,0,1,1,1,0,1,1,1
test-37-017.jpg,data/test/data-00037-of-00040.arrow#17,e12a057515cf0cd8dcd184b4de8bf4c277d290103b6447b076bae8c833e7385f,162e0ba91f4cdd3c4580dc55469fcdd80b37cd4989bf9ef603e97df1f5aa6fe0,0,0,0,0,0,1,0,1,0,1,0,1
test-37-018.jpg,data/test/data-00037-of-00040.arrow#18,dbdc6b697c43d21dcd219f0f89f1fd4a1d27b0a07e6237aca9e7dd92fe2f125c,68725b98447847fe57af862517530ffd0aebb389f26d3cf6dfa0d555ba6a7ec2,0,0,0,0,0,1,0,1,0,1,0,1
test-37-019.jpg,data/test/data-00037-of-00040.arrow#19,720cfc0285d2e142a0a73c7bfa1d12f026e65ed84ee4cb6fbcd9ea7d4b44f8c6,9eea6486e2d0f2af4ac28908d331efb528db7d1cd4e55e9cff087d8eb69a6272,1,1,0,0,0,0,0,1,0,1,0,1
test-37-020.jpg,data/test/data-00037-of-00040.arrow#20,6d72fb2db45e1be2be72bc3ce7ba84786b881a20b2b86df4560d07ba5778f067,100b555e288044eb5a749b739dfad484632d5e203976137a6f2216e27bf78694,0,0,0,0,0,1,0,1,0,1,0,1
test-37-021.jpg,data/test/data-00037-of-00040.arrow#21,5feca30dd562523527a6d1e5ec33b5a3c3c61078f1ec579d49e608ae771df8e7,e9c9106416a6015bec566dfd66de8c148fba8b75698b61ec94615ae0fb7faa45,0,1,0,0,0,1,0,1,0,1,0,1
test-37-022.jpg,data/test/data-00037-of-00040.arrow#22,b204d0182640553491b2193c486eb4402e9f56e43ba21ed7785b97c124eede42,c904b43f4f2471f31e6ad7b9f48f4eec60dda3846f32bc05d6ed92e617042d2f,0,0,0,0,0,1,0,1,0,1,0,1
test-37-023.jpg,data/test/data-00037-of-00040.arrow#23,bea97eb33082c0fead09a0f8d8145fe67c0660a911767cd7b172de33dc0d5e0f,3b66c35484c4e65b0a3fabc471e09efa7a4a9f574d4d68934039c076f448a13f,0,0,0,0,0,0,0,0,0,1,0,0
test-37-024.jpg,data/test/data-00037-of-00040.arrow#24,13cdc4f467f2633af1a75048d27da320935e874c7f2fa57babccb8489a9ff593,35765343a9349e8eada5e23d04d5033e0182d8a63cb66558b366dc9212a1018d,0,0,0,0,0,0,0,0,0,1,0,0
test-37-025.jpg,data/test/data-00037-of-00040.arrow#25,b513ff5df87f4c3f13764a2c17769e28c2b08aed25981936be2453599e663bc9,fc02ac25ae2c1198fc317f2cb488ae414348486c9535a426e2ad43513eef6eb6,0,0,0,0,0,0,0,0,0,1,0,0
test-38-000.jpg,data/test/data-00038-of-00040.arrow#0,01ca884faa058a2d32c43a0a3089915246f7cde755d84725f3975c057a4c45e2,acc836dbc0d5045066b7c50011fe951bce27569d75d474e8cf9fd00a806a7542,0,0,0,0,0,1,0,1,0,1,0,1
test-38-001.jpg,data/test/data-00038-of-00040.arrow#1,f5696f8d840660abb181f30f014fb89c5cfa1a41857e1a68784631d7c3ed5d96,06ae82fbd43b031baa13c8dc74d817e3442088fc710eec6547a9e7ef7d85db22,1,1,0,0,0,1,0,1,0,1,0,1
test-38-002.jpg,data/test/data-00038-of-00040.arrow#2,e05c110b92c36271a2803af5a608cad4e45d018f9d26b3357c9b91118de6cd34,83f3583a09abad427891caecc9314ee745c1411d4cdc13b3283842307fa8ed6f,0,1,0,0,0,1,0,1,0,1,1,1
test-38-003.jpg,data/test/data-00038-of-00040.arrow#3,f44ffca415d41270d1eacaa869c7297aa006676f12f35c7ba9fa89c4b00df3fa,9be16f63ff601eb3fdf60521d5ef3f0ce013d5212e92af144c6d46b9c59fcef9,0,1,0,0,0,1,0,1,0,1,0,1
test-38-004.jpg,data/test/data-00038-of-00040.arrow#4,9b4ad442bab5747aa659b9a507cf6f0b07c36c9f2657b3c45a19b623ac686806,416afe060ba8124eea22582b1d915f60a6f53997e4517cf164beaa9567d84712,1,1,0,0,0,1,0,1,0,1,1,1
test-38-005.jpg,data/test/data-00038-of-00040.arrow#5,777e6576de4d4069aa36b915e9229d3ded94fe4d24d528f535cc9f2ffab0a1f7,fe1e14bdaff51352f635fa1a8d3fd5b89289bd861ece9ee5c4f4187a780542c6,1,1,0,0,0,0,0,1,0,1,1,1
test-38-006.jpg,data/test/data-00038-of-00040.arrow#6,ed25260a48c3bb6bd9d26787568e78d1624182853689512059b1b8eb3837bd92,a37f6b4c6a3294d5aa0b0e312847017d8d00de6fdf67294d51c9f1bb84d3809b,0,1,0,0,0,1,0,0,0,1,1,1
test-38-007.jpg,data/test/data-00038-of-00040.arrow#7,29741034d482206ce00b95ec15848372a719b9fb8e9b67c95742a450d2a5f2fa,d20f39d801cbaa649999b6ad6cb76c8c29eb9621af657aafffd4a61d6023ea78,0,0,0,0,0,1,0,0,0,1,1,1
test-38-008.jpg,data/test/data-00038-of-00040.arrow#8,93278ecf8c72e62bae26a4bfcb5871e8b7f4f03b06afb7b1488f0eabb589e21c,4afff695c291af6ad9a8d187ba53d08bc79c2375fbc710043ebda209f373b2df,0,0,0,0,0,1,0,1,0,1,0,1
test-38-009.jpg,data/test/data-00038-of-00040.arrow#9,3142cf0119d705f438e563365e741c2698a936abc7f8b1ca039f6b39a46f30c5,09b8b4c3d59feb7e756caa72213ecbb7aeb8379625c702f74a8eb797498cd2d3,1,1,0,0,0,1,0,1,0,1,1,1
test-38-010.jpg,data/test/data-00038-of-00040.arrow#10,0d68273de8f99eba59ed246898262c89f150f35ce806f1900e96f911e4347e03,c8cf2dcf7c09fadfc1792a418b04b044fd3ee0c98bc7cac01ef59a02f64f5a80,0,0,0,0,0,1,0,0,0,1,1,1
test-38-011.jpg,data/test/data-00038-of-00040.arrow#11,07fd43be58916d227e86f6caae22eda701e950dc15d9f61e998703a475a0e4c0,2f99f05552df7501e9a46c4fa732421784077a1097fd98bad202efddc213a4ec,0,0,0,0,0,1,0,1,0,1,0,1
test-38-012.jpg,data/test/data-00038-of-00040.arrow#12,aaf7aafcab1cdd840394e2f7c0047ea12bf8f1efc72310b40018d9ad852c9a83,895969729f26b891b7f02d5e1bcccfb3334bf062213cd22c65d8f6a711679c56,0,1,0,0,0,1,0,1,0,1,0,1
test-38-013.jpg,data/test/data-00038-of-00040.arrow#13,0d883bbf4f9b0c5fd6ce039667b22b7ad5b983c798a4fc17bd67db54de70a1c7,dbacbf1493b817ecbc1bc15656104ddd27b6872c653e0984e8b50df0a61f0a69,0,1,0,0,0,1,0,1,0,1,0,1
test-38-014.jpg,data/test/data-00038-of-00040.arrow#14,7c704a7965bf37da7751a452875b3d9fd97357da659899e4282a2fc2e0b3ea2b,63bccb404f4abaf256c2c8c1d71b52fbec90ef89b93bdb3c27410f50e09d5323,0,0,0,0,0,1,0,0,0,1,0,1
test-38-015.jpg,data/test/data-00038-of-00040.arrow#15,5d03ebd91d5be441759f2ed50a51d47369194137f07c80bc8e1c396580950780,cc5b7871e5e12060a72d78958fb29a39ea6fb7e56227fa919e10dc05f1e23aea,1,1,0,0,0,1,0,1,0,1,0,1
test-38-016.jpg,data/test/data-00038-of-00040.arrow#16,e2adec6364a7140e128a9cd15d5bb1a9522e9cb7b5f3567ab22c07ad4b51ff57,91262766d9fea733b3de272af45c5359637e3a9d6f46426184b788fc9d1fcf24,0,1,0,0,0,1,0,1,0,1,0,1
test-38-017.jpg,data/test/data-00038-of-00040.arrow#17,13792abce134cb1796b5cd01963ee2209e131f372b0405dc1e912dbb6dccaebd,9909ad202817e4cf3d63302cf623eab02cccf7c319aa5ec48eaed48140302153,0,0,0,0,0,0,0,0,0,1,0,1
test-38-018.jpg,data/test/data-00038-of-00040.arrow#18,12dd7ddc43771867c15d4e6c54d5a1d07f534cdded553c3d7e202b249558d8a4,38099da1c397932832fc300841e65ba2e8ab6a7c537bb22d7617cb3ac4ea6b08,0,0,0,0,0,0,0,0,0,1,0,1
test-38-019.jpg,data/test/data-00038-of-00040.arrow#19,f4c82bae80b81f6af3db7bcf8b80420c927f1394d4febcf7da5491ccb85b7dbe,3b8b9aa3567e4daaec8457e65f927f3810ce0783b315744c47c0a88bf707fbda,0,0,0,0,0,0,0,0,0,1,0,1
test-38-020.jpg,data/test/data-00038-of-00040.arrow#20,ae2041a9d5f2302da9d856d6ec3be78e178246ceb5859967ea06bf82d6b3bc98,63b7837687b50c7c39d6b6bababf4eb26878b02a973cae425870b9b1737f42b8,0,0,0,0,0,0,0,0,0,1,0,1
test-38-021.jpg,data/test/data-00038-of-00040.arrow#21,0fd542378f3fdaffd58843123b4a50c08efc732e4e799766ba310a1826699232,cf53665054d860cbece5866c5ecd0b3609f84a798c78644d91a4b839497a3458,0,0,0,0,0,0,0,0,0,1,0,1
test-38-022.jpg,data/test/data-00038-of-00040.arrow#22,08ded81c62dea8e98600e231a0bdc18b2eb5777d0cdcfc1ebb39076ab006a00d,ff6b2c2723eaac625532112b9c0f4b61899eca0d60f478bbadd64cb69737056b,1,1,0,0,0,0,0,0,0,1,0,1
test-38-023.jpg,data/test/data-00038-of-00040.arrow#23,2a2a5bfe3635f6a564bce014949a6f659a2b31dd1aa721caa895a766363e613c,f4a087b0739cc4d47b5880d25c6e97b089bd017113b2721152ac58fe120fa305,0,1,0,0,0,1,0,1,0,1,0,1
test-38-024.jpg,data/test/data-00038-of-00040.arrow#24,13e8792aba54ea0eb0de8db139d3a0f3af16de89d8ca708e68e42e9bbf3e58fd,c412f603c10d8058edd09811249f16ed9e5e175c9ae63507606cf36abe91c368,1,1,0,0,0,0,0,1,0,1,0,1
test-38-025.jpg,data/test/data-00038-of-00040.arrow#25,dfc1ccbcc642093c3976bb6409c4de8c797f7ba5067840c21a969e73dfcddc03,f7a25a7edb1d6dfb2f25b2e7314ef246ec386ada919c4403adcfb843981847c2,0,1,0,0,1,1,0,1,1,1,0,1
test-39-000.jpg,data/test/data-00039-of-00040.arrow#0,87a12829eea32bfeb8e65966a56b47c4073302bf434a64174e56609ee69ddd0d,2eecf52d31fd9582d96379b02575f9648e8b7dc0f1628cde9f44406478ac011b,0,1,0,0,0,1,0,1,0,1,0,1
test-39-001.jpg,data/test/data-00039-of-00040.arrow#1,841288911d4ac0595b77c9d9f4bae5ae66337dd0fd68921b44c8d7e3d8817bbb,23135e4ccd5c7a7b118ef10c553e37c16593d1317c305fcfc006565158ec7ee3,1,0,0,0,1,0,0,0,0,1,0,1
test-39-002.jpg,data/test/data-00039-of-00040.arrow#2,6836272e916acb2153e5374d995d3329e64ea12003249f61942bc7c7adf46e02,b3fcdc405a9478055fe99f11414ab92e9da0bf03c33290edf31d488de3c7f440,0,0,0,0,0,0,0,0,0,1,0,1
test-39-003.jpg,data/test/data-00039-of-00040.arrow#3,95b6d9cc0f57f588b9df8b4fd2dc782d3414b699258947462e5edc16e0f73d52,a71809b3f6a7a85d14fc9962b9542fca329c4ee5eef9b15fbfd9f98af1a69019,0,1,0,0,0,1,0,1,0,1,0,1
test-39-004.jpg,data/test/data-00039-of-00040.arrow#4,9c00c14f0222b18ec2516477766abc3124bfcf168350059a65ace8d272f8e812,b5c5ae4077c7ce7811bb64c523bcfec9712dcfb3e7c5577e157f4a1e764dd935,0,0,0,0,0,0,0,0,0,1,0,1
test-39-005.jpg,data/test/data-00039-of-00040.arrow#5,5e6c9f90eca6da7e9a32ac46aa75d00524835728674eefe7d47b3c38bdc3b13f,a510b36dd84d106cb73e4141234d8df36a520ca65b769c2498a0ca666c0954d5,0,0,0,0,0,0,0,0,0,0,0,0
test-39-006.jpg,data/test/data-00039-of-00040.arrow#6,9a488158cb9f1fd7cdf0275686c48da4f0035d791ca86e4fcf1d3595b70738c6,097207ae2027bbfd18db797998fd7405be9d6cc90f884bbfa66d8bc413970c23,0,0,0,0,0,0,0,0,0,1,0,1
test-39-007.jpg,data/test/data-00039-of-00040.arrow#7,2ca0d3867d4cbeb31c8032681ee48790ae4524ccc6198cc9f0fd6ad8684bd630,2b7068308bb95d575d1474853be5d9273d030b083509dc112132c90d03835f91,0,0,0,0,0,0,0,0,0,1,0,1
test-39-008.jpg,data/test/data-00039-of-00040.arrow#8,447d209808af807f47f3d279d749715bab19457996592ec852aeb56dd0e77068,29f0fefeb98c6079c738a6d289735eb362586da9ff1925ad77f1841205cc0a73,0,1,0,0,0,0,0,1,0,1,0,1
test-39-009.jpg,data/test/data-00039-of-00040.arrow#9,8f01a8ce9c68a22a64dd70bccf3aea7313e213804f87becd4fc4ddf9e137a08a,b0c36eb93553e83ecf494e051b169fa02ed40a812e304ec2bbd56ae27012fd8c,0,1,0,0,0,0,0,1,0,1,0,1
test-39-010.jpg,data/test/data-00039-of-00040.arrow#10,cb18a09817b40361878e24fafc40983bfc1acccb01eea55a3de241dcef378061,ee721a20725d0e6f0be4c287cc58356cc869132a958790595d49e8dd98ad2774,0,0,0,0,0,0,0,0,0,1,0,1
test-39-011.jpg,data/test/data-00039-of-00040.arrow#11,a0bc048f041468d0ef7a857bc49fe01fef3dd9168cafb49438b8dda6a50ff91a,35ca67c29f4599b48b73ce29dde7df89297ec3983ea00a79034b5e9b04b80b15,0,0,0,0,0,0,0,0,0,1,1,1
test-39-012.jpg,data/test/data-00039-of-00040.arrow#12,c6d1793b5ba3db14d860f4615f846838e95f7ddc6a188fcb5f1c8905c54d2b39,24473b0609252d9b5ac00139df1173477c3a000105fbc0006013ff3f42b93c0c,0,1,0,0,0,0,0,1,0,1,0,0
test-39-013.jpg,data/test/data-00039-of-00040.arrow#13,ff5a6508317efb95dbe9f39b1d310ed977664c6435cdd902e3956af673afaac6,fc66f5b090cc9715b6015e1a5a7dd358892136ce8e9109b4548b885ef77d0ff7,1,1,1,0,0,0,0,1,0,1,0,1
test-39-014.jpg,data/test/data-00039-of-00040.arrow#14,b16d8f7654f4581e3fcfd9cc3581b7b06a766e96444e3c8ac6f599eb4ff5432c,3357291f8a2f3421ba28ce20a0898d6f6ef7aecb8606e49043591fbb417d0550,1,1,0,0,0,0,0,1,0,1,0,1
test-39-015.jpg,data/test/data-00039-of-00040.arrow#15,fed6c098acede19a7727b99326d713a0a0fba79afeb27a482f9413eee3fe91ba,5d4fa3ac5d22161f813f12f05f48200fe6a256b9f6ca955c7f574d23db737a6a,1,0,0,0,0,1,0,1,0,1,0,1
test-39-016.jpg,data/test/data-00039-of-00040.arrow#16,ec84f333fe5180632d5b7db0775b1f03a1d6f927ec9f4cbb5d2ee960b464807d,ee9dad947dd16b0da3e72b626a6e4cc80ce8deec53ca9ac5891061553f292788,0,1,0,0,0,0,0,1,0,1,0,1
test-39-017.jpg,data/test/data-00039-of-00040.arrow#17,a6df6f833bc1f8f07f2e9d0385b09f974ca3514bf391e9a72250793210b1ae74,7640b51f689e37048850fd112e6818d6c378c2de4fcd0c4ae9eb6ff1b1490ee8,0,1,0,0,0,1,0,1,1,1,1,1
test-39-018.jpg,data/test/data-00039-of-00040.arrow#18,b1e845da6e653ffda1ad8720feb05008eb3cf0b3f0d9adaeeaf5374a028c55d6,5df4b09f4c9aae3e6002b9f409ce3609465cd5dd2fb0cb8727a6158eede8ffda,0,1,0,0,0,1,0,1,0,1,0,1
test-39-019.jpg,data/test/data-00039-of-00040.arrow#19,b8a359e92ecb235f7164c61a58c29515079f0af82cf6be7eda5daa9d3e09df3b,4cfef820aa788c15af716b729d3874b1c85b0eab1054d24661a3bdf3c774de95,0,1,0,0,0,1,1,1,0,1,1,1
test-39-020.jpg,data/test/data-00039-of-00040.arrow#20,5ee5cf5ee6a233cd57677c6ee41cdaa276ae707a31621b69457059d23d10a3bd,e0df3400011cdc23685230c86f99dc9eb38218f8d8447b320924b3c6617617c3,1,1,0,0,0,0,0,1,0,1,0,1
test-39-021.jpg,data/test/data-00039-of-00040.arrow#21,c8eee7df4914e683c8b377f0bf96eff858d0baf6333edcbbc7da458d8bb6b634,bd3372714f4f844416b5555baa4651ee158e33d2def1a1267b8bf1de12939708,0,0,0,0,0,1,0,0,0,1,1,1
test-39-022.jpg,data/test/data-00039-of-00040.arrow#22,1cf20e61ad2579cfd2ba6b1c55e00e0e64c8e867054951a96560777c0c7b946f,1687655d8b0be7a26a7ff06cd8fe72eab2ff69dfafeb4fe64faf0d052d1853ab,0,1,0,0,0,1,0,1,0,1,1,1
test-39-023.jpg,data/test/data-00039-of-00040.arrow#23,e13e0eaee0ed96fbdb8a5932367c0101551d4cd7c484455f7d50d28598febb4c,26f8bf76f6b893b39ce81a22c7f34c26149a88a37d767bb2043047febf5ba594,0,1,0,0,0,0,0,0,0,1,0,1
test-39-024.jpg,data/test/data-00039-of-00040.arrow#24,649d1b77e197d243601f717609d980a0bca71ecb6dbdf4ed6e48c0a074a55581,e01e7c9a3d86322c1753cf4ac42cfe3f634fe9d0a9463c8997793cfd43cf12ad,0,0,0,0,0,1,0,0,0,1,1,1
test-39-025.jpg,data/test/data-00039-of-00040.arrow#25,311fa1abd5c5708420cf6b7df482f3fb7da5b0f9fa2e9f1757f20128fe0e9117,0c0dc0068e0bfc0a73752d51b2512d154450c3b7cfec86eddf11209612ddf840,0,1,1,0,0,1,1,1,0,1,0,1
validation-00-000.jpg,data/validation/data-00000-of-00040.arrow#0,1b084a0a417ea9b7b5a3c4e88ff2021d68b2039fdae2aab9f1598d6abba91ce6,b981944903f256f36a72413733f2ed946741ce35bc3618f7a7bd70346045de7c,0,1,0,0,0,0,0,1,0,1,0,1
validation-00-001.jpg,data/validation/data-00000-of-00040.arrow#1,6f766b96d54d6daf0216bdab24920f11043e0a2c94453d2d6919da62a692bab4,21dd2299e95e46e1810f514f4b38fe255f6b43936203ed28846a6ae195cec525,0,0,0,0,0,0,0,1,0,0,0,1
validation-00-002.jpg,data/validation/data-00000-of-00040.arrow#2,59f6da2f45a31f508d7310edb12dc5ebccc448b4ce7b44ae8589b615cc8f83ab,c06ad7e7809ce11e272a8e1a73bdaa8567cdd812bfbbdc15293eff8ae6f6cfb7,0,1,0,0,0,0,0,1,0,1,0,1
validation-00-003.jpg,data/validation/data-00000-of-00040.arrow#3,815a5c4f457f8e24e4dfbc5af1dee776381fe69ffc65e4242e302e82ddc608f4,e65975522f04743890497688c9a7adb432b5522f1dc8bea0c7f779a22d6e85cf,0,0,0,0,0,0,0,0,0,1,0,1
validation-00-004.jpg,data/validation/data-00000-of-00040.arrow#4,d8487e90ef745f949b0ed3909bf3592549612c1dfc564341198a9f191c08e52a,508cd24ffa546658e6d8800652708ce3b632b7f9cb6c9b021f52dccb3fd0992a,0,1,0,0,0,0,0,1,0,1,0,0
validation-00-005.jpg,data/validation/data-00000-of-00040.arrow#5,bba123260602b0214b43b51c38f81e2a3a8c944fcfaa7c184ed3079bb81ad14e,6384442960e468d0923ad152e6ad406215aa9e3f1abfec53f21f6551ae02abfe,0,1,1,1,1,0,0,1,0,1,1,1
validation-00-006.jpg,data/validation/data-00000-of-00040.arrow#6,3a8d04c6de1a3586be5e314ec3e9dd358476c42ee32494e69de52dcc33ae4a0a,943d578a81bdf14ba6fb0c3ea9358322c70fb9ebdc9ba2c42ad315f55a2541d6,0,0,0,0,0,0,0,0,0,1,1,0
validation-00-007.jpg,data/validation/data-00000-of-00040.arrow#7,ecb7134eb4c7b4f08bc74a428c23c5cf5eaac654165bd3e7215981961865f788,bbfd457e109ba29f71b40a5bfd60e2870291a12f8f89539ff4ec70668759419e,0,0,0,0,0,0,0,0,0,0,0,0
validation-00-008.jpg,data/validation/data-00000-of-00040.arrow#8,df0bfb1a5f9ad7fdeab778a3acb621a1e0ddbdcf24279d26eb5af5db14c7d352,e9590fb2a7ef5b84291bd8e1d63c5447aa34dd3708920e7021a285f2620f9dc8,0,1,1,1,1,0,0,1,0,1,1,0
validation-00-009.jpg,data/validation/data-00000-of-00040.arrow#9,20dd43ce7329d4bc7432a7f149d01515f2c07faed7374aa841fe4a1f895a4b17,0628fb1094c5f5030caf3fb328016462dee46d6a0d4776d4a429fc551570f259,0,1,1,0,0,1,1,0,0,1,0,1
validation-00-010.jpg,data/validation/data-00000-of-00040.arrow#10,0112d7fdcfd8cd935ea558da895073975b6d71989f4b4fe814f1f4d3f596315a,11a1e0fb2b8f8ed03217041e0dd279367d905e1f06ff8e9a7f94c1daef859eaf,0,0,0,0,0,0,0,0,0,0,0,1
validation-00-011.jpg,data/validation/data-00000-of-00040.arrow#11,15f126c461e8c90c6cb9731c888678e771f4e48b892519a8ab4e218ad0b1564f,1ed6cae84bfc430877a3fee92184aa8ddb2e0231c061f6bcd00434dbaed557a1,0,1,0,0,0,1,0,1,1,1,0,1
validation-00-012.jpg,data/validation/data-00000-of-00040.arrow#12,206ee00b38b1e14207ed919e32a43f474eabd7fbb676e0591ffdafb8e9341003,c50fbe1578b809dc8026999fd80d2bd6b72f7ce05cff8740f6ba2a913915a27b,0,0,0,0,0,0,0,0,0,1,0,1
validation-00-013.jpg,data/validation/data-00000-of-00040.arrow#13,cdf9a27562f3b9c3e11e45ff90befbe892539c72adb8641b7dfe398c66ca77d0,912c83cdbfa175a735ad31503ebb33ea487dd551b2c0dfadec80c26c98f9b286,0,1,0,0,1,0,0,1,0,1,0,0
validation-00-014.jpg,data/validation/data-00000-of-00040.arrow#14,b5cdac2cfbf958d6b004d32bb43f293116e1a581a0cfd6fa2794e382e24f2d8e,cfb63ef55914177c9247df125f59036228e34b5a1296da5da89191d183428c36,0,1,0,0,0,0,0,1,0,1,0,0
validation-00-015.jpg,data/validation/data-00000-of-00040.arrow#15,136baa57691b71e54431ed70e2050d1d69a98e9bd8f465b78f8c2f32b5cd523a,1fbb7b64b8a7e421482fdd18960f89dc79b5981b81e5688cae54d16ca8a87899,0,1,1,1,0,0,0,1,1,1,0,1
validation-00-016.jpg,data/validation/data-00000-of-00040.arrow#16,adcfdbb2abf68cc1b5236f32e2d45ee942031219a92978d933c984c03c539fdf,6f770660c4cddf3e6db5017e609badcb3d07edd80f00be4d433de504322d4471,0,1,0,0,0,1,0,1,0,1,1,1
validation-00-017.jpg,data/validation/data-00000-of-00040.arrow#17,7d77b71d06c8388983e48d6b2abd4848ae91d2c8d2be16ea9b8dbbe6d8443651,cd95fbb072cb57f0eba06a4245875b9fdbbd25da31068b250cbd585a871e5260,0,0,0,0,0,0,0,0,0,0,0,1
validation-00-018.jpg,data/validation/data-00000-of-00040.arrow#18,40e4a947b9d9f2d24038bad7a6b085f95d8726fc78184bc2489b140f35782d9b,99c55e52d149f4f9c156dc408c3c9633a89c65c67b0ecf13a9ff11a1446c63f4,0,1,0,0,0,0,0,1,0,1,0,0
validation-00-019.jpg,data/validation/data-00000-of-00040.arrow#19,c5f3dc2e8f4069f1abc91ec19aa57a7d542f812639d0bb2105762fc0353a57e8,6a7c4401aed445361ab8c5f994c57d4e5a49bf289a8fe543e4ec38fd18a9e28e,1,0,0,0,0,0,0,1,0,1,0,1
validation-00-020.jpg,data/validation/data-00000-of-00040.arrow#20,000c38e060db285c9d129954730e3c7ee6eb3f1e208f0a73ce9cbb272d4e4fa8,333900f5d88dfa257299663a8f774b06cadc86f5ca62b102b5c4b2a01cf3df0c,0,1,0,0,0,0,0,1,0,1,0,0
validation-00-021.jpg,data/validation/data-00000-of-00040.arrow#21,ffa9ba2bb55da7a77b7ac9d917f54dc5a5235534b1115d95e5d91e495d6f03cf,f0fe6b3d4837d537ac9a41612aefa0f5a4604d24209221117552626d19badfe8,0,1,0,0,0,0,0,1,0,1,0,1
validation-00-022.jpg,data/validation/data-00000-of-00040.arrow#22,f57937420a1f736dd9018b9c467269071984a14c1e4142abac139e78f984813b,dae2109b37a43d8d5282a235cecd0d472b5dff9849d31e6a077d21be0e38ff7e,0,0,0,0,0,0,0,1,0,1,0,1
validation-01-000.jpg,data/validation/data-00001-of-00040.arrow#0,1396b40dfa35b3495020eabc93e821e3130a2819151ac66c050b18180c883345,052b60f7f0bb9d3da196656ec80e501038c352164f80808f6bf494d517017b43,0,1,0,0,0,0,0,1,0,1,0,0
validation-01-001.jpg,data/validation/data-00001-of-00040.arrow#1,3ba9fb0b4c54f2a142adc4a72ed7e62294b4037b6fb69b4f744c1cd78ea2173c,9c59843ec0dc7823cf6353a5a63ae107730cc150d4bb2d134e520d1ba41443b0,0,0,0,0,0,1,1,0,0,1,0,1
validation-01-002.jpg,data/validation/data-00001-of-00040.arrow#2,23190d09a574b91ba124db5437ac16a8017d85c3057d329eba89e5db96e95520,00d481e6fd8814f186adc71b0327f4b03866926af6f604ac0aba563b9dc2eae9,0,0,0,0,0,1,0,0,0,1,1,1
validation-01-003.jpg,data/validation/data-00001-of-00040.arrow#3,93e7302964b564c220d59b982a864717c8bc3bbc83dcf2b0fe1ca161051c9076,13fe85ad22fece4b3eb1aabb227cd746692bf39384bd28cb09cc2624d5b3f927,0,1,0,0,0,0,0,1,0,1,0,0
validation-01-004.jpg,data/validation/data-00001-of-00040.arrow#4,0808d94c66070e5a7c41c83a5e922264339feda9e9ce2be47f9de8208ae964ea,6ebb31fdfa84169060ca89d714dfaca8bf2eae959bd67e60b8ea08d125fcc7bd,0,1,0,0,0,1,0,1,0,1,0,1
validation-01-005.jpg,data/validation/data-00001-of-00040.arrow#5,f09b11e446c56941488f80b34ab26005fa77bb8b467c43917fd56d733c8553a1,620d5ae74e66c6d593e418d25cffd91fb7b0365041efd6421773092aa98b2518,0,0,0,0,0,0,0,1,0,1,0,1
validation-01-006.jpg,data/validation/data-00001-of-00040.arrow#6,9c29d4d2969c885d6e464db0a9eeaf4a5b7c5aed52504f3d9673c1ed81278a8f,e27504cff6e56091659eb11c9125640e8c5807a679435cfbd236951df8c856eb,0,0,0,0,0,0,0,0,0,0,0,0
validation-01-007.jpg,data/validation/data-00001-of-00040.arrow#7,cc03a8237656910f3d38ae849822a609602c4ef62ada618d02d66a951bf6653a,8f6d3fd34cdc0449459b8f1b345b02d9ad9ae9361fb3158a56a51c5b4d39fd30,0,0,0,0,0,0,0,0,0,0,0,0
validation-01-008.jpg,data/validation/data-00001-of-00040.arrow#8,80554644f50af4105f76c74bd69c242a6965a1042663f15d8b208e6468e8361a,daed3d9fb04a613170f6cf4ef53ff0657a087c77215a88efef5c8fb9a9c46885,0,1,0,0,0,0,0,1,0,0,0,1
validation-01-009.jpg,data/validation/data-00001-of-00040.arrow#9,750922f2b65afdd2fba9a090c9774eba09110a312ca390aa4e8eccae0bba3e72,f3b967e8898c6df6b86c46deb4f5abbfa35e15cbc025e02fdf60d3d64a48007f,0,0,0,0,0,0,0,1,0,0,0,0
validation-01-010.jpg,data/validation/data-00001-of-00040.arrow#10,92b77e2a9217eca53435aadf73a73e49797b859aa4b8c4e0a44f65a3e1587e39,6a2ac005e0973f86a3f2dfb5d8255ff32f271d523dccd941c47117ff5f4aad1f,0,1,0,0,0,1,0,1,0,1,0,1
validation-01-011.jpg,data/validation/data-00001-of-00040.arrow#11,efa3a475bf0a33e549d58f75c94929185b230cf69014e345f067dc3f10e922a5,32860f943702ede3db0c4d1e095c791f4965d65ddf6dc3952a8581cfd3849cc2,1,0,0,0,1,0,0,1,0,1,0,1
validation-01-012.jpg,data/validation/data-00001-of-00040.arrow#12,4995876386ebd98c4139dfe95a554d5cda4a45575ce30a3b1ec9976db048b05d,3321a504914532a0c8e0b4bc4ca9b6d05225fc15c380515111168108de80a157,0,0,0,0,0,0,0,0,0,1,0,0
validation-01-013.jpg,data/validation/data-00001-of-00040.arrow#13,ee1e7b8fdf54b4f95a1240f8044cb59e87b75f14d214cc32c11ada13848a9c66,026e55ccbf8ccaf98844b2a00fffd365b6078cbb562164cedaf19974534227fb,0,1,0,0,0,1,0,1,0,1,0,1
validation-01-014.jpg,data/validation/data-00001-of-00040.arrow#14,52ecb50f754149110565657b485e1d1c3ac86d2f953fad0682f7cb94bb7caf7e,1e038d22924d66c0776542c53a3bd838d1698f2778154e75f9c2f2d9fe6935ef,0,0,0,0,0,0,0,0,0,0,0,0
validation-01-015.jpg,data/validation/data-00001-of-00040.arrow#15,ad90b484fa2fb0764e66ff19fb352a896e5b8f74ef7e772989fd84a6cf8e3c7e,6c9a3e43b1663d04806378eb7425a7de0d39f811db126076e60925f88733dc06,0,1,0,0,0,0,0,1,0,1,0,0
validation-01-016.jpg,data/validation/data-00001-of-00040.arrow#16,8c4c1fef189fb384aa812dbcf5a830bdcdc27242e55dba43325f2834755d28fa,f00d3c07d2dbf335d14c6ae5fe14901ce8fd12769f9fdd0bfe8fd0a7333ccaa7,0,0,0,0,0,0,0,0,0,1,0,1
validation-01-017.jpg,data/validation/data-00001-of-00040.arrow#17,76d4be5839ff1d788d38b0274996966c8645a6becf8ad01d0bf6f9e2e90ded10,6a7cafe1eba41ec91552e17a51d68df94a00c14ed754a4276370ea23ecc80d23,0,1,0,0,0,0,0,0,0,1,0,1
validation-01-018.jpg,data/validation/data-00001-of-00040.arrow#18,f0a1e8f8a57c7c3af61a553fe2f53adb303e31a8a33593ba242c40bd90ca0f78,f1ba75f2a31804e0acf455ad64cac8c311bd4d3244d4d9034c861e07d14423f3,0,0,0,0,0,0,0,1,0,1,0,1
validation-01-019.jpg,data/validation/data-00001-of-00040.arrow#19,6eda7b95e52f1a7e9b1a88bc4aa363bf7198bf8f463d216c29304d50fecb9143,0ebf149667830bd37347adbf0571298fdce9d72b06ba272a801a200b3587e52f,0,0,0,0,0,0,0,0,0,1,0,0
validation-01-020.jpg,data/validation/data-00001-of-00040.arrow#20,7ff5f9b69f6b301ef8c35eec168777f671b9533c5537ae3daa1ddc9dce67a2a7,28efaff6b20764907c899fa59e080374f6463c5b692dc8295dbde1b1843ca96d,0,1,0,0,0,0,0,1,0,1,0,1
validation-01-021.jpg,data/validation/data-00001-of-00040.arrow#21,25b80e7e3d8ad652e198f82d8c44d3914eedfcb7af896e18f4a83e98968964e6,e593aa92db400cec297af67e14bbcfa7d10002d473ee7a72426125d1b75703dd,0,1,0,0,0,0,0,1,0,1,0,1
validation-01-022.jpg,data/validation/data-00001-of-00040.arrow#22,eda71948aafbf8899cbe46fbc2d974ec52dac5b66c9a4032c4b34c622a877bbf,90f7f8cacb23f7a03403f771322b980bf13e0217fedc06d9c0f444b982f4af07,0,1,1,0,0,1,1,1,0,1,1,1
validation-02-000.jpg,data/validation/data-00002-of-00040.arrow#0,104fea108aa0f9af41cfe45ffcc1777c8276d644bb6ac1204aa3a690c3ddf3d9,df4125237f609ff2401803f93a389c44b7d6158f9a312d2511fcb0b3e0298bb8,0,0,0,0,0,0,0,0,0,1,0,1
validation-02-001.jpg,data/validation/data-00002-of-00040.arrow#1,000d1dc6122ad1f20967c50a56d2e47bf21b08c5b694a23db53fe8b0f1bde429,1d0b42e3d7161f4cd7c5a690ed7d7fa771fae09df37f3e976e10192323e27582,0,0,0,0,0,0,0,0,0,1,0,0
validation-02-002.jpg,data/validation/data-00002-of-00040.arrow#2,bfbbfdb9c7cd4475837202ed0db2cb30b06b7cea0d39eda818c123455c48e0f3,c5b8844f402daaa6ac9a54d7f96c4d9d603a259f54d14c114c30423c7b8e9031,0,1,0,0,0,0,0,1,0,1,0,1
validation-02-003.jpg,data/validation/data-00002-of-00040.arrow#3,ba7c583f2416e768c21b82c03d8497c0de62527a5690bf1f17a35286ab6cce99,b654e1f4437e468252e9e2e0ae8f11f685a8ddcefd2da2b16394e68d10813dda,0,0,0,0,0,0,0,0,0,0,0,1
validation-02-004.jpg,data/validation/data-00002-of-00040.arrow#4,c6b5c39ed08a79c45e838aff57cdef0149b96ee8572b5619775477439924f078,4dcb9957722f19c431db3170d7804fb61b3a8f5ee771f94b3e293cb921cd3914,0,0,0,0,0,0,0,0,0,1,0,1
validation-02-005.jpg,data/validation/data-00002-of-00040.arrow#5,09c9d145bd1a81dd86c478d165c0a3125be7a3d488e64ba3b90d708a0ae45a74,946c62273895634871ed61830588dcef764473a4c81378eaf8a24325437534e3,0,1,0,0,0,0,0,1,0,0,0,1
validation-02-006.jpg,data/validation/data-00002-of-00040.arrow#6,842bd8cc5a024b554e9cdf6c0b5fdfc1bf1dc1ba2ce674dee0280a16a46ffa3a,8345148dfcf58fbdf1f48a02a3486712ad350d469959f63369eceb29f5291465,0,1,1,1,1,0,0,1,0,1,1,0
validation-02-007.jpg,data/validation/data-00002-of-00040.arrow#7,ed6656597d0afd63e14d39f6256fcc4b2ad4ca22b3aa0af01fa2ed9fd814034e,d8658f35875d1a5cb0fc0e2d0a65e612d38c1a3e051d56cda3377e1c862db422,0,1,0,0,0,1,0,1,0,1,0,1
validation-02-008.jpg,data/validation/data-00002-of-00040.arrow#8,d94b0f9b565571d12f7299c7c06c766720c0aa9225216f6aa909229364aa09e1,13dfafad6b70bd53f79347341d25dc033ce3684062fc6a47595a53e1cad95faf,0,1,1,1,1,0,0,1,0,1,1,1
validation-02-009.jpg,data/validation/data-00002-of-00040.arrow#9,ac63d5173ce69c7ff179d2ccff3006ebe56cf573fa7b333ce1ed3d5a037444d6,e35cf1af99bb5568d23b8de0030e3d326241c8b0b8799b2de8cb66f62b5fc1b3,0,1,1,0,0,0,0,0,0,0,0,0
validation-02-010.jpg,data/validation/data-00002-of-00040.arrow#10,31503bd37971b93b65f7622b687078e043c66599bc7c7ac63c9da068d1229db4,f2dcaf269e1fdda5f409c5eedc753f6e6c914c257c780eb2b05622b8d48390be,0,0,0,0,0,0,0,0,0,0,0,0
validation-02-011.jpg,data/validation/data-00002-of-00040.arrow#11,7d9d89427cfe757b0d5d524191fdf7bb2631e0e737156f0bb7b009c16317c215,b4323339af0aa2314518ad3cba86f5e97838636e4d14a151205fed4bf759eaf2,0,0,0,0,0,0,0,0,0,1,0,1
validation-02-012.jpg,data/validation/data-00002-of-00040.arrow#12,f3bf9f94a401045672afde88830fdc4e77212c6a147c474cb34e66abc9bee5be,107b40ca4ad5333e33e342bb313c8c1c6d618f12f0b8f65530ea57e856671b9f,0,1,1,0,0,0,0,1,0,1,0,1
validation-02-013.jpg,data/validation/data-00002-of-00040.arrow#13,71114cfb3115e057286ed0d973c10d391eb4224d7840e9d4b2064fcdfd49d9e0,6608985e56a26b80763a0afc676549770640d556c1d8ebdbcd6972d9bd1129be,0,0,0,0,0,0,0,0,0,1,0,1
validation-02-014.jpg,data/validation/data-00002-of-00040.arrow#14,1ff7f6e492dd7a4b30fd264d82bd87e795f1cf3b2be9c58ced26cd8cbf5b5f22,d38649bb644b29cb2d04b66d909eb5cd053ca4b88932589c38f57794ee19a437,0,0,0,0,0,0,0,1,0,1,0,1
validation-02-015.jpg,data/validation/data-00002-of-00040.arrow#15,c36c43a277a48126eb5f26761b3b8e1289122845a5121dabadc46507ce1bd879,064352b1600dcc31a7945452a1427bd5ed5bf0adccddffde87473a1be7cedfc2,0,0,0,0,0,0,0,0,0,0,0,0
validation-02-016.jpg,data/validation/data-00002-of-00040.arrow#16,12537aee4aebecf79ddd2f23139a188eab37af7e305a708aff07920001ac58ba,ee6f24c0db529372da25aebfa28d6cae6864aa1c51ebdf435cd87e3a5b00408a,0,0,0,0,0,0,0,0,0,1,0,1
validation-02-017.jpg,data/validation/data-00002-of-00040.arrow#17,a2e9217ff2689ab56cc8016d91708a2b65104fa55ba44cb81ae9fc83841ae18b,4228268e6bb429637ca8fda987aa25dff892cfe2034a9be5680c7c2d42395997,0,0,0,0,0,0,0,1,0,1,0,1
validation-02-018.jpg,data/validation/data-00002-of-00040.arrow#18,b1f85a1f07ab5c4b13cb8a91c3a9f56c1f550413d391b33c90e6bb5a16588db2,a0390116306571695013742da55ff3c115ec9bcc11ad46c25265194aee103677,0,0,0,0,0,0,0,0,0,1,0,1
validation-02-019.jpg,data/validation/data-00002-of-00040.arrow#19,1a52e8cde5dfc650baa686844f9842eaa6bea98756604611341b315583725769,5addf99d02986f0d81a48c572f5c666d078f729cc08f9bdc667ba6cfd3aefb3c,0,0,0,0,0,0,0,0,0,0,0,1
validation-02-020.jpg,data/validation/data-00002-of-00040.arrow#20,11e3cf1e27fdb00104e25a1c0f29b530bcca7ebc6de959cc43a6ae60acee4f94,ec35bd0cef86f4048e549a47702408652114b6ad1f114ee928253f22a744f276,0,0,0,0,0,0,0,1,0,1,1,1
validation-02-021.jpg,data/validation/data-00002-of-00040.arrow#21,ba231f351564367f665c5afba11459392a49297fd8877c702d85fb9e488fe63b,c6632c86a3dfbd1b39964c8c9a159af2d711dcf0fcd199da3ae45d36088cff10,0,1,0,0,0,0,0,1,0,1,1,0
validation-02-022.jpg,data/validation/data-00002-of-00040.arrow#22,d6f6c68cacd8bc7f595d6672d064a6ce233e6325ea67c244abeb0fb30265e347,26148d9f13eceb0140c7ca2c669134f88a4390c60f5bed3d5471f4ff088035fc,0,1,0,0,0,0,0,1,0,1,0,1
validation-03-000.jpg,data/validation/data-00003-of-00040.arrow#0,9434b81b05c1e039a5425bc180f54e356fed8a6b7803ddae6e66a7b25ba65052,91a58151464a8cfe1f71f76d8dc51d33e2303787bd551b521ffc593df70f2e95,0,0,0,0,0,0,0,0,0,1,0,1
validation-03-001.jpg,data/validation/data-00003-of-00040.arrow#1,32828c728bd3d504a755516c350cc9699ccb64c385f761f425aec91a8aa82576,cf6f42c81c534d3d6d86bfe656d5bb6b824f5bf89e77f79dc50693d0935912fc,0,0,0,0,0,0,0,0,0,1,0,1
validation-03-002.jpg,data/validation/data-00003-of-00040.arrow#2,aa06cbb73a0e271907b30fc1d5be2afbfa0516964ad7d4600eefaf5b4e4ea618,5e6b8253f41b85297568c0ccce5657e4b9763f6a058b872baf06d8c5857d4644,0,0,0,0,0,1,0,1,0,1,1,1
validation-03-003.jpg,data/validation/data-00003-of-00040.arrow#3,74b8327e384872877db6302a8a71e8cd4e873584fcab263743bcf679b9a5dab2,8f2d1c3a007c343b813e07f303adccb421f3b43d4ff4b66bc4a728dab669810c,0,1,0,0,0,0,0,1,0,1,0,1
validation-03-004.jpg,data/validation/data-00003-of-00040.arrow#4,4d8a05dbb0d4fdebc5c1f4901333cca1127a2c79d19c1819cb62c38acf9fb92e,a352186f66d064ba1f646c71cd45cc20638bef902c90f8fda18a2b61e3040844,0,1,1,1,1,0,0,1,0,1,1,0
validation-03-005.jpg,data/validation/data-00003-of-00040.arrow#5,e1e9fd185766912601635651b5a1aa819b4c71e6984e30d6361319c02daccf11,1ffcdbd04438fcc2e86ccc510ea18cfc331f75686e5757f3c9f9cf8bb3984c23,0,1,0,0,0,0,0,1,0,1,0,1
validation-03-006.jpg,data/validation/data-00003-of-00040.arrow#6,b5b2f648fdcca079e72948cadf225f10d5d5822ab9008e4439668ee2dfa384d7,f415c6565f92f98c2d8f8d33cfa93258ef09813d656efef5308a339685095211,0,1,0,0,0,0,0,1,0,1,0,0
validation-03-007.jpg,data/validation/data-00003-of-00040.arrow#7,025a3d3a6a0ba606ba47f6f54c3078c5de3303254c32e75d10c9edc3e0c2c733,5adf3f75f95e728a43e960febdf5f94d7f95969d40dfa9577abb4a63d5ba04a4,0,0,0,0,0,0,0,0,0,1,0,1
validation-03-008.jpg,data/validation/data-00003-of-00040.arrow#8,d7808d840ce192b479eba257ffd35d2323b8ba7b9717ab03b9e8ed76ff12d6e8,794491b642ed3f9a24249c4de84b34cb9f86b122671c2b3c74af896f1825d696,0,1,0,0,0,0,0,1,0,1,1,0
validation-03-009.jpg,data/validation/data-00003-of-00040.arrow#9,8ca49cd38c590831e9153822e6304e984c0da8958d5da78944bd26a58e569d80,b62466e45da7fc5b39abc256d108dd211e2b82046d953ec90458953612ecd8c6,0,1,0,0,0,0,0,1,0,1,0,0
validation-03-010.jpg,data/validation/data-00003-of-00040.arrow#10,3b630dca0ac439e0f396263fe4ded703c8e0b83b7c32f2540fec583cb6afe608,f7470362aabf6d984cd1bba9517daa6ef511a569b90453cbf9a533cc311a1cbe,0,0,0,0,0,1,0,0,0,1,1,1
validation-03-011.jpg,data/validation/data-00003-of-00040.arrow#11,2c891807f15a900aad6d0d4ab93be92bd6da83f60184fddd4b78ea5895242814,7a52f2867f7cadd6eb78a822a4b5dd2fbe2b4674b2e8e6aa656c9f0e65f65606,0,1,0,0,0,0,0,1,0,1,0,1
validation-03-012.jpg,data/validation/data-00003-of-00040.arrow#12,84d138343ee0cc762566a3f2aceea5caa330edc3717f48c050b9adf6942fcce3,c8df1bc3811fcf55072809a94e8a542a9ca1af3716daea66d7e94b1f67d36853,0,0,0,0,0,1,0,0,0,1,1,1
validation-03-013.jpg,data/validation/data-00003-of-00040.arrow#13,11d8efb7dba2b9674f90d7cffb2743bda5b1b75085679efc607df6f265a33493,7bc2f91182e3de13cb03a89152d187a31488ec876fc5ff461fd309f597f07fc1,0,1,0,0,0,0,0,1,0,1,0,1
validation-03-014.jpg,data/validation/data-00003-of-00040.arrow#14,9b6763fb1011cea8e5c1a020fa65e378a31425dd8f39a138cfe93335a36fb32e,6f20e232c9179bfdf9dab7fdadea98dea9d7375783da2734baa4ead7be351de9,0,0,0,0,0,0,0,1,0,1,0,0
validation-03-015.jpg,data/validation/data-00003-of-00040.arrow#15,9900031f8d9624308397f964971a3ea952a3f621a2893646af3ffb344c90a7f8,2ebde4115ed0f23b9a54b6291711e4de6e054c396ba21273980ce81f0c23ceea,0,0,0,0,0,0,0,1,0,1,0,0
validation-03-016.jpg,data/validation/data-00003-of-00040.arrow#16,9950c1360d1d225e58e9387c0ec8f997a6901b0b84c78341cdf91c5988cb31b7,921375ec80dfcbf0f409dd15c9b813e85d203adf083cd00ebc29d5e5a7c8e714,0,0,0,0,0,0,0,0,0,0,0,0
validation-03-017.jpg,data/validation/data-00003-of-00040.arrow#17,8d6ad6a30865de8f78807a545f952553e3db0fbc6d0c69e7f24a75030a712853,33b22995e37eb9c6ec61326f49ef30f77fdb015d66502da7f0c39943377f5663,0,0,0,0,0,0,0,0,0,1,0,1
validation-03-018.jpg,data/validation/data-00003-of-00040.arrow#18,a8862511c8644fb361299a575c0c2059b81abad8b622259f434bf5d19e5d34d0,01e8762f548550219976a408939230e6d1eb3722a9fe0c0ee6ba53e9ce76401f,0,0,0,0,0,0,0,0,0,0,0,1
validation-03-019.jpg,data/validation/data-00003-of-00040.arrow#19,6dde9af96165bc727879bc755d5ba7d37194f66b3e27175253b2dc15221a70b7,98e81ac8db438ba09ec3d3840d70b8115863cf0d188a3db01410a88aa6fb1f32,0,1,1,0,1,0,0,1,0,1,1,1
validation-03-020.jpg,data/validation/data-00003-of-00040.arrow#20,d5275cd9d65f56b9996ab640462dcc9d9f4561010ae869aa86b48da1c5e70a7f,54ce4eb9ebd34771fbe31ddbb1b1f89615c389aa915a8f22498a7ff17fc2888a,0,1,0,0,0,0,0,1,0,1,0,1
validation-03-021.jpg,data/validation/data-00003-of-00040.arrow#21,8b0f4f2d7b17b5355de1e9e4ebd3adf57c36dc2928a6a82e82dc0673babec6b0,e9e5d173e00a4d49dfe35ab5d88fe86b1f4bfba5eed22d55e9096bc5e2d423bd,0,0,0,0,0,0,0,0,0,1,0,1
validation-03-022.jpg,data/validation/data-00003-of-00040.arrow#22,c964ab878453622cb6749a4c25ccbe2a2e610f50386e100985ce931b5cc020b2,9e13e0d60873d4fa9e2ca525d5aca2d49b38c61d233916e960ec7841768854c4,0,1,1,1,0,0,0,1,0,1,1,0
validation-04-000.jpg,data/validation/data-00004-of-00040.arrow#0,cf7626ea27d9a050170f555a1a7c26396619f81a334fa1edb7640fa93d662e4a,fcd63d6d1591e0602e44bca47236cd316d194b7d88cb565a0b44dbf038daf46f,0,1,1,0,0,1,1,0,0,1,1,1
validation-04-001.jpg,data/validation/data-00004-of-00040.arrow#1,1cdad8e89ab8595f805040d1fa43d562984a5cc6eef5cb943793d86e9bea36b9,7f8197ee06cbf91cfc0497e8df1c1c10e4d7ba8dacca8e29d691c344d94b44ff,0,1,0,0,0,0,0,1,0,1,0,0
validation-04-002.jpg,data/validation/data-00004-of-00040.arrow#2,1037e7da746a0649f5a6ca6bfd0a6dffc6e54365769d1f622632637dfd3a26df,29c6e09ef2b5e0c6c32d08b8cfcdd4440ce1fc02afb70570fa3cb6587e9d0444,0,1,1,0,1,0,0,1,0,1,1,0
validation-04-003.jpg,data/validation/data-00004-of-00040.arrow#3,386cc5b2333a7c70bbf28fbaaf9636f3e66e14871f1c7c090e3edbb3c941a869,f9c42c55e4e526ac23eb43b855def7f38f9b48666f2a2f7f7c90878c48b2ca75,0,1,1,0,0,1,1,1,0,1,1,1
validation-04-004.jpg,data/validation/data-00004-of-00040.arrow#4,ae58b0b855ff34c418a593818b4e33c47cc48b2377c9f743d7610508a576990b,65cf22721dc26d85a4b20f6f160804438ffad35d7554adaab6a6092813eac065,0,1,0,0,0,0,0,1,0,1,0,1
validation-04-005.jpg,data/validation/data-00004-of-00040.arrow#5,27d2eaf2affc9d802f4e17fd60c7d1fca86a16d501d58882791f3930f2fd3646,9422e5d6802a4893f34f5a1231cfac9318c9c118233f848ed5434b62f12742b2,0,1,1,0,1,0,0,1,0,1,1,0
validation-04-006.jpg,data/validation/data-00004-of-00040.arrow#6,62813f930273be2e4e78de1e534c91a619e8dce33b0bbea4b97cf5ee7cb245d9,1ecb2b0e451c95d69aba248c3cff0c12fc4cae993bfe04c8cbef1da8c9fa41bc,0,0,0,0,0,0,0,0,0,1,1,1
validation-04-007.jpg,data/validation/data-00004-of-00040.arrow#7,168ea13ce227602ca7a1acd93be8068d499bbadc6b9dfea584675de733c743b3,8cb41130b253eb21ccf1fa9efb215f34d81af136d2901059002355aa5502a034,0,0,0,0,0,0,0,0,0,0,0,0
validation-04-008.jpg,data/validation/data-00004-of-00040.arrow#8,4ea25e8021b7eda7854e146bfca56517269e9c44adbd1fa18e92781e47f79bf5,1bd90fec35402e516d4496d7ef3535ebe418a6a30ccdbac4fbb69470c4e48da2,0,1,1,0,0,0,0,1,0,1,0,1
validation-04-009.jpg,data/validation/data-00004-of-00040.arrow#9,14d062b02a868521beef2a3a4f9d06d3c19ce90a9e485a2cdc722a473e158ac4,43689caae25dec916bbecedcbd73a35a48c1a1d5dc9876e8f49ccfb5e7c6d043,0,1,1,1,1,0,0,1,0,0,0,0
validation-04-010.jpg,data/validation/data-00004-of-00040.arrow#10,159796751b0c6c6099fa75b8b9a93a6f22c147a1ec50f496f6994222441d3bf0,8547fa62473e10470eec873f9ed53934061a7ef968d21143dd89f97a75bfb937,0,0,0,0,0,0,0,0,0,1,0,0
validation-04-011.jpg,data/validation/data-00004-of-00040.arrow#11,8fcecf7d2296260290549e6070cc75be6551e39dfe65164e696be479ff15fe80,dab90e5d481f2f8d7bd16b6b3904ab3e046f9712248c34fa1203a33fd2884038,0,0,0,0,0,0,0,0,0,1,0,0
validation-04-012.jpg,data/validation/data-00004-of-00040.arrow#12,a47c045754b5e0d602d4caa359d07fdda5812a7768e4664447d7443a3a3bbef7,f33c5861566242109ef5625dff4d0a27fac0d87af5143803d4e6039d418e08dc,0,1,1,0,0,0,0,1,0,1,0,1
validation-04-013.jpg,data/validation/data-00004-of-00040.arrow#13,be701127b33d926cddc20c5903f9785f23b62eb90d2343db2c805dad0e57bc97,e07925cfdd00b400ac9520e16c540fb230ff78b453b6c2f1015a645158f59339,0,1,0,0,0,0,0,1,0,1,0,0
validation-04-014.jpg,data/validation/data-00004-of-00040.arrow#14,12da7df50ad96c3af50935d9c8502d028e426da7f95bf691cf57646fdce5a0c6,006dc4238f0c8c4d4a24a4f9b8c2c39d50b136613e4a353b6faa53977c8a0af3,0,1,1,0,0,1,1,1,1,1,1,1
validation-04-015.jpg,data/validation/data-00004-of-00040.arrow#15,6d8f0781351a5226d6e3713d50d09768825d8f5eba8596b35aef6d53b5bc1c26,96a8e2ee611768cf7741b7b35756b79ed49746c82a0c67d9fadafa96b819e937,0,0,0,0,0,0,0,0,0,1,1,0
validation-04-016.jpg,data/validation/data-00004-of-00040.arrow#16,f7c6245c8f895f6197c34106cb3cd48ee7f3ae0f74df26dcf11c3b260b0084cc,66e2b22aeece7e28537d4f4508af3cf298090a806cf85fce034e4f6374e3696c,0,0,0,0,0,0,0,0,0,0,0,1
validation-04-017.jpg,data/validation/data-00004-of-00040.arrow#17,0f95cbfeba33c676c1330018889a7ea4dfa6d4aa3c29c905ca1119d883d2b41c,d7d4f2f2208438e5cf9de5d7739387544321dd02006044726eb9960c0fb96bfc,0,1,1,0,1,0,0,1,1,1,1,0
validation-04-018.jpg,data/validation/data-00004-of-00040.arrow#18,2432b33dc7bc40d4ff1aed83858e3ca3e776e2d43ce5622ce5f13c11f1649904,7ad4d1ce61dc9ec461b5960524e9475d6b3e332f813d2ba2f1246af9f0c09c44,0,1,0,0,0,0,0,1,0,1,0,0
validation-04-019.jpg,data/validation/data-00004-of-00040.arrow#19,ddfc6d63f5264a2f6e125a071637a82ed1e28c7f99aa48101a13884964dd6343,6c765d5632a5feea68a4c5071879d70d6e34ef9e756ce2c9dedbd813dc87c91b,0,1,0,0,0,0,0,1,0,1,0,0
validation-04-020.jpg,data/validation/data-00004-of-00040.arrow#20,a902b21978f6c22bd1900c5769f12853e736a6bf8cf5d03d17bc7892147a49b9,812d71958304615adf007a5ba31190e04d1ec14462da780f27dbe8cb3c38727a,0,1,1,1,1,0,0,1,0,1,0,0
validation-04-021.jpg,data/validation/data-00004-of-00040.arrow#21,3b9d21627ab58135c8cea9ef2e34419896f810e8bce01906f0be64642ef6f555,b579c8b9397cb65f2405ee01103ecd5320c31a49e745941256e6c481f17a1142,0,1,0,0,0,0,0,1,0,1,0,0
validation-04-022.jpg,data/validation/data-00004-of-00040.arrow#22,00fc0de678fbdb3de4425b5e9aa80643f86503292fd12585c5f9158f109ff95b,df1f228d6f6cc12251d99255eab306fa3632ea2ff6d04c2556671c7b92668664,0,1,0,0,0,1,0,1,0,1,1,1
validation-05-000.jpg,data/validation/data-00005-of-00040.arrow#0,3fb02c1fe56165f9f38f1c7a3ce8d6c661fdeee9317b48d200708ed5e902b372,64e2d29977c79cfec695bac7b8630e93cb1c305eb9a3600f88f6ed252af04459,0,0,0,0,0,0,0,0,0,1,0,1
validation-05-001.jpg,data/validation/data-00005-of-00040.arrow#1,851d22654facc272b63ceb2d8eaa77968221e7a6a89461efc8c169bfe585f51b,e22ec3d22b05ba047199a219ed83aa56c2f74ebe81e2fbae1e838832ec63dea3,0,0,0,0,0,0,0,0,0,1,0,1
validation-05-002.jpg,data/validation/data-00005-of-00040.arrow#2,cda397c344761db4c89728b2d7963b3bb08443885d4f22dd16ce352ca463a0d5,1d1dcba5054fbd4cdd77c6768190572f9843aa8a0b11bedb07b2d42a99cad3e7,0,1,1,0,0,0,0,1,0,1,0,0
validation-05-003.jpg,data/validation/data-00005-of-00040.arrow#3,9074203fd52f1599b32b061de16a6f7b4d250cd5569bd602bd0282146dab0a85,7f200bd01dbbf500b265137b94f4838ea470350f3a219a24a171c95c117e8fd0,0,1,0,0,0,0,0,1,0,1,0,1
validation-05-004.jpg,data/validation/data-00005-of-00040.arrow#4,950669492f45c30f86edaacc412bcba4f66e4fe5dc1ecc9e83b814ec0b7cebb1,d19d38db867d9a4929a79da5495639a5985ab8153ba3070c5a3d21c4dc2851d3,0,1,1,0,0,0,0,1,0,1,0,0
validation-05-005.jpg,data/validation/data-00005-of-00040.arrow#5,7cc7ece6ac2931f69620e797f7456ba030d77ef0644cf151aa5320748258495c,cde0b4052612cd84be045329344a445ad9a848a1e618a1b57968398bb1f68948,0,1,0,0,0,0,0,1,0,1,0,1
validation-05-006.jpg,data/validation/data-00005-of-00040.arrow#6,c1e6cf480589ef178521cf1b9b8a38bce2fe5a9e401f25feb9bf1cb0101a680f,3cd11ce199fb1ddd6873d1485545a62451a6c748f5df992174ca22951260bdb9,0,1,0,0,0,0,0,1,0,1,0,1
validation-05-007.jpg,data/validation/data-00005-of-00040.arrow#7,72610e4b16f33cd2d8856b30910d96c9bc9fbe958bb7afbf47f1270b436a3187,f0ce751c25af9d81921dccca65c2304ddcc9ca21a7eff2bae1b59e44f7dbb53d,0,0,0,0,0,0,0,0,0,1,0,0
validation-05-008.jpg,data/validation/data-00005-of-00040.arrow#8,52b35aabbec49fbe636992dd31f0de8befd59ba5460c558a26397528692b4148,0fbe61a4b4be66f06647489fd2d87e032b7a0fb37de279c827ddf24b6fb64aba,0,1,0,0,0,0,0,1,0,1,0,0
validation-05-009.jpg,data/validation/data-00005-of-00040.arrow#9,8d418e22021c16aa4d38d40ad78a9c24b9024d871b4111665e338924365ae3fc,f7871ca64cb27434f710f1082e36b7c3314c97a7f3bf904f8350b227ef24e305,0,1,0,0,0,0,0,1,0,1,0,1
validation-05-010.jpg,data/validation/data-00005-of-00040.arrow#10,23dcdbb2af8be10cf98bca18e207fe8963eb1cf16028d4e6c514748c861ee00d,57e75d70a8e075f3fdc1e5a20bb414578e44f858ed72a18e091dae5f6e367cad,0,0,0,0,0,1,0,0,0,1,1,1
validation-05-011.jpg,data/validation/data-00005-of-00040.arrow#11,c3e9ea7978c2951f26c89c454e5c543436a26493a575f4f0362e5a863900dda2,f5d8997dfd27874357122818d191a36beac6097b6001b39fd81e55fb99df47fc,0,1,1,0,0,0,0,1,0,1,0,1
validation-05-012.jpg,data/validation/data-00005-of-00040.arrow#12,126f4a080ce83b44c309f043dfc88c9751ebc07468de58544c498a42a7c02aee,a5a21dca74fd6d09add371c04cb46e9a4e9cca0f09b4c2b2a5e94d1cf05042c6,0,0,0,0,0,0,0,0,0,0,0,0
validation-05-013.jpg,data/validation/data-00005-of-00040.arrow#13,2d8b3564b88c9a026c9f32bb341176b00afc5767a6bdd2b3bf1c283384404f17,247426e95258407efb82956ce43a38325eed2ac0aa0a829b892b00c3bf84a758,0,0,0,0,0,0,0,0,0,1,0,0
validation-05-014.jpg,data/validation/data-00005-of-00040.arrow#14,cca4fe4bcb2be88c8e878447d794411357a59527ae836bb27a28e30f2d90c421,9947c5047b07c446cd8ce97df47ad83562c3cbac295b4be6dac0b92cdf60cb28,0,0,0,0,0,0,0,1,0,1,1,0
validation-05-015.jpg,data/validation/data-00005-of-00040.arrow#15,6d041363119dbaa24bd71f0bbf3e45655957034552218e92eb8676d47ca1c26a,67d0d3ce5aec7592ff8bc28d016a07b01a5334bf178a5d4118876f56c2bd4ae2,0,1,0,0,0,0,0,1,0,1,0,1
validation-05-016.jpg,data/validation/data-00005-of-00040.arrow#16,041a7b046198f5b92963e82b84306253bd65d9ab098250a899d9c399132d7fe3,25f9cd4c4f5b7cecef2ffbf38d8538afab0f38bdd06445e5b4503173a08d8420,0,0,0,0,0,1,0,1,0,1,0,1
validation-05-017.jpg,data/validation/data-00005-of-00040.arrow#17,f2201e29a9fed634883fc1cc202f33efd3ed5b457f0ed2acb4d769588ac61220,819be4360ade5bb164c24692a7c4889161fcebcf4dc2e455588540f58bcd6e7d,0,1,0,0,0,0,0,1,0,1,0,0
validation-05-018.jpg,data/validation/data-00005-of-00040.arrow#18,4bb5bc0ad1a09c7912a2e8b07516c0c1d27bf6d6610bb7f4094706ff7ba8e7d2,d7b7036e699de405b56c49ed9a53f726dafb5e072fa448af07e36b6bfc90b9d9,0,1,0,0,0,0,0,1,0,1,0,0
validation-05-019.jpg,data/validation/data-00005-of-00040.arrow#19,83f89fff811f890567702611d26f7a9b519e34493a31ecef85a14acc9a895420,b09defe96d6e8476ac615bbceba632140f3a71650cdbda58fb21144c600a7394,0,1,1,0,0,0,0,1,0,1,0,1
validation-05-020.jpg,data/validation/data-00005-of-00040.arrow#20,31e31e9e0e49354cbf625e81e5f17f0999907b0e142082e98bdc3056e173b4b2,36efe19f5f7d109b968de902c2f2841da5627c43076e3f6171ede8d1ee6f2088,0,1,0,0,0,0,0,1,0,1,0,1
validation-05-021.jpg,data/validation/data-00005-of-00040.arrow#21,3d9543143bb42b5bf3caefbacb6e25f4cebed3c076b233b1709a7ae2d3b13eb4,f39bf2a205a515cf554bddc595384f6153fbaf917b0a50e2a63870baf4bc92e7,0,0,0,0,0,0,0,1,0,1,0,0
validation-05-022.jpg,data/validation/data-00005-of-00040.arrow#22,6f83ecbd096cb78603d5acc10071fcbdb6ef5ccb266da1d26fbe64d90a61087b,365450a1cc0b1e1f0fff83b74adbdf6c1de0eb6faca04bf0b3340fb19bf2bb0c,0,1,0,0,0,0,0,1,0,1,0,1
validation-06-000.jpg,data/validation/data-00006-of-00040.arrow#0,47cef4a34c800cb1184dc1c8d51e9e4a2e811a4e39afe179e3297c20c1471ab5,6c74e1ab50f2f497f1e007a6fda62a3cd066415eb2e6cf3ee376477ed856060d,0,1,0,0,0,0,0,1,0,1,1,1
validation-06-001.jpg,data/validation/data-00006-of-00040.arrow#1,0079c236b79c5287bbeff23278af7cc63f06c5ee0f0bec5ad9124121e82de9f9,c908bb6a282849fda65ffc93695f72af37edea682f0d2f527d0775f8267d7900,0,0,0,0,0,0,0,1,0,1,0,1
validation-06-002.jpg,data/validation/data-00006-of-00040.arrow#2,00c38b558d7b9a33daec34aaa214472ca4bfcd85aa31d66bda35cd990086723a,b540190b6d552ef4ea11c1c28fc9b3dcfeb7a1b694d67884bd5045fb9156deb8,0,1,0,0,0,0,0,1,0,1,1,1
validation-06-003.jpg,data/validation/data-00006-of-00040.arrow#3,f2d5514c09cf50c8bc2050d6ae761c99c11a9bd231824dff0332c48683cc205a,98bf8139cf247ce461073e74352bc9664e2aedb161e760b0d6529e4e176d1cd1,0,1,1,0,1,0,0,1,0,1,1,1
validation-06-004.jpg,data/validation/data-00006-of-00040.arrow#4,be7bed58dbfbe2a55ed42e33a5ed68434612a1831accdcb0c0979f53e62ebe36,04f2c3754c29c8779bba9ef6a536f1ae1608eabd85d4cb0f104b5ef527966298,0,1,0,0,0,0,0,1,0,1,0,1
validation-06-005.jpg,data/validation/data-00006-of-00040.arrow#5,5f6c53bf77bf5863532caf5d01e9c6f74fca6888e14a87d30fc90a9c49a2b9f7,bcdad3901c0cd213f281cbc73aa4ee8d4c67eed43c5a81c53d50b2e60e4fe62b,0,0,0,0,0,0,0,0,0,1,0,1
validation-06-006.jpg,data/validation/data-00006-of-00040.arrow#6,0db4723c4f3632e94456289f9c564e5492d911b73dbb76eb19166afa9c6ab8b8,7204d015a8a517815eddbc288a9260e251031d18dfe6b0128b2d66414519d91a,0,1,1,0,0,1,1,1,1,1,1,1
validation-06-007.jpg,data/validation/data-00006-of-00040.arrow#7,7711a06affc4bfde587402342924ef2472c6dec3f673c8d2bd4c7769ddbabab7,afe9f386effecce70d5ffb868233549cba41b9c42d90a25388965e39383a35ed,1,1,0,0,0,0,0,1,0,1,0,0
validation-06-008.jpg,data/validation/data-00006-of-00040.arrow#8,9b6f7870a07c9586a3ed039b96e9ff88fd0ef7f7cc468992877cb7f3ae82d3d6,d7360b7b1aa514123b0c0fcfa1c2af9bdfdb9230745b74c809b27caa4a752c71,0,0,0,0,0,1,0,0,0,1,1,1
validation-06-009.jpg,data/validation/data-00006-of-00040.arrow#9,641a4f610974ac6007bb63a4faa0950295b65dc8fefc50f87512e266acb70918,adc90a924c9319ad4fb6538c3b5f63e9d035ee90df23ba57cab972568cc83f85,0,0,0,0,0,1,0,0,0,1,0,1
validation-06-010.jpg,data/validation/data-00006-of-00040.arrow#10,ae5636902ca90c51bf2bce997ce0e22de5e75236ded8e608aa8c3dee1b0426ba,0cc29589a094a4bca67c9807fad9bed9c5ff79dec3e9b288593057702ed46fa8,0,1,1,1,1,0,0,1,0,1,1,1
validation-06-011.jpg,data/validation/data-00006-of-00040.arrow#11,ad1659d27c67ede446e3c1c5a028ef5cd97c3ca34c6a0a0e47ef4a81a16b411b,c6df49814da21e802c657b10129bbf0855db392965f829eb011865929fe782fb,0,1,0,0,0,0,0,1,0,1,0,0
validation-06-012.jpg,data/validation/data-00006-of-00040.arrow#12,0e9c7a6081e5aad604f59180a54962fc7354c46c4685b509859e3b1341a14355,efd1315615daf25806b2fadf161f407f18332d3ab66e65742420f5ab5ecfbf45,0,1,0,0,0,1,0,1,0,1,0,1
validation-06-013.jpg,data/validation/data-00006-of-00040.arrow#13,5f605309e74cb806864fe9083ce01df0accd97012824cd3d441ed77c4b1668a6,29fb08e55747e7feba2e1b74aa2939968abe93a97b2934254180877821eff529,0,1,1,0,0,0,0,1,0,1,1,1
validation-06-014.jpg,data/validation/data-00006-of-00040.arrow#14,cd8433f5809daf8261ca98f91cc734bf867342e8c69044872faf0daf1a057f43,bba6d55247e17714af44f3909b125fdb71393023df4dfe52e60eb16bf843967a,0,1,0,0,0,0,0,1,0,1,0,1
validation-06-015.jpg,data/validation/data-00006-of-00040.arrow#15,ef4efa9eba42614df569bd1fce2dc3665d23bed0c9741f1549c94865cd27cd90,f549c6da37116260966e159c741bbd3f469c39dfe3030b988fb458aa45e017c8,0,0,0,0,0,0,0,0,0,1,0,0
validation-06-016.jpg,data/validation/data-00006-of-00040.arrow#16,2e9975ea645a5a3222e24dc12a0a72c8a1b6064642e085b584999eb81a2c30b9,47755df9551af5e47d72d6a58e3caf2eabf331ff777b37b6ec58e2e34fb7983b,0,1,1,1,1,0,0,1,0,1,1,1
validation-06-017.jpg,data/validation/data-00006-of-00040.arrow#17,177dc5f29b2c35975700a53406afe70e5c5f8803fa227f158bbd1e38e720e069,ea31cce8bc724c36a862756b085aacb698769695019184b790f6ad8e59c94d0e,0,0,0,0,0,0,0,0,0,0,0,1
validation-06-018.jpg,data/validation/data-00006-of-00040.arrow#18,b2f25d99bd2d12aaa2b685e99ec4bcd8297acc77ab8048b98e5cca5e8f0c7ec4,46757b2887cc5ff01a209a546cbb9a8f151ddcf892e87a9c31cff0384447d616,0,1,0,0,0,0,0,1,0,1,0,0
validation-06-019.jpg,data/validation/data-00006-of-00040.arrow#19,8ffdeb98c8b33c8bc0c4364b4cb6ff6f082afe7d3f2cc4489444d71f4053d174,aac9d5fc7c299324eb8d01870fde0099c5a9114f09d4c5685ce74f449184a8fa,0,0,0,0,0,1,0,0,0,1,0,1
validation-06-020.jpg,data/validation/data-00006-of-00040.arrow#20,b6c498b378936ce96f0230b44c1d6522376564e263e8fbc2677947a2bf5a4730,09fa2c2e644ffe7541f29cdaac6b35bf84a911ddab3bad7807d2bbef650b253f,0,1,1,1,0,1,1,1,1,1,1,1
validation-06-021.jpg,data/validation/data-00006-of-00040.arrow#21,ed7ff0bc53cb21a094dd4b16641c1ac5b34aaa53a2d5637fe890a6bb400d79f4,18ef2c027a99de84c9a3f7c2abce7289bfa63148836fc7ec18b3ebca7471cda7,0,1,0,0,0,0,0,1,0,1,0,1
validation-06-022.jpg,data/validation/data-00006-of-00040.arrow#22,5cc06a57c91b14b816cf1f7ae0f014b348bd72369d8207880e24c5b137e5cb1a,ebc4e5a93027655061c6cce1f7d250583083fd6c85ea2cf41e9a303531c5a1db,0,1,0,0,0,1,0,0,0,1,0,1
validation-07-000.jpg,data/validation/data-00007-of-00040.arrow#0,712550a4a2d9496635f107a3545b73cc5dd9436f3d0943651e79715f7f382408,93178d625bff1f5f03c99f5101b27768f6a169f26da93c8c0609e3ece0ea09a7,0,0,0,0,0,1,0,0,0,1,1,1
validation-07-001.jpg,data/validation/data-00007-of-00040.arrow#1,48df745fa7aeab6aedb980d116ff11d40f3b9eea6d4d4a7f0956e127fbf46f51,0e9eb850dd6dd92734eedf4815a918f33e13468fc881502153def771cf76d375,0,1,0,0,0,0,0,1,0,0,0,0
validation-07-002.jpg,data/validation/data-00007-of-00040.arrow#2,ddf357c493228864d9388fbbd8ea083caae3a3b73d5b956f2c94a9871d2d2b2c,f76ec95f90c7829f9f4e92e795d229b33fd5d5ad4551a5d06f3c64244302baf0,0,0,0,0,0,0,0,1,0,1,1,1
validation-07-003.jpg,data/validation/data-00007-of-00040.arrow#3,c175c2afac4d5de3acda4cf84bc1fe05dfffe2fc0a28caebe01c247107bdf84e,b072a4d6bf88ba805b94f6c525a9436ae9d87bad77cbf910220ad367d235900a,0,0,0,0,0,0,0,1,0,1,1,0
validation-07-004.jpg,data/validation/data-00007-of-00040.arrow#4,486100aef8c26bbb44dd981401a47665a01f043ab718fd0adfef12467b9d9c63,e44121b80359ec1103508eedd2631834db988c615c5b28dd6e70f495d43979f8,0,1,1,0,0,0,0,1,0,1,1,1
validation-07-005.jpg,data/validation/data-00007-of-00040.arrow#5,a8fca19f0390f8c24ece84678ac73dc1ec37c3515b8d260de73e1f19591d9780,9b529cb075e6401a157a7efa0b1b4cfc381d24f345f955b3669453110331d0d2,0,0,0,0,0,1,0,0,0,1,1,1
validation-07-006.jpg,data/validation/data-00007-of-00040.arrow#6,60395912f294f30f49afb773b4c3e1210203c9cb9be32acc667232fbb5cb07ee,f081af2301d47c60baa42b4f81584a124312979048b9bc66f0e4819af0a930be,0,1,1,0,1,0,0,1,0,1,1,0
validation-07-007.jpg,data/validation/data-00007-of-00040.arrow#7,dd2071082093de9652e27486d739f684551d7d640a2ef506c0d25e0f3cac54b1,e3a6009ccac9cc7e019da46770eae87db1774a76191bdfaaf94f24738e4b06e4,0,0,0,0,0,1,0,0,0,1,0,1
validation-07-008.jpg,data/validation/data-00007-of-00040.arrow#8,4118b3024f6bec48bb5d8e23020e6533814b9c937e00677151f82e044cc44e50,65aa730dd2917166d0fbc603ad674a0e19aebc29c2af538ccd319e591be71442,0,0,0,0,0,1,0,0,0,1,1,1
validation-07-009.jpg,data/validation/data-00007-of-00040.arrow#9,84935567295d72e8e2fe1baf101d446f2cdd0c3386b09aa3640f2cd986cf3eba,d0df032d44c05470ef0ea33ee0087b0d3fa1f98739b87890b6bda5339a3d4689,0,1,1,1,1,0,0,1,0,1,1,0
validation-07-010.jpg,data/validation/data-00007-of-00040.arrow#10,9bfcf5b8126876b1d346dd1fba602b7278858b87d568e6cecb310c33ce6b54e9,b3a15e3ff0b7e4d6f16f0b633dd3fcba9a99d6f3f1aa1c67489168c79353aaec,0,1,0,0,0,0,0,1,0,1,0,0
validation-07-011.jpg,data/validation/data-00007-of-00040.arrow#11,cc328ccd3c732140637b67291754e2f2ac0d3a13504c1da5eacee63e39e54180,b26808272b0342480f4cb329997803f3fc8352bb8ab680e470afbf9f29d026f3,0,1,0,0,0,0,0,1,0,1,0,0
validation-07-012.jpg,data/validation/data-00007-of-00040.arrow#12,fe6035e36adfcafc3423b46ca0536f3d6d252720f0c809d5e38866d9807ec0c8,4c76dc45091347dc80b0ed2a047746fe8bb4968e843cacdc258eccc0f57ff563,0,0,0,0,0,0,0,0,0,1,0,1
validation-07-013.jpg,data/validation/data-00007-of-00040.arrow#13,2a310e0a6219896e7ef94a7e1de9ada7f0e2209591a8646f95e0d8504dd60814,c8b3362deddee26dd843b60e1e9a20953c0efe723832da0874c8cad2b0a2b315,0,1,0,0,0,1,0,1,0,1,0,1
validation-07-014.jpg,data/validation/data-00007-of-00040.arrow#14,99c24345d899eaf0363f4c18244281218ed1589a3bb75bc1a35f515ed5dfbf81,05bbff142e16293c18e0debd7895d8c03897fbf7268b4a46a5c01a1dcd6f8a62,0,0,0,0,0,0,0,0,0,0,0,1
validation-07-015.jpg,data/validation/data-00007-of-00040.arrow#15,567aee7f0a27d3551b4b29b184ed3c097fe5226b769f63d3ada26b050fce98f6,7f21410589c28a4af2f6653010f99a7d28a11a94ab3ea411afaf3301e62d4b4f,0,0,0,0,0,0,0,0,0,1,0,0
validation-07-016.jpg,data/validation/data-00007-of-00040.arrow#16,63e7576704266a1772a2da575da14e0023a4026a7611c8f8abb30c15d7922aed,748bc73c1a7dfd442430e12691241ce0a4ee74252442e8b4da6451f5015c585a,0,0,0,0,0,0,0,0,0,1,0,0
validation-07-017.jpg,data/validation/data-00007-of-00040.arrow#17,4d4de283663aa435dce0c3276124a072dba989458ae1ea01cb196e1afcd86d43,eb7c27163e169296226086e9229827f1555ce5d8639f43576d10ee409a8409c9,0,1,0,0,0,0,0,1,0,1,0,0
validation-07-018.jpg,data/validation/data-00007-of-00040.arrow#18,8c5d3a4c3198dc00aeaddd7aa261ec3b63bc43e6e3701e492f796082ced7cc2e,ec65015f67adfa72fe00a2378a51862cd5d86bd5ca8f0a9aa802461a7b9b3118,0,0,0,0,0,0,0,0,0,1,0,0
validation-07-019.jpg,data/validation/data-00007-of-00040.arrow#19,c9b8e4c67cbeb11489e850bf37a9f3bd739b47b111286510dd6d736c0b70472b,8d61200103e7598b2d8e06b58aaeaa2f198b77521520460cd74bb61f2eaab191,0,1,0,0,0,0,0,1,0,1,0,0
validation-07-020.jpg,data/validation/data-00007-of-00040.arrow#20,1a6e19b1206c44a060303221eaa4088bd5d7ad39e0d780d057163575c26397f2,d032dd9166141edce1e9ffdbaf314a396d675379774b91c6267ba5385bd18f57,0,0,0,0,0,0,0,1,0,1,0,0
validation-07-021.jpg,data/validation/data-00007-of-00040.arrow#21,35be2373e563704873fffc703fbc43e93f4951900bcf02977b940f7fc542af6b,33716863c5a55daa4a64008511cc8fb813b5b9996a92ea9c659b81181ce13540,0,1,0,0,0,0,0,1,0,1,1,1
validation-07-022.jpg,data/validation/data-00007-of-00040.arrow#22,14a25cba661d4e5945f4c1cd4d063df4ebac4f6490374bb1680b932a19a3852d,441530c005a320e91e1cbd4ee742e9f35adb025480db8386d1882e36031c568c,0,1,0,0,0,0,0,1,0,1,0,0
validation-08-000.jpg,data/validation/data-00008-of-00040.arrow#0,f8880147db377e22ff0aa0fc61e71a3d3a939b8849364cdf522e5e21c2445fa1,3f91e570530f2fcf3fde945cb0ff540e8e3d4c29566cceb872a02611156c4a47,0,0,0,0,0,0,0,0,0,0,0,0
validation-08-001.jpg,data/validation/data-00008-of-00040.arrow#1,ab3a48344ffac9f57a02cc8bb0196578c9ac5f1dc3ca5cfe1fa37738134c882e,255bf5af32085033570b16524ff19074e64b31353747d6c341f0bb235ca8c68d,0,1,1,0,0,0,0,1,0,1,1,0
validation-08-002.jpg,data/validation/data-00008-of-00040.arrow#2,7dab938255d0a8e7a6832541f766ef83b9687fd5be910d9e5f811078becef0b6,a21e33f20dab46babb27d5ada6ce98f3ecdddb695b25d81a4688b8df12523973,0,1,1,0,0,0,0,1,0,1,0,1
validation-08-003.jpg,data/validation/data-00008-of-00040.arrow#3,ee24615875dfa684599b2425cd79a3d310f335e6fa057c8f1d8982f612b55644,ec87f493d61e5ff71a251195aff47c0447df27e182cb64f190e5cf3bca7bdc82,0,1,1,0,0,1,0,0,0,1,0,1
validation-08-004.jpg,data/validation/data-00008-of-00040.arrow#4,dce40b3ea01c8d089078b1fcac5a115a6946678f336abecb49d0d716ec921112,e2a3a9000b8af0fec46a4473fb77bc2e5ba192b31ccfd2835154327dfcb2f876,0,1,0,0,0,1,0,1,0,1,0,1
validation-08-005.jpg,data/validation/data-00008-of-00040.arrow#5,3afa6d34348957e0a27b77447edf161aff2d7ac47486dd3e36d2a96ea0484437,229864eacd14afd62e6ae6f904a36a434eb9255d2166d7b873298e65cbd220c8,0,0,0,0,0,0,0,0,0,0,0,1
validation-08-006.jpg,data/validation/data-00008-of-00040.arrow#6,ec49718f4b40dc52ab4d0e775fec051bef95cd6f6c9c0583064a06f9fada14a8,1cf435f7f1abe4509c32ed13b996d02c29a13bad57e226f5d22e931955a95b2d,0,1,0,0,0,0,0,1,0,1,0,0
validation-08-007.jpg,data/validation/data-00008-of-00040.arrow#7,3a70cc78c13150b9fe64a433443c4774e42d5748f4df703c7bfea79acee37ef9,c399fad79b02aadce7472a985851793538f20255afe817473bd1165f0ce5508f,0,1,0,0,0,0,0,1,0,1,0,0
validation-08-008.jpg,data/validation/data-00008-of-00040.arrow#8,30b2b5fb7f487f16ce302b44f833ca5ab4f8068087cae6a4ce81c3b82dd6aad1,86b1dd177c285222c6aefc0e904a9993fe4c451920f57e5c289a70d625871f23,0,1,0,0,0,0,0,1,0,1,0,1
validation-08-009.jpg,data/validation/data-00008-of-00040.arrow#9,4c05459ce500f88ebbe3e8e87dd51b738b34756848ef57290794c79f3118b2ed,7fc7fdbf3ed15a87cb006899b1157f081b3a624b4de78d81654a96d581c9d32e,0,1,0,0,0,0,0,1,0,1,0,0
validation-08-010.jpg,data/validation/data-00008-of-00040.arrow#10,fb37de6643a4536f894ac1cececadb1e37b8074e7056fdfb263dcc137dbe48f3,9e5ece0b0edbb9208409ba1412c179adfbb19247c1dc86378777004f05be960d,0,1,0,0,0,0,0,1,0,1,0,1
validation-08-011.jpg,data/validation/data-00008-of-00040.arrow#11,78f9fcfe8808a2283124960a717232a6d202cdc1c0c40740c81bf2c9abfa55d9,f26da29d56a1f8adcf6ebbffec65cb706c51ad0921d13c537094c282ddfd152c,0,1,1,1,1,0,0,1,0,1,1,0
validation-08-012.jpg,data/validation/data-00008-of-00040.arrow#12,193a277401bb4a817beaf3430aa7b5059bc1d6144248abf68a2c59fba6881c68,7a4eae1944168b9a0bc4328cf895f1921f504fd0e79e8035a1bff2afced8924a,0,0,0,0,0,0,0,1,0,1,0,1
validation-08-013.jpg,data/validation/data-00008-of-00040.arrow#13,4a0645002a167e6efc3a847d3649f78434b097faa8863560fd03b7545e076348,9b7141854c74dea9daeb5e8a58d6060725a3e6d1299c7111a5483aec06019676,0,1,1,0,0,0,0,1,0,1,0,0
validation-08-014.jpg,data/validation/data-00008-of-00040.arrow#14,1ef668c7e95c303a324a2c7f8dfb6eb3e88898843f97f560e6e99e7c8c328346,ffcbccb56ed61e84c818d6ee83107c8e94a3d907f9a2df42f8315886b9f82b1c,0,0,0,0,0,0,0,0,0,0,0,1
validation-08-015.jpg,data/validation/data-00008-of-00040.arrow#15,92868393c5648baaaee86d4459d38e1c787cb6d4c621f9100a9f7cc70be79546,167296785adeca72f56c68c8989ae39dce512f7cfad51efe833c12b0de44e705,0,0,0,0,0,0,0,1,0,1,0,1
validation-08-016.jpg,data/validation/data-00008-of-00040.arrow#16,b06f4e9e896c4d50f6b700807bbe0dccb4f30143bed55f7ef36b4d0d7a6091e5,b8fcf588a69415575ef421879a5a249477750543fb9287c7417808aaba84da44,0,0,0,0,0,1,0,0,0,1,1,1
validation-08-017.jpg,data/validation/data-00008-of-00040.arrow#17,18082b6123d32e6d5356c9c9cbbdf66ef6dda91fd8e7935ed2c66919e397ea32,314e5edb5c9cafedffc42f32500cb386bc37708b6fb6cf4d347a2ecb876d2ade,0,1,1,0,0,1,1,0,0,1,0,1
validation-08-018.jpg,data/validation/data-00008-of-00040.arrow#18,e0f83c7c3df10193cba2652c004fc7ea1564ffe4c90376b21322fcaa9ab84428,049920fc451d410de5d07a15b4387ec26407992158f348be9eb978bf0dc883d0,0,0,0,0,0,0,0,1,0,1,1,1
validation-08-019.jpg,data/validation/data-00008-of-00040.arrow#19,34d85679c26ad7173b68ef8e8349fe0038cac9e7a4ef571cc9771aba9875a15d,6cbdf0abc4f0994ad8e99a9be11200145d49448654247a9ff337c1b05499de05,0,1,1,0,0,1,1,1,0,1,1,1
validation-08-020.jpg,data/validation/data-00008-of-00040.arrow#20,65ff211582fe79426877005db4bdd16a65a90a7c3d7b1be255fa10540cfdc053,8a4a2913dea0d3f28bca97522f4cfd606d9852353bbaa9caac357174a66feb0e,0,1,0,0,0,0,0,1,0,1,0,0
validation-08-021.jpg,data/validation/data-00008-of-00040.arrow#21,1123cb858129cc081f91e93d6f12d038200ffd995894ef973f5a076cd9c4a46e,c5e4c871ded32ab8f5b9e846d9d47dc8cbd57a2b7ce7138d006b8dacc67dffba,0,0,0,0,0,0,0,0,0,1,0,0
validation-08-022.jpg,data/validation/data-00008-of-00040.arrow#22,766375ba3922fda7484123df9282132b1ebb637abe863d3e64cf2c9281c45bfe,142754c6bc4db9362703b21d142537451240b2bd42a7ec15afc3878ee038cf5a,0,0,0,0,0,0,0,1,0,0,0,0
validation-09-000.jpg,data/validation/data-00009-of-00040.arrow#0,98d694542a19dc80652f9a75c9764e587c5cf829a71b3a31123f5433dafbc866,d9a510d1653f484898f167dbb696c3fbd6c3078a7c315aeaad5cf404d182508e,0,0,0,0,0,0,0,1,0,1,0,0
validation-09-001.jpg,data/validation/data-00009-of-00040.arrow#1,967b01e26ba963e43c4bed2bef449b632d39eb8714448b4d811352ed4fe19929,5e834a77c37054ebd4bb6b8c7137146cadc8ead7cfadaa0ce18e51a2ce272188,0,0,0,0,0,0,0,0,0,1,0,0
validation-09-002.jpg,data/validation/data-00009-of-00040.arrow#2,8d07621860827678a656fddb900b9a38bfb207fa80c5fe3e6cd0d760357db125,f63329ddeb04a86e75d0ee9754f68f977839f7528d7675500c9a06ebeb745a81,0,1,1,0,0,0,0,1,0,1,0,0
validation-09-003.jpg,data/validation/data-00009-of-00040.arrow#3,57d1e5960dd7ad97c729b249e192c8838ffd648f56146158eeebfd4f7fc89a84,081a64e918721ba9a53fe4c5437a891e4bae1c8464e2ad2f3896c05cfdbf03e5,0,0,0,0,0,0,0,0,0,0,0,1
validation-09-004.jpg,data/validation/data-00009-of-00040.arrow#4,f591ba609501cde54a1071366865f15eb8aeddfb3a6777b6da23b4b8725149d1,70d2b67d0828fab446d6e67b9fc81470a91501ff8959173eadd40db369781615,0,0,0,0,0,0,0,0,0,0,0,1
validation-09-005.jpg,data/validation/data-00009-of-00040.arrow#5,b9697b19b8980ccefbd1e61466f128346782e95e12daaf363f56a7cbc526522a,d32d9dcc7e7bab1bcccca57faa62b230fd301a6ef51095dbb3babff8370ee763,0,0,0,0,0,0,0,1,0,1,1,1
validation-09-006.jpg,data/validation/data-00009-of-00040.arrow#6,6e9cb04ff65dcb68b13b2c68e2a376a93385b0f2373c00fba1133ed3db75f2ae,bd706e296c705ee0fcddb5decc63fa7972786ba22c2ae7f4032a16cef48dfd12,0,1,0,0,0,0,0,1,0,0,0,0
validation-09-007.jpg,data/validation/data-00009-of-00040.arrow#7,a090f1b35c656c8f90fa51c402d437a305c09eb07ea8c16918a747c106f25455,79233e448acb2886c953f7cb2286d53c06150a73ea497df2eb812fbbe36d5bbb,0,1,1,0,0,0,0,1,0,1,0,0
validation-09-008.jpg,data/validation/data-00009-of-00040.arrow#8,602c854cd7e6c0bcabfb85f49ccf1162d3035cd604456aee01ef000c104befbd,9070d34bd16794d785574e1ccd0b1bdab81ce8a40a5176853556cf6dfefb9474,0,1,0,0,0,0,0,1,0,1,0,1
validation-09-009.jpg,data/validation/data-00009-of-00040.arrow#9,0b6943fb0c3de198c8860272e32bcb528c2eab9b139dd08744e0487dc61ad4d8,7bc1a84174c04b143d4af98447ee42ad18cd2d69f395acd34fa365d19dbb8cd2,0,1,1,0,0,0,0,1,0,1,0,1
validation-09-010.jpg,data/validation/data-00009-of-00040.arrow#10,0bf928863969660e779a5c6ce1c71170a5a3a9eea34cf9ef524e5cb7c0de3a7a,57721fe7b82754e8b56976ae93acc13dd919260287a53d2116be08d745168b63,1,1,1,0,0,1,1,1,1,0,0,1
validation-09-011.jpg,data/validation/data-00009-of-00040.arrow#11,935779cc6b080231b724609cc52bc13257444adb20dd79dbcc6d6cbf5906fca8,fb46699f5f4da742c82f668341b99c80e85c5a994e1123a6ea24d1166fa72db0,0,0,0,0,1,1,0,0,0,1,1,1
validation-09-012.jpg,data/validation/data-00009-of-00040.arrow#12,88d1f300ca13f2165079d12f65a6bf74f6163e3b7b2e5f8b42bc19cca06dde09,8f50c9fc984ec5c3e69077014b75cd4a4ffed0164ee7d3c015771ab53be80fb7,0,1,1,0,1,0,0,1,0,1,1,0
validation-09-013.jpg,data/validation/data-00009-of-00040.arrow#13,17302d9c1f6ebd658b77d0b8f339537132ee3413f73bdd84e8c6f3397bb729ec,7e4f853741d15a05761bd8dadb0858e74bd043c2bf11049b200b08bd415b824c,0,1,0,0,0,0,0,1,0,1,0,1
validation-09-014.jpg,data/validation/data-00009-of-00040.arrow#14,ee91323b41ca76f9324ce1c3c11de6ae69badf4548306d63736fc68a17f66408,9866b1ae4fa75c5f409d89e1724fa1e77260b3fcd524d2b59a15a56c50c4f2fe,0,1,1,0,0,0,0,1,0,1,0,1
validation-09-015.jpg,data/validation/data-00009-of-00040.arrow#15,72421041a62e8854ade8de91dd1ae3781e95eccd129f295848ccdf9e2585e5a0,e250b56f2da8246943d463cb998a1e507fd139ddf2296283c8039245c79b99e0,0,1,1,0,0,1,1,1,1,1,1,1
validation-09-016.jpg,data/validation/data-00009-of-00040.arrow#16,fd72d638198e391769b65989c8a50a257a91e67d8dda3b8ebbe64bf642da1ef9,4d949a1c57c441f0926e38bdfe20b54b4c021e8e39959c1afa1f13a0c86cce5a,0,1,0,0,0,0,0,1,0,1,0,0
validation-09-017.jpg,data/validation/data-00009-of-00040.arrow#17,0b753381eaa346a4d072b06838d5cfad21234f2d21d9681352551edd9e840d19,fbd171fe75aafde38843d9c98095a064835c81d66823c806fe3d2e1b50614140,0,0,0,0,0,1,0,1,0,1,1,1
validation-09-018.jpg,data/validation/data-00009-of-00040.arrow#18,5a21545cbc9974c64d0e95b6ec275348021bb2061a0899be4850b7b00e2d297f,e2489e976b6b80b23fef7cda203efeb909676b35691d99dc06c026541824e360,0,1,0,0,0,0,0,1,0,1,0,1
validation-09-019.jpg,data/validation/data-00009-of-00040.arrow#19,55db8a9cc8b0c3ef0ab6cf712ecce58f307552ee92cc19082f97eb40347278e4,57da7314234413e19dec2be431779e20cf5adc332003b330077710c67173ecd4,0,1,0,0,0,0,0,0,0,1,0,1
validation-09-020.jpg,data/validation/data-00009-of-00040.arrow#20,55a1fd4d747c21968a7acae50d4d73530faa74586e016cce08a70c0d34eb1c54,9ba089066ade73771490f57a4e3c7bb20cf7ee2040d6c60327bf3c45036664fa,0,1,1,1,1,0,0,1,0,1,0,0
validation-09-021.jpg,data/validation/data-00009-of-00040.arrow#21,cc8fd449088c38ba18baf448cf7cd83a68d9cea781820861a48f84f838183f69,82ecc9141f7c321224e003d8cad109e0321b265ccd9010e9b2fd24769ebfcf83,0,1,0,0,0,0,0,1,0,1,0,0
validation-09-022.jpg,data/validation/data-00009-of-00040.arrow#22,f1a0ed46e96f941f5e00fe879991a6228e9ce2cd91c5089b449a39daddb5f306,498350a50aaed414ca6e536a1fe23379e97efa37d848ee34ca6f5880eba3c253,0,1,0,0,1,0,0,1,1,1,1,0
validation-10-000.jpg,data/validation/data-00010-of-00040.arrow#0,094f432294fc2f4b7937eca0c69f67d816d36ab83b2793de028dfa4ecd3e1e54,7002b1e7d9dd2d3a460582a91f0b3438a4519bbb5399ed1bdad934d3ba1b88b6,0,1,0,0,0,0,0,1,0,1,0,1
validation-10-001.jpg,data/validation/data-00010-of-00040.arrow#1,a718772b3d56891a61a41309f25c901cef0c8cb04b9507c2c09b303448d9ab35,6cf0d4e335d68aea0c6afeab0dbb79a8cee84f264cbe5ab2b9536548cd1efcd4,1,1,0,0,0,0,0,1,0,1,0,1
validation-10-002.jpg,data/validation/data-00010-of-00040.arrow#2,17f1f0c112fb8526225a329aa030871ddfc50ac839bf94a6fafa209f3f5afc57,8674263aa87e87ebbcc9067af1471c871eb5316fa9b142a866424bdf3637c23b,0,0,0,0,0,0,0,0,0,1,0,1
validation-10-003.jpg,data/validation/data-00010-of-00040.arrow#3,05647c165622ee9cfc6a1c8be284cc59d59c89e4c97e2f64fddfc92fc759af15,cd985ecff8e34394b7585102c76c140de56e5e6f4453673e4783ee2a08bfe5e9,0,1,0,0,0,1,0,1,0,1,0,1
validation-10-004.jpg,data/validation/data-00010-of-00040.arrow#4,4b5320ffc61ae58d7876e7a46775dc92c54a156f11a6dea013cfb36ae3f48116,d129f402f15db1f5018cfa7c4c8aa3f1422fe2e5725a0c8cf06f50c318f60509,0,1,0,0,0,0,0,1,0,1,1,1
validation-10-005.jpg,data/validation/data-00010-of-00040.arrow#5,b6beddce19da468ad6ef707932f6b01378020f4ec26eccb4911753b295112b6d,2f6e22942b700fee9fbc3ce1289816a84318fb9c5b39c20c82acfe8672d33984,0,1,0,0,0,0,0,0,0,1,0,1
validation-10-006.jpg,data/validation/data-00010-of-00040.arrow#6,7d5bdb9aeff4e39f8f85ffb738f692275b47df7947368aab6a62cbdad9e1bb01,b23d4f3c87e42a86b7ad8f7c9ad8f3ea12dde874683f5125ad38ae1516fa396f,0,1,0,0,0,0,0,1,0,1,0,1
validation-10-007.jpg,data/validation/data-00010-of-00040.arrow#7,a74cba196dcb13a3ed47181d8333657122a01a14d6cc78f63797c60e5377f947,33ff31c629ceccb249be97bc4ffb6d9b7084c5f471251294296d07130bca528f,0,0,0,0,0,0,0,0,0,1,0,0
validation-10-008.jpg,data/validation/data-00010-of-00040.arrow#8,389e10ee5935685c44def71d8ed33bb95d41d2347592cc4141f08f58157872d6,aeb5f1ebb5ef67f8380176d6ce24511e9596e628df01d5eafd55fbd45c6655e1,0,0,0,0,0,0,0,0,0,0,0,1
validation-10-009.jpg,data/validation/data-00010-of-00040.arrow#9,90bea425f51a82a174b19c616dd7eb241d50181f4a921bb0a7f80ec393847bf2,99e7b18a9bcb35fe570c051ab23e555a3446c1b3d546ef800c03e02b409fbe94,0,1,1,1,1,0,0,1,1,1,1,1
validation-10-010.jpg,data/validation/data-00010-of-00040.arrow#10,f8c7ebe814429b11e4b77615aa87f54868e9b5bf405544c2ea228606ef6a88e5,f7dbfc2fb79753f1db2591a5f47058f703786c4d0894f5d278010ca98b948bf4,0,1,0,0,0,0,0,1,0,1,0,1
validation-10-011.jpg,data/validation/data-00010-of-00040.arrow#11,eb3cfe0c61d199446110db25ceefc9b1f7470461f4a1eee2463803e9d081a2a0,f668242f76bdc1f9d9dcb5e7b9a519d20cdbc5ef49b3beae088e4f8263558d5d,0,1,0,0,0,1,0,1,0,1,1,1
validation-10-012.jpg,data/validation/data-00010-of-00040.arrow#12,49c952f4f7191162b841e22e97b44decc9f8bc39b01cbd5ce98d3b6ea6077f85,d8fc66d317027bba5839db57f93fafa06a272882360b332014da143f0beae272,0,1,1,0,0,1,1,1,1,1,0,1
validation-10-013.jpg,data/validation/data-00010-of-00040.arrow#13,a235c24e747eddb828d3641973199d47db4e4583bab4707ac9b8dab8b138c4b4,2460886a898b57206ff9279e6089ff92dd54681139aab273f02a02fdf9281efd,0,0,0,0,0,0,0,0,0,1,0,0
validation-10-014.jpg,data/validation/data-00010-of-00040.arrow#14,0b22d5c1ea2b7542c844d40e1db26bea96191c1e2c71e63e3e8b48fa88f4c522,4977857474e3287372b652afd42a75dcc4103f3ef1a6903e0f95104436363637,0,1,1,1,1,0,0,1,0,1,1,0
validation-10-015.jpg,data/validation/data-00010-of-00040.arrow#15,4d4295bdde6a9daa30def472f3a0fc87bbdb82bed85be8ff40d15778774581f6,183f031ad2c2b852595ab85c9a15fa39168e6d5c1616688f244e7ebf9d13cba8,0,0,0,0,0,0,0,0,0,1,0,1
validation-10-016.jpg,data/validation/data-00010-of-00040.arrow#16,e706cbdfc0ab22e4f3245e2e1886c041b173f6b84ef9eb25c2c94cabb83b91e9,5529e59c07784b95e45c5a4acc2fb48a253f58be37863ae4d171e37ffc57a6ee,0,0,0,0,0,0,0,0,0,0,0,1
validation-10-017.jpg,data/validation/data-00010-of-00040.arrow#17,7dec22b9f5647102c84a401c8c5b046bcde5510ffbe32b42a8f56f57b8fcd3e8,c12765c86d15d1e78e914b51cc393d0b9fbdd9b7b4eccedc78683ed1860bf396,0,0,0,0,0,0,0,1,0,1,0,1
validation-10-018.jpg,data/validation/data-00010-of-00040.arrow#18,f4ec887766af60177b42658fef8ab5f181233418feb79ded10931f0730033bbe,482aa22b3edd5fe4ad51c397939b7a487e1172d3869cdf75a125e1ead913584e,0,1,0,0,0,0,0,1,0,1,1,0
validation-10-019.jpg,data/validation/data-00010-of-00040.arrow#19,e8380fe4943fa283cc20c819c09ddc90831ced01a8f02e4afd3ce8d230a0e624,b1e748ff53dbbde4dcd90e7aa451890a8467f5ab0e89067d4c779795d501c3dc,0,1,0,0,0,0,0,1,0,0,0,0
validation-10-020.jpg,data/validation/data-00010-of-00040.arrow#20,6b30a5f95a6888b9ec77b27eef945e36826d4aa027898bb00a6433b11eb9c433,c3c4b86fcf11aeaa76aa21d44c5d2237a2c0112d7e48f90ead0ad4382d190064,0,1,0,0,0,0,0,1,0,1,0,0
validation-10-021.jpg,data/validation/data-00010-of-00040.arrow#21,e307dab4fd2119dfdbd9c68d38d7951d667d8eb8907ea0e57b01a5b81a791182,dcfd232914ab3c5efff8b18172acebda98a6454dd96ecfc23999b67b84f0ee5b,0,1,1,1,1,0,0,1,0,1,1,0
validation-11-000.jpg,data/validation/data-00011-of-00040.arrow#0,dec452cb5f594a7e8890d7a44fa77cd8064bd8d2e48bdf1a06ec63a338172c69,e98a07420ed55f381b9bb28dde8bb2380ff214118e3c9fa3a58778e985a44a4a,0,1,0,0,0,0,0,1,0,1,0,1
validation-11-001.jpg,data/validation/data-00011-of-00040.arrow#1,cb6df2dd897c431bdc57be0a79577bfee8da8e4d9449f601509d293943b8d563,056e9fcebe55db8dd41c2af584b08163a1b61f8ac9b0dda24294d23340288389,0,0,0,0,0,1,0,0,0,0,0,1
validation-11-002.jpg,data/validation/data-00011-of-00040.arrow#2,7b6e3ce668c6b2504674f2343dd09dd59e5e9ed5a122af935a4481380573a4ea,e6996f2eaf6c43315a0a07069f65e70b66b53b130f04b8a9a005da1977611892,0,1,0,0,0,0,0,1,0,0,0,0
validation-11-003.jpg,data/validation/data-00011-of-00040.arrow#3,ebe0fbd4dab9f6270500a8fb005a1ce3028848e820129926b9114b88e38508ae,a362a3bbdc3e532aea8868d29912e8d0038b401c8e5eac70d337483c03b1e17d,0,1,1,0,0,0,0,1,0,1,1,1
validation-11-004.jpg,data/validation/data-00011-of-00040.arrow#4,64908423ec2f9918af95db0b3d30fdf4a7d164c066bf79de15827c1dc6114ad1,736beaba0619d9e8df6297d5232056122164e8cbf4416b49c14dd35d2eb71464,0,1,0,0,0,0,0,1,0,1,0,1
validation-11-005.jpg,data/validation/data-00011-of-00040.arrow#5,35f15484cca7af324b33f5eeb470ac42da3e7a8b3d04f098742e772ef17f8b8b,999881bb9ebce9c849d5638b344a78da1ab9ecb2dfb7a190c50f9dca8bb945f9,0,0,0,0,0,0,0,0,0,0,0,1
validation-11-006.jpg,data/validation/data-00011-of-00040.arrow#6,984e64ab653be7e4a31ac9b5e64798310851a35775c76892859d5c1ebd274774,b84460faddf691d85d752e96a9e34ebfcf583c281836c279cf0f32d529e92a2e,0,1,0,0,0,0,0,1,0,1,0,0
validation-11-007.jpg,data/validation/data-00011-of-00040.arrow#7,8cd1f6469e6a3c94ee46f4369bfad4ecb04740974efb82ce40188a8e2723518b,0749ccc49ca6af9c2a64849da7e0a52202bb7d84dc8d9d9a3fd5fce40b982e61,0,0,0,0,0,0,0,0,0,1,1,1
validation-11-008.jpg,data/validation/data-00011-of-00040.arrow#8,6a6137cde2f4041005f73d48273c83774089850128878d91edeb3766ef9c4b43,e298aefb6a617e63dbaddbe27575ef4ab69c52bc10d501ab2b471d64f6038535,0,1,0,0,0,0,0,1,0,1,0,1
validation-11-009.jpg,data/validation/data-00011-of-00040.arrow#9,6ed49682d35d76c3ddc603a50f1846e06d5384dfad25cbb85acd0e88c9d8cce0,059d6f24de93997d42b738eb04a1a7e0ec94833af86f3e5659979720b00d96a2,0,1,0,0,0,1,0,1,1,1,0,1
validation-11-010.jpg,data/validation/data-00011-of-00040.arrow#10,4ad58e64adfc55a3e21ff5c4310f284e5137345e174d94ad55f9f8dbf4f12b5e,84e413c57ea38005d12d993c4b7a804e2a8140c96a9d3026f329a4fbd07a2b04,0,1,0,0,0,0,0,1,0,1,0,0
validation-11-011.jpg,data/validation/data-00011-of-00040.arrow#11,340347c8e15c227b4ea8cf44cccd87509a14172c0544b6b743e4755dd47712ed,9e81d39fe0a2ff802e491bac44a25df7148e73ed9273fabbe18bed04a3218cf6,1,1,0,0,0,0,0,1,0,1,0,1
validation-11-012.jpg,data/validation/data-00011-of-00040.arrow#12,244742b115f6b044e03987e1609d27f0ba4875f9f792ffa8c0a00ffe1e6e58b4,56a25d930cf8f33fc0c4859703a413c986572448e769fc7d2c063b1963c7ba69,0,1,1,1,1,0,0,1,0,1,1,0
validation-11-013.jpg,data/validation/data-00011-of-00040.arrow#13,22089135a4d6c58a892f5fb1be3a0a3b647ffefbfa3b6eb4dded7d3294569fef,ca196b6bab251ed5d93ecb950d3fe25120e5ce946b51672aacd5770150779769,0,0,0,0,0,0,0,0,0,0,0,1
validation-11-014.jpg,data/validation/data-00011-of-00040.arrow#14,7e94d6aad586e1b34c53143722462e079f32cbf0d3a32624eb5a8ed1ac47b81d,bda9a48e4b7254c02b7042d3659bd93f8567c9b3579567929f1a24459e59cf55,0,0,0,0,0,0,0,1,0,1,0,1
validation-11-015.jpg,data/validation/data-00011-of-00040.arrow#15,1a4bc2a17cee26dcc7426d85ff49748450aa2f0ac4e7021df6c23852e2cc3440,785d7eec2e973b324fdf1a5eb9aacd8a2a233d1123de8d240de811f381bef60a,0,1,0,0,0,0,0,1,0,1,1,0
validation-11-016.jpg,data/validation/data-00011-of-00040.arrow#16,d497f5c9858b09e3f2018e0ff880aea3a7d732ddec4a23f31699746a0d5a58ef,c647cf9741d9b94e7bfab95d70c66d0834cc7e51a33880444860e0313aadd130,0,0,0,0,0,0,0,0,0,1,0,1
validation-11-017.jpg,data/validation/data-00011-of-00040.arrow#17,354bde2c2c6c7baa83123964ffbc3477586afb6aac8d43a11d2037bfb5aaf7d3,df18d6a8e45d310aade5cba7fec422a5e962a47c903abfc858397e49b21559bb,0,0,0,0,0,0,0,0,0,1,0,0
validation-11-018.jpg,data/validation/data-00011-of-00040.arrow#18,63690d79943dbfc977f1947c4d190d49674c32aa905f0edc3fc38594634b070b,93d80fadaff49403939424f365002be5b47230ae274b924c849c4a1c04ab183c,0,1,0,0,0,1,0,1,0,1,0,1
validation-11-019.jpg,data/validation/data-00011-of-00040.arrow#19,66a9a09a358c3691da4d3ca014d08d51de86f0dda981987991c152215760737b,6b04be4046a19347bd2358fb3b5fffb836570a39e9224e8c182bb5645b4c57d4,0,1,0,0,0,0,0,1,0,1,0,0
validation-11-020.jpg,data/validation/data-00011-of-00040.arrow#20,8ef13b8eb083db1a573623d632b25e45ce4b42cfc1b90fa41f2e84458f1ed4fe,d8fcab72804b8eafcfc060eb93c502c5a338494d4a3eae4f2b02476459b3cca4,1,0,0,0,0,0,0,1,0,1,0,1
validation-11-021.jpg,data/validation/data-00011-of-00040.arrow#21,633575bc1126af712162b159585067852a25dc0e91a20f6744f168ebda17f768,c1e8af3d6b6facb1395855d8e2244e6d642aa39be88cc8c1e7025d6160d63614,0,1,1,1,1,0,0,1,0,1,1,0
validation-12-000.jpg,data/validation/data-00012-of-00040.arrow#0,d827ae3e52aac3299892c78c50d3506cfadf6fbf8a97b2771e7e51587430251b,9dcb89cb9830a79a5fb3bb0a9962ccdeaedcdf45e2fdf1a22b7cc45ea472d587,0,1,1,1,0,0,0,1,0,1,0,1
validation-12-001.jpg,data/validation/data-00012-of-00040.arrow#1,cf49b5381447914966ed389d46ce2cdd2055bc7e99f098a2240cfeea61da18b1,8e3c3f9de6520f62fffe8bb7e6c864e65e75405988388ccd88433677462f35f4,0,1,0,0,0,0,0,1,0,1,0,1
validation-12-002.jpg,data/validation/data-00012-of-00040.arrow#2,46f10ceb4728ad956e90e2fd461e2d12d1ac7181ef0622631c6b56ffc76c06f2,236bcf61ecfc28ea53caa45f803ea0d82a37b02107926a622dd8802c7647e13e,0,0,0,0,0,0,0,0,0,1,0,0
validation-12-003.jpg,data/validation/data-00012-of-00040.arrow#3,796b92797f9f35da09753a7a519d9e22d1b2cf5c63139174a6ded4342caacf04,8dc5b4c42592fc675129ca1fdee23b0afdb68785c630a2d7cbd5331e617cba1d,0,0,0,0,0,0,0,0,0,0,0,1
validation-12-004.jpg,data/validation/data-00012-of-00040.arrow#4,bc289b8d5b858ee82f2cb535006ceaaa863034218183ec2c519f8644296a29fa,5bc898aeb6ec4ddbf512e29018c44c67df8d08fe95f29d30ba7aebc8b45526e7,1,1,1,1,1,0,0,1,0,1,1,1
validation-12-005.jpg,data/validation/data-00012-of-00040.arrow#5,387ee735f1993150d6d44a73f186b625000c27d78ffcadae6f8b3f4fdb8a7daa,0967a7f26832b1a6032618baccbeecf1c9d8ae051348aaf0b7238ac90b3962be,0,1,0,0,0,0,0,1,0,1,0,1
validation-12-006.jpg,data/validation/data-00012-of-00040.arrow#6,eb5e121d1d121589610786026554a6d276dc630e50484dc95e35134751d053db,5f432a03d242ebc63129080c8497f2e55282321b880b739dc343200386905349,0,1,0,0,0,0,0,1,0,1,0,1
validation-12-007.jpg,data/validation/data-00012-of-00040.arrow#7,15513407237537b8b60be0f465101606a2f9c19ca361ead5d024c0a6b188a12c,8c747d8676998927f7f31e7c3b978aa894ff8ede1e4de74684decfdb47785020,0,0,0,0,0,0,0,0,0,1,1,1
validation-12-008.jpg,data/validation/data-00012-of-00040.arrow#8,1c5428676d1308e1428cf363b03619e9ee6af37ebb38ea490c71ac212e8a6f41,f9d27ab142f4e88719277dcf7dd5eb96966a883d6c3ee95315546621aa99d893,0,1,1,1,1,0,0,1,0,1,1,0
validation-12-009.jpg,data/validation/data-00012-of-00040.arrow#9,277b84262488e2c4943aa2299c8beeb235f2c838ec1165e1424a474779f795d6,492a51a73b1c0b84c325a316b5bb54680f304168c1f8d1f6b6802169ffc4c0d7,0,1,0,0,0,0,0,1,0,1,0,0
validation-12-010.jpg,data/validation/data-00012-of-00040.arrow#10,aa483628523cf2212f987fcfe4ac9621731b337b04ac200743785085cc20a3b4,4b30271778b317d42d5272c5543365c0045447ce5adcaed54b74200e34894776,0,1,0,0,0,0,0,1,0,1,1,0
validation-12-011.jpg,data/validation/data-00012-of-00040.arrow#11,980c9971b5f2bc3d8f724b1fb812d5fbdd96b7349212a61260100e22b7862f62,cdabadc257d74577c1667291b468764b30ed1bde8f49ac70184d11008333490d,0,1,0,0,0,0,0,1,0,1,0,0
validation-12-012.jpg,data/validation/data-00012-of-00040.arrow#12,d99aef993cbb4eee114114aede79ae08aff275ec3a44ce0c97cc9884c31ce6d4,c16c88e3340fcf654ac0a3913b4a7ddeac80b9395645b58d9be5b729508d22f9,0,0,0,0,0,0,0,0,0,1,0,1
validation-12-013.jpg,data/validation/data-00012-of-00040.arrow#13,0d2375585c2a64a3238bcc744cb6d9680a515f863e365b0a66482a1db9d80727,864b6334243f1bd581077ff77c53fbd2bc28e25d94878e235a8755362bedf4f6,0,1,0,0,0,0,0,1,0,0,0,1
validation-12-014.jpg,data/validation/data-00012-of-00040.arrow#14,5c9d8ca379c2f520a79ce63e943b5349ab54d49c2c42e12f52278fdc4f786304,47b9201ecca82fba66b62bd17db9ffc7387653f4ebb929f575d6d4deefa2448a,1,1,1,0,0,1,1,1,1,1,0,1
validation-12-015.jpg,data/validation/data-00012-of-00040.arrow#15,3bc071b0b0c3adc4cda02608cff699e4aa96a3837d256137d982b68ade0f964d,37c3800703de8f5b353e8b576f1cf95430678112a7fc52d5a97013df1e98837e,0,1,0,0,0,0,0,1,0,1,0,0
validation-12-016.jpg,data/validation/data-00012-of-00040.arrow#16,eaf6ba677b72e71f619a283d3735c7c3de1a13105bac1ea3e996247f02fb4024,6f2b432a292a4168f534b3d467c5c4b7863afcf4c71973eabbc4a056a8e7807f,0,0,0,0,0,0,0,0,0,1,0,1
validation-12-017.jpg,data/validation/data-00012-of-00040.arrow#17,ac2aabf178fef490f24fb641438e7d907ede8c90b002dcc9d0fa424f77fda976,adaa2bed45a279450dfe01b579a4d135af2d236f1fd00c1ca5fe835e2ae2907d,0,0,0,0,0,0,0,0,0,0,0,1
validation-12-018.jpg,data/validation/data-00012-of-00040.arrow#18,6f04f6fa9bbb48c4b23fae313f3467a32c6a132888e287b8de5d75bec1d8362a,1e36c223d080422e3e196de3a6215255ae337f129305278c4d2b9cc5e070c61f,0,0,0,0,0,0,0,0,0,1,0,1
validation-12-019.jpg,data/validation/data-00012-of-00040.arrow#19,d6801061cadc351f4a9e10aaa9dbcfb4662fa1122a190d93cfe0446f07d8a52e,55cc091d7b9050ece24a27a5c2646d333571314f74342aa8e01b9d99a163c961,0,1,0,0,0,0,0,1,0,1,0,1
validation-12-020.jpg,data/validation/data-00012-of-00040.arrow#20,423c09cad0be1fa330d59239f5916950e39985ec42601d800ddb3f96f54445dd,7ca3632750b09fb191ccca059f0a1493d4e41d23dd176ebc60146b10fe3bbf6d,0,1,0,0,0,0,0,1,0,1,0,1
validation-12-021.jpg,data/validation/data-00012-of-00040.arrow#21,66447f20487ee6341e5d2111f1416c9b89da1262e28605e06266e590c70b20d3,2fb39341d8de8ab5a62b223f71dbc26e0593868d3104068cec348c06df5c0c69,0,1,0,0,0,0,0,0,0,1,0,0
validation-13-000.jpg,data/validation/data-00013-of-00040.arrow#0,472e506dd7de732b1c86b1e4ea5b8b5f1c407a48c7d92d938372e2e3b4ba717d,ec15e23ff7ce2d13c805679b2ca4f19b8d91846dd885ecd9bcbe4e3bd6f918c6,0,0,0,0,0,1,0,0,0,1,0,1
validation-13-001.jpg,data/validation/data-00013-of-00040.arrow#1,0891703c3c5d2e536ef0ee3816131b97d09e93af4deb6e812e4a581a87b4d0da,966e38b180a9b42ea5184297178086cc50a015da02113b6fd38d5b5fc90e25ba,0,1,1,0,0,1,1,1,1,1,1,1
validation-13-002.jpg,data/validation/data-00013-of-00040.arrow#2,faed3adf486830991f56fa7e745e14485a0350caca35818630349a1182d97140,df6e3460874cab50a0081d5576ad33ddb9990ba932edb8a3b96ee6ea3c03e12f,0,1,0,0,0,0,0,1,0,1,0,1
validation-13-003.jpg,data/validation/data-00013-of-00040.arrow#3,2728463ea7016c80b4ea1cb467edc5723613fd8a017afe71c5cfa0a0e1c1801d,5bc470d4ad2ab7e7a9815fd3caf2b57741b2e0e49c26c5d018c2ab1c9921afa6,0,1,0,0,0,0,0,1,0,1,0,0
validation-13-004.jpg,data/validation/data-00013-of-00040.arrow#4,024955cd872fc09f3243b029f710f5b02ee8acfc12f502eef9485aed76eec4f7,96b4ee39abde0586fc667c75b7e7c02bb3deac86d54c302b7c003d94d7c909e5,0,1,1,1,1,0,0,1,0,1,0,1
validation-13-005.jpg,data/validation/data-00013-of-00040.arrow#5,766887710fe78cff97701b098a15a761d75c489cd9c10915a2ae917d53feef27,faf545491e9ff43fa910e347782ce92c56904b2e0f1417fe24b4c419b0c393c2,0,0,0,0,0,0,0,0,0,1,0,1
validation-13-006.jpg,data/validation/data-00013-of-00040.arrow#6,5abf85da3de462021fccb10185c9ad99808d65c7289fab71dad0ee1e1b630b8b,7993c21928641fbc7467e828ac6f2271407bd28c290922e34531dd460b822aa3,0,1,0,0,0,0,0,1,0,1,0,0
validation-13-007.jpg,data/validation/data-00013-of-00040.arrow#7,6ea4294bb48f4240b51023d04f92492bb0ebf9e84f5d1b265cccee0b6d7fd2f5,21d203a10b28b3b649183086da11a990ac331742ecbe0e16f0730f3ac78d8670,0,1,1,0,0,0,0,1,0,1,0,1
validation-13-008.jpg,data/validation/data-00013-of-00040.arrow#8,8630ba944fab743314b5bed304b93899c8ad578909397762ce6230c85bcb9dfa,4445fb8c92c66220e64c263a88ddb0805dca151e622cb3e083d69a28d55ac5f5,0,0,0,0,0,0,0,0,0,1,0,0
validation-13-009.jpg,data/validation/data-00013-of-00040.arrow#9,f3a908b9ec8ae70134cee16aab155ec9fab99f1c2e4eefbe477cc04e5b3eb993,43bddc8d70c6945f3317251ec14f90769d7e8b21061a32a7bb32106981a9937f,0,1,0,0,0,0,0,1,0,1,0,0
validation-13-010.jpg,data/validation/data-00013-of-00040.arrow#10,ac31ba1b32e4b8b2d4cb11616957d8609d470bdce4fb091107eb1b47ce413330,e64eb75751fc22fbac5f936c3f3c3e39199e25b65d9b589b20e5df4d864fe5ad,0,1,0,0,0,0,0,1,0,1,0,1
validation-13-011.jpg,data/validation/data-00013-of-00040.arrow#11,2f6e577908fd36e6b1e59e18b346375119953f0a5237a0171f80bc633c09a3ff,e73ec416e7163e391afa3bacf13b60de9fed2df0cbe80f2056da36ba469f28e7,0,1,1,0,0,1,1,1,0,1,0,1
validation-13-012.jpg,data/validation/data-00013-of-00040.arrow#12,13c9462d331b438914eb9f46d9585d0161c1f167151fc9be80a4e7725a41bdfe,3544ce8e271ef226b5db87c969b81b1e97b98dbcf5aea7f0917475055a40e723,1,0,0,0,0,1,0,1,1,1,1,1
validation-13-013.jpg,data/validation/data-00013-of-00040.arrow#13,783188bef75e2e89ecf451d9e00ff88e077c4aff689c874bba6e433b3217e70c,34f4248b18c00db07ac5ad38ffe6c1623d71a8ad2671cfeba1d1120da7079d03,0,1,0,0,0,0,0,0,0,1,0,0
validation-13-014.jpg,data/validation/data-00013-of-00040.arrow#14,bac90c5fc1e094deda9f754919cf5e9472193afd8efc1f57ded51f3f88a1f2d2,8a9a02cc9f5c635ba71af6cbadb8db3b38eb3dac46f1e4f70aafec36fb938ee3,0,0,0,0,0,0,0,0,0,1,0,1
validation-13-015.jpg,data/validation/data-00013-of-00040.arrow#15,9ef5ada65fc74ffe327e2934d75af43ad15fef1f49a6cc62a645da2205d98846,bd91f8fa29c4bf1a7f6941ea55cab850b571b2faa919885ea9ce2817cec4b469,0,1,1,0,0,1,1,0,0,1,1,1
validation-13-016.jpg,data/validation/data-00013-of-00040.arrow#16,44ded068e7b8b80f9e1ad20d516f1d987c1d57484b97e8595d22e12f7b0b506b,ef77964ce591d45f2a2bc1ab4d084825d71863597c729db5d30480bcfd9fc5fe,0,0,0,0,0,0,0,1,0,1,0,0
validation-13-017.jpg,data/validation/data-00013-of-00040.arrow#17,23ea3b0f2d75698826fa70dbf50456397d659a725ab949287298cb60b4c4acfb,ecefde9e5c0b8855e00002424453e875d4dc73de3b737662a87b0ed99627b348,1,1,0,0,0,1,0,1,0,1,0,1
validation-13-018.jpg,data/validation/data-00013-of-00040.arrow#18,034fc6bbf5f7cf2b6f32836d6e3e66317f712bc18d876ab34e6cbf37dc84a0dd,64a24be0b847ddae0be49e8665b0fe71880b134fa6e615484d108a728792145c,0,1,0,0,0,0,0,1,0,1,0,0
validation-13-019.jpg,data/validation/data-00013-of-00040.arrow#19,9ca889042145c943997326f0efffb2a7b0128627b5f26088109856adc2760117,548601bc05622416f1698958fb7ece4cd698d6c08750cd98f6eb9e03b0c17249,0,0,0,0,0,0,0,0,0,0,0,1
validation-13-020.jpg,data/validation/data-00013-of-00040.arrow#20,6ed8828dbd426643cf6a6995ea4e6c365afbf65c0c0625b596423ff7c03277a4,821d0e5346b22dc1778bbba51c2e7ff94ead0ef2c27f79fbd7495cb08825cf15,0,0,0,0,0,0,0,0,0,1,1,0
validation-13-021.jpg,data/validation/data-00013-of-00040.arrow#21,27101f9513da75b4a54b8eed47ae6ceca49561bd273ba8ec606377078d078dd0,a72cdc0c34211e94e7080704783c57ddc642c7387fc6fb435f93ca116219fa21,0,0,0,0,0,1,0,1,0,1,1,1
validation-14-000.jpg,data/validation/data-00014-of-00040.arrow#0,a49e4cf5f761f42548bc1452577b2e4e3691a5f4a90be685fef410758571a9aa,4c1fe7f1c254d283e7efc7232eeca5545b8758930094688a87811c28bf2de2a1,0,0,0,0,0,0,0,1,0,1,1,1
validation-14-001.jpg,data/validation/data-00014-of-00040.arrow#1,eb2ec04c4dc9d716a39df02f27624b93ab639b124140e88eb6a915bbdb1906b7,7b53094362433a29a37b1021968ab110dbfc66f79fac509433174608f97adfac,1,0,0,0,0,0,0,1,0,1,0,1
validation-14-002.jpg,data/validation/data-00014-of-00040.arrow#2,f8c5356ba747394fdc356a916dae6c7f581766e621038d41e6fa8fb1154f3c09,cf03c9ab5a636b270fef90d53188d8d40bb6b76b4343b0fd08f99678939231c8,0,0,0,0,0,0,0,0,0,1,0,0
validation-14-003.jpg,data/validation/data-00014-of-00040.arrow#3,40ba159aa072ec5b41d28df04a6e9975a8b010adcd07a1b8d5cbc3c4a8abc5db,522a88c7a4cf13bf67dd757c1ad503f0d0d284267d2bd24ffbc6fab394f40e0d,0,0,0,0,0,0,0,0,0,1,0,1
validation-14-004.jpg,data/validation/data-00014-of-00040.arrow#4,7c8a951c45e39ae9e0d9b63762a4ea207250c2d1714b6b44b019892a740ddebe,7656c98370086c856a361cd434b0e48fc9b2fdcb6a3c63924784ce65dac994ec,0,0,0,0,0,0,0,0,0,1,0,0
validation-14-005.jpg,data/validation/data-00014-of-00040.arrow#5,e37de033d3239a68ecd4e7a3640abc6c4642a379dccd196e111570a2d9f4279f,3e04c603d40a824d8d337ee61a77aea019441c55b8c02d62fcd9fd458939b2cc,0,1,0,0,0,1,0,1,0,1,1,1
validation-14-006.jpg,data/validation/data-00014-of-00040.arrow#6,0fbc8a87af3ce15c44574e21f6d4d7b82347ed7403c5f5c623a7f45decb08e47,3b13fced9d23c55fc55165db0e4e8a3c8880d0c0141ba0eeb0365ef9e9e665ad,0,0,0,0,0,0,0,0,0,0,0,1
validation-14-007.jpg,data/validation/data-00014-of-00040.arrow#7,80e393ed914e66979591083eb983f717905ee292cc1f812274c89e68ff91dd3d,37ac7794eff65465692c3e2ec9b1977c587b49f07cb0e5d2212bc631e9e8b6d4,0,0,0,0,0,0,0,0,0,0,0,1
validation-14-008.jpg,data/validation/data-00014-of-00040.arrow#8,f07c74b2969ccd5847fe2956db35f5cbcbbaa58a574b52e3630e9bf09ff9e48d,64104e5f0fa8e78dbb8700175797c3bf7ef2da608f30ef02cfe9f0d86758e012,0,1,1,1,1,0,0,1,0,1,1,0
validation-14-009.jpg,data/validation/data-00014-of-00040.arrow#9,88b28d17585507ac0d9389cf2e557152ed7dba04dfe650bc87d2d955b5984995,5a4e0d1730eba8e8ce6e73fbccd2539c187033c101859aa096a83dc8e881b524,0,1,0,0,1,0,0,0,0,1,0,0
validation-14-010.jpg,data/validation/data-00014-of-00040.arrow#10,acb25c6a9d4b41b8d118da7f4f28c0a181a59e67422ca60966dacddba87846f9,d4169f2971afbe9e629c1e232e1379416d446520f76a3dce78d5eb919e842f0d,0,1,0,0,0,0,0,1,0,1,0,0
validation-14-011.jpg,data/validation/data-00014-of-00040.arrow#11,ab1dd3f16c9b651bb08d5fd1521118630288b4771c2315e526dd7c8ae6721ee8,e81a094d916bc93b97cba3f0dac810e1832bdfcc722bb03ff6416c86e6afc93f,0,1,1,0,0,1,1,1,0,1,1,1
validation-14-012.jpg,data/validation/data-00014-of-00040.arrow#12,191a2c90e12314a158c2f4338191cbf2acd33b2692637706cebe6086aa7d7909,50ddd9756f8ac2c658f124c40c40ae8097de1da28454c9f0df16290e4cd308fb,0,1,1,0,0,0,0,1,0,1,0,1
validation-14-013.jpg,data/validation/data-00014-of-00040.arrow#13,f40151c82c7514099d011169e12bbc8d21ddb705130616fdaaa885657eeb9d9d,640dae30e091ee11a3e532801c383bcc0e6f50b8bbfe31a3989c7f07573d410f,1,0,0,0,0,1,0,1,0,1,0,1
validation-14-014.jpg,data/validation/data-00014-of-00040.arrow#14,d02b2cf13c8e2231c04abfdd8db07794c960edd331e7c1c7cb0b2e81f8bbc3bc,09a4aca7d2ff5d9622117f92986b196a8fdb02df3c44c9c25fc5e5f48527b278,0,0,0,0,0,0,0,0,0,0,0,0
validation-14-015.jpg,data/validation/data-00014-of-00040.arrow#15,76183dd0a0c7f9f1b3ef0388e5387c55ae5c6bbef6070c5746a25cb4f6fdb9c2,4fe2db7ec3ff864fe445c22769ca4fcc79276dc2db29871042da9fe37effe565,0,1,0,0,0,0,0,1,0,1,0,1
validation-14-016.jpg,data/validation/data-00014-of-00040.arrow#16,b452394994d6831b64ff6396c9392cdf35d68557d4b8571f0f4a2929efe454aa,fda9ed4540002f0aa1961235defec12e13f7c160b2d30f9d2adc2e8d4ce763ec,0,0,0,0,0,0,0,1,0,1,0,0
validation-14-017.jpg,data/validation/data-00014-of-00040.arrow#17,bc49667cffcacfac33c2bcf4132a1a3c9154f973998c6332beb863f8808336e1,5e16f1e255ad9514e88e40943a69926d9b0c6aff221191e02d2185723b1a4cd0,0,1,1,0,0,0,0,1,0,1,0,0
validation-14-018.jpg,data/validation/data-00014-of-00040.arrow#18,d1703dd08dd5aaae2c8f6412c666c9f7a34f59bf0ba506d8cc41333569d830fe,ab77331acacc907179db4cb9c5e8c7d496e1dc1cbb38effb269306554699a720,0,1,0,0,0,0,0,1,0,1,1,0
validation-14-019.jpg,data/validation/data-00014-of-00040.arrow#19,8cb2fd295e03a79dd9ae516d75ed8cff5ca8be9660293e3b08f5c86d225b6eab,128e384785c0b9921843a586f88d8b8d1af7eb3c042adadbacfc0f05228c77f6,0,0,0,0,0,0,0,1,0,0,0,0
validation-14-020.jpg,data/validation/data-00014-of-00040.arrow#20,cfb2b26ed47b0b9944240005f7bb1ee347bfcfb553e32ec94de8f9c922794f8b,94ec0d1ba226d1a979b08621f3e09ff435ae04d5bade9f82e2382c1e01891ef3,0,1,0,0,0,0,0,1,0,1,1,0
validation-14-021.jpg,data/validation/data-00014-of-00040.arrow#21,036e0b267da9a4bf9ddb56e4af50f64cf7a4102a02f560a96490d472521d917f,afbad61c7327a26b9b89a39fe039e8df0ad9000ebd6151cb35d7776d9ae9b889,0,1,0,0,0,1,0,0,0,1,1,1
validation-15-000.jpg,data/validation/data-00015-of-00040.arrow#0,94521d2553bf818158217a8ad0ec6c740a69b5218c57a4150aefe12d427231d9,b583d001aebe856fb2477438ae3988b1c8524dabf17533b0f394d0444ad3026a,0,1,0,0,0,0,0,1,0,1,0,1
validation-15-001.jpg,data/validation/data-00015-of-00040.arrow#1,a8a64e8ad1d8dc8e992d1d108b97aa13014d87d42c5e53e57a967337a0ea2d23,55c8729e460f119c9553f57b0686e5cd2ad21829120374945fb2c2f0b1b6845f,0,1,0,0,0,0,0,1,0,1,0,0
validation-15-002.jpg,data/validation/data-00015-of-00040.arrow#2,b41fa4da3cc8371d363efbe3210c55ed0a1c6cc1fb744ce17ba4f81aeccfa791,d8d443a90f3f11e2bf5abf8bbf82ca9d605878c429dd8ca38e34f2c200cd26d7,0,0,0,0,0,0,0,0,0,1,0,0
validation-15-003.jpg,data/validation/data-00015-of-00040.arrow#3,dd86b0638c35df9ca9aec6b532d3eadb684e0a6e3107bea9b061e5996eff8750,5d0f8d1d04e44c233dad8d8b232f475cbb306728ab1c7fd9bcfa0516e9837a37,0,1,0,0,0,0,0,1,0,1,0,0
validation-15-004.jpg,data/validation/data-00015-of-00040.arrow#4,9fcc75fa656e8269c69e22f1226448fac928cdd224e8e45b2185a9dad98d94e5,f9e46bf84560025f6aa352cc000188b6b88c3fa73ae3b8c317b9d9c98a855d52,0,0,0,0,0,0,0,0,0,0,0,1
validation-15-005.jpg,data/validation/data-00015-of-00040.arrow#5,c0c7528a224c9871f4bf68b10ecff2290b046d17f6181ca6fcfeab6c213e4869,03a62c668828d7ee7675da8678d21e4cb9514862dd974f403c6f1e6217c4f4fe,0,0,0,0,0,0,0,0,0,1,1,1
validation-15-006.jpg,data/validation/data-00015-of-00040.arrow#6,c1d38e54a3d289d43ab6f4ae23cf821aa846935658ea218e953416aa1da7b76c,7a0c4adb194536e8df84789ee886b23bc739b1478f18f3bb391fba9808d340fb,0,0,0,0,0,0,0,0,0,1,1,1
validation-15-007.jpg,data/validation/data-00015-of-00040.arrow#7,4fd930afe5717543434c5fa4c596fab03d14216603a6fb940f2774247d4c66a7,cf4393540dffd0cb187c0d5a91b50318554e25edd711addcad18e0fd5e663744,0,0,0,0,0,1,1,0,0,1,1,1
validation-15-008.jpg,data/validation/data-00015-of-00040.arrow#8,163a627b26af8a1fa47ca1d94ea3d94fbc2331b03f476e6333ec9dfbd14cb78e,cb1822ae1394d4a8d4f4a206f5ca7f2bc41ee171e2802760e1ff757fadca6eed,0,0,0,0,0,1,0,0,0,1,1,1
validation-15-009.jpg,data/validation/data-00015-of-00040.arrow#9,7314afce9edd70aefc2b834181bdbaf01e36c49c5e41c9d0b7e1e4821f5e205f,2baeb3a1a9ac258db10816bab946c09acea571531c4043026add73fdc81279a1,0,1,1,0,0,0,0,1,0,1,1,1
validation-15-010.jpg,data/validation/data-00015-of-00040.arrow#10,dedff27d5a0d2cbedb04a0f01f5821153010ede30dc2ceec0fea32402f1cadc2,54e136cf3cd6ef2402abb13daec2c3fe675bad6551f957a0a680ad5c7fa7d03e,0,1,1,0,0,1,1,1,1,1,1,1
validation-15-011.jpg,data/validation/data-00015-of-00040.arrow#11,21524afe9283159a0d1a4a954ab4ba6abd62e8fa9ed578dfb84a92183a894ee6,a90306c0dfb7af57d144fbbd3bacd417a87f206b4f56ea7aca33c1a07d64022d,0,1,1,1,1,0,0,1,1,1,1,0
validation-15-012.jpg,data/validation/data-00015-of-00040.arrow#12,97d114fff252cac713877297b7f0269461d575b8ed7a448dd26745f2f772cae0,d6fb0201bbe40ca497f068b4412750d0db4dde0dfbd967d6a3766058b91a8c2a,0,0,0,0,0,1,0,0,0,1,1,1
validation-15-013.jpg,data/validation/data-00015-of-00040.arrow#13,6a8775acaa197fd0c293cdba393db256ed41f7dcc4ef55375768158e0759e248,b33df4db6c93c4b477b150a081f83b70221c0ed610cc761e5089d4d764797506,0,1,1,1,0,1,1,1,1,1,0,1
validation-15-014.jpg,data/validation/data-00015-of-00040.arrow#14,14908d04ad595481cfa545fd523c3e9f52e9af0f1c419d9acf7b97617450f06d,c4f16992515da4322b0b1970d8e618d47ea21a63f67683a609091932dd58180a,0,1,0,0,0,0,0,0,0,0,0,0
validation-15-015.jpg,data/validation/data-00015-of-00040.arrow#15,cd49f2c38092fda9f95643af61ab6f7351933c3162a16b9bc7ae5f3149301cb7,ae70c64b21ff898a6f19117629d35d6572cc22638fcb954251fa46071e7d90af,0,0,0,0,0,0,0,0,0,1,0,0
validation-15-016.jpg,data/validation/data-00015-of-00040.arrow#16,523414b7490ac690650782a664bc26a37c1f084b1a24845f786ddced21cdb32d,48ea7aee798ffe7a3cea16d905252ec7319ed020589d248bd8524e5b013605d3,0,0,0,0,0,0,0,1,0,1,0,1
validation-15-017.jpg,data/validation/data-00015-of-00040.arrow#17,38f4a8d6350f59b85cd31043b86b38b2b6fb24ed6d66342451e195c311c2dde8,781d3f9666ad1cab525e5e7ad0d8991d3594b066487ae9773ba253bfb0e46f37,0,1,0,0,0,0,0,1,0,1,0,0
validation-15-018.jpg,data/validation/data-00015-of-00040.arrow#18,0cb1632b78b3861d061895716782bb1d441470301a4d3ae1167d73cb0304b391,edfb86acb24e31b3a01db9f57085591523ffe45d5565e8d8bfc52392d27dbdce,0,0,0,0,0,0,0,0,0,1,0,1
validation-15-019.jpg,data/validation/data-00015-of-00040.arrow#19,8abd7f4bc898336b78b9bd41d1f1b43ae9653a8817e06dd5e30652bb77a3e2fc,38d4b1f56915423ce8da674055e6ce83b1e0babbafd302d9d51d5c8ba4e10936,0,0,0,0,0,0,0,1,0,1,0,1
validation-15-020.jpg,data/validation/data-00015-of-00040.arrow#20,4796a9e117c51adee36849625271b734011c9a517f27efe4a3ada9a42da19955,3d1433e2ac89b28d1fa6bcd6a21e2c4f1bde72e97da6e2aef7af366ed1e2214b,1,0,0,0,0,1,0,0,0,1,1,1
validation-15-021.jpg,data/validation/data-00015-of-00040.arrow#21,b8983e2dccbb10cca3bff3ee726707a41292d2154a22576f72717534c2502c93,48c73ffe4d8c4e0b508384fbe091a828cc9df99221e5ff361412dbda70d55cee,0,1,1,1,0,0,0,1,0,1,0,0
validation-16-000.jpg,data/validation/data-00016-of-00040.arrow#0,00edeaca285d947e6db9594628f88c7396adf977573c82507fa35eed78fa89ce,076a96eddda2ea08305bb24fab9eb2b8a5dd824d78cf50012a05a15e546dd1a9,0,0,0,0,0,0,0,0,0,1,0,0
validation-16-001.jpg,data/validation/data-00016-of-00040.arrow#1,8a1cf6f0a12aa1b0588532d07915fbd0fbbc55d296a535b3832edc9f4902d4ab,72869a7bbac05e21d5a5b31730ce14a491f8b98fd38a03ba673736b506d446db,0,1,0,0,0,0,0,1,0,1,0,1
validation-16-002.jpg,data/validation/data-00016-of-00040.arrow#2,c9262dd4d47e5d5d02e3050fb41bb46bcca6fbcc0c0dfd37ea4f83d9dcc7d7c5,2ed3d1e5bd88209c4cfc181b8acc132779c9478b0d8552b0cc72ed008a332ce3,0,1,1,1,1,0,0,1,0,1,1,0
validation-16-003.jpg,data/validation/data-00016-of-00040.arrow#3,b82ee46f793a4048eff7c4816eb8a27cfe867572d586a8c1c4eabc1015baf972,df83f4aa7af75d17356de555f1ed29da620a00d1a8bcab172a0e976b5bc32afa,0,1,0,0,0,0,0,1,0,1,0,0
validation-16-004.jpg,data/validation/data-00016-of-00040.arrow#4,c41569681e0273cb95588e46999d26bf7db104641ff6850bc8970b6d907e8499,2532c5a306771ff0f259d7577908c3982da32684ad86d667ca499682e6824ca2,1,1,0,0,0,0,0,1,0,1,0,1
validation-16-005.jpg,data/validation/data-00016-of-00040.arrow#5,3a57a5f177652c96db654d5636ba31fda86498bc5c08916298bd16f23cc0b031,1c42ae2025774e178655c2e3fbe9ce114cf31ed72d624cbe1d88d69b4aff030f,0,1,0,0,0,0,0,1,0,1,0,1
validation-16-006.jpg,data/validation/data-00016-of-00040.arrow#6,3d177ac05ffe7793494d5bb0d4edf94895fd7617d9c14affa97163b5d40329c4,fb4d5909c90d1c6bcd822daf978e0b7bdea3efcf3bf31ce5f7c83f5668076c8a,0,1,0,0,0,0,0,1,0,1,0,1
validation-16-007.jpg,data/validation/data-00016-of-00040.arrow#7,ee2a85fded19c8fff506c07cc1e99645e662401493b80289282a4e9bb7a376f8,a1ba9f2f84b3ea550027fdf7a455c4c11efacb2077707325bba7273bfb5a7a6c,0,1,1,0,0,0,0,1,0,1,0,1
validation-16-008.jpg,data/validation/data-00016-of-00040.arrow#8,f2d5ad465ea1b85bc14afffff55e9f87413da6bf2fc6ee7a233923edfa89a501,f3b0b4d91d6abe4d4cd882a56806f24540616f715ab7d75cb012ce28d3ec9096,0,1,1,0,1,0,0,1,0,1,1,0
validation-16-009.jpg,data/validation/data-00016-of-00040.arrow#9,52e730004c2241d87bb21803967ad913d7cc1f059df366a5d72b0fe27eda8d83,409744698203c819b837dac45bc809f32da6ed00f08119117b4865114268ac3f,0,1,0,0,0,0,0,1,0,0,0,0
validation-16-010.jpg,data/validation/data-00016-of-00040.arrow#10,b05f58f6a31e140a307fb5adfc88f9a1cf74b3da1b02d434d849f3b93e4af508,efc9074acd26fff90d0892824e00209eb6e495e4ac390b08db6135375e23ccf9,0,0,0,0,0,0,0,0,0,1,0,0
validation-16-011.jpg,data/validation/data-00016-of-00040.arrow#11,011c014e59a080eb165bf05272a92ac6fc26990b4213ccc11fe8bfd80919bf78,29ec6767d36b8b846a9ea64b0776bd507b461ef009617e714f8e1b5aae8022d7,0,1,1,0,0,1,0,0,0,1,1,1
validation-16-012.jpg,data/validation/data-00016-of-00040.arrow#12,8910f29f9a1bb3a62b1df4ae8041e6cb6095db2a64c75a4b9fbc40efebd2d1b5,31f2490c4cf0a4bfc7fed6190077487f2ca5c4f53321eb7dbee658ec030839a7,0,1,1,1,1,0,0,1,0,1,1,0
validation-16-013.jpg,data/validation/data-00016-of-00040.arrow#13,e27fd9163dfc363b9039b6679d5525ec384a526075f261a60cd727f77893aaa8,ebcb7b465335462dc0a346d583c914f5ba29c7b22ccd0ee588d091e18767281e,0,1,0,0,0,0,0,1,0,1,0,1
validation-16-014.jpg,data/validation/data-00016-of-00040.arrow#14,233a044801b0b22e9e4037cc76916e09dbcaadc678bf33c23d2cca2a8bc52c5d,43f417af6d70256828987f7ecd4aa821715c8e424583f82f33364d71fade1af2,0,1,0,0,0,0,0,1,0,1,0,1
validation-16-015.jpg,data/validation/data-00016-of-00040.arrow#15,e7c32867a4599fdc28abdd716a9061048f3600aa91e316f1f0d972f4c498e098,43ee6fc1f4c0a4105e78aaaa79e095389f877166c956d2844dfc4be4d6cb7287,0,1,0,0,0,0,0,1,0,1,0,0
validation-16-016.jpg,data/validation/data-00016-of-00040.arrow#16,84f2d3b3a2268acde99d75e78d9d98ca14e1df1cd455ef351c81aee8c229eadf,0edb821676478b53df8b324722a83464a2458ff3d0af86b8e6ea880e03895066,1,0,0,0,0,0,0,1,0,1,1,1
validation-16-017.jpg,data/validation/data-00016-of-00040.arrow#17,58e3f6c96f9c48f19d085d055ac71c572191c6033c9dfcf9563bcff483089bc1,81349be62d5a07e210968fe983d10cfb52787bece90a223f75a88fe7796bf999,0,1,1,1,1,0,0,1,0,1,0,0
validation-16-018.jpg,data/validation/data-00016-of-00040.arrow#18,567f805d03505ca221bdb75cd32172603075d505ae436659ea756a52f9ed8eca,b42e9c75d3b4d5c6f25a1efc4578cffc67a8accb9c23d1811d5209996c139281,0,1,0,0,0,0,0,1,0,1,0,1
validation-16-019.jpg,data/validation/data-00016-of-00040.arrow#19,6b968f43d86f6258911dfa0b6767b7502295c8bfa7012c78eb963907a337aa42,00dd80312b5de6ce54af1e5db85e77868b9d4376d4bfc58d7f3ea4e4f8c477db,0,1,1,0,0,0,0,1,0,1,1,1
validation-16-020.jpg,data/validation/data-00016-of-00040.arrow#20,a29b90c97ea2e4f3dbee177c1157d54a23d0a13a440386f6a8f7a293a5fc390a,c7bb561f1e6127eac6d01722a92c20f538e0c017be4310676a37ac2280a21686,0,1,0,0,0,0,0,1,0,1,0,1
validation-16-021.jpg,data/validation/data-00016-of-00040.arrow#21,f9e335dd1d0f51c667178f1747616cf99cc993933c0e5313c3b22b75eff053f5,5053972009e27934edadd973a0ab34f05f04fb95b0b6b96f5a403eaa0d77f3c0,0,1,0,0,0,0,0,1,0,1,0,1
validation-17-000.jpg,data/validation/data-00017-of-00040.arrow#0,8cbb405f471ab364bf1ff918a005179ce6beeca09cab1f2166632b6f51ee3550,13d4f3ddf816cbfd496d4f0815c061554e8c51d87a6de0f6c2c142fbb43c492d,0,0,0,0,0,0,0,1,0,1,0,0
validation-17-001.jpg,data/validation/data-00017-of-00040.arrow#1,a41dedb863a5999d6a81d61b286848bfee066505caa3e545253306f0cbb06a26,76d17e27af540e2846e93dde051482eea2a6dff5f131e8dbe7afc25eef4ac012,1,0,0,0,0,0,0,1,0,1,0,1
validation-17-002.jpg,data/validation/data-00017-of-00040.arrow#2,dd421fa3aaf05db8e2e92ec2849ac5b4d804b5d862a2a3929393d1da0c06ff87,230b5a08bde896a1ddf05d0a5fee6519e39df5f87687d236dc48233f8bff53b2,0,1,0,0,0,0,0,1,0,1,0,0
validation-17-003.jpg,data/validation/data-00017-of-00040.arrow#3,1a4750dd750a0c36d75d83a3815039df4a3ca9747c6ea36932f6c17d10234fa4,f6a09ee58842b853d9b818ac8d6f15dd29dd93162fa01fdb1e48adbe86ee57ea,0,1,1,0,0,1,1,0,0,1,1,1
validation-17-004.jpg,data/validation/data-00017-of-00040.arrow#4,5b1d507353548c8b53ce65713834e2b863b0e2953473c8407a790b1fc97cc150,8f4e225c8a5b3b467953a65d67062f067d5c12acb226386d5f6f35457a303ce1,0,0,0,0,0,0,0,0,0,1,0,0
validation-17-005.jpg,data/validation/data-00017-of-00040.arrow#5,7678b2f7e710359d57a9bda2a4f30436584b73b327fa36868c816da93c4cd907,2274bcd7d211461d592473ed2fbcac52e0c899de0173b24e480b19774d25aead,0,0,0,0,0,1,0,0,0,1,1,1
validation-17-006.jpg,data/validation/data-00017-of-00040.arrow#6,a52545c199f46ddab7965f7f69e642f59e5e1089b4e9c8204b955f34be38e73c,c3abb4b789cb1682a149675516d8d2291ad85378420bf19bea89cb229ae583ee,0,0,0,0,0,0,0,0,0,1,0,0
validation-17-007.jpg,data/validation/data-00017-of-00040.arrow#7,12e7181e1536a18ffd5ff4d90ed64a42d953cd94ca2c7c1581cf7aeb9281e2ea,49d253924648f70bd65787e683954ebdad6ace24e5f5dd3f98588efacad9e19a,0,0,0,0,0,0,0,0,0,1,1,0
validation-17-008.jpg,data/validation/data-00017-of-00040.arrow#8,82b2b60473ef6356134f05e864116aca0c07459254279f9b3acc9cd17c1a66d0,563d13e74285c31f058db178aefaa4e76e90c8fb13980455d9d5952249154b88,0,1,1,0,0,0,0,1,0,1,0,0
validation-17-009.jpg,data/validation/data-00017-of-00040.arrow#9,7da2b7a76ca39dcd465555789c3b0a17a37ba0a969fa07588a8648a83fd08959,77a985818e556ce9712dc7ecee7dc4979dcf6636f256dc05a1198916248467a6,0,0,0,0,0,0,0,0,0,0,0,1
validation-17-010.jpg,data/validation/data-00017-of-00040.arrow#10,a4fa71e215b91432a454fef0872f19bc2768d258c5660c2a342c8932b76730c3,3d45fe74cf40f0a7a86922d55a86f157921f18642ff5e7c22f33d62d4ff5d2e6,0,0,0,0,0,0,0,0,0,1,0,1
validation-17-011.jpg,data/validation/data-00017-of-00040.arrow#11,df2dbf2c299a828912d12430197f5913eca522bf0763761cc0e45e6f8b9fbd0c,98a537f4d1b06d18766b0c6ad986eda93ec5aa3e003f5067729aa9563d699116,0,1,1,1,1,0,0,1,1,1,1,1
validation-17-012.jpg,data/validation/data-00017-of-00040.arrow#12,4357b3c2dd297f595f25f69c1208eb39d7e96bbe19046b89469062abeef10e95,62ebb25e78c36a2cd050927941e425701fc941c0c365397f7e2cdeb7eb07e5bf,0,1,1,1,1,0,0,1,0,1,0,0
validation-17-013.jpg,data/validation/data-00017-of-00040.arrow#13,9952aa44e861121bcf817fc777304e74e06c4bc394a783de40336d0d39d84cf3,8060e50397890317bb07f01688187f0d51de46d98dcbdfcf5194377664ed1e71,0,1,1,0,0,1,0,1,0,1,1,1
validation-17-014.jpg,data/validation/data-00017-of-00040.arrow#14,cf2ae98cd1158101c23af6c6e9c8cc6a719efaf6125c90a7ac132312ac104ff8,219de894ce87c63580555a4f0cc15c46e1fe18cc292b873cd2984cdf3b392513,0,1,1,1,1,1,1,1,0,1,0,1
validation-17-015.jpg,data/validation/data-00017-of-00040.arrow#15,547403b4ee941de88ab83886bd1f1fbe248c291b63233383a7b92d465777eb41,7fcd99d53c60999c3219875da27c9fab1d96d9b5835a9238656d2eb4b95b2f1e,0,1,1,1,1,0,0,1,0,1,1,1
validation-17-016.jpg,data/validation/data-00017-of-00040.arrow#16,e7f3196ac0cc249795ebc0b20f2d251a881889d39ef34ed7b70fd99a800c13f1,e62bfe9ca49640f984f92fd8288508d7ad8a4eb482b1e45cda84a613fc6f553c,0,0,0,0,0,0,0,0,0,1,0,1
validation-17-017.jpg,data/validation/data-00017-of-00040.arrow#17,eae42f7e80e699913ef1824decf6be6976a1c25510c0febb27968425d15e1f3d,ce3c675edb6dab7666e81bba9626fd332c45cc9875b46ae30dfe3b278e6e36bc,0,1,1,0,0,1,1,1,0,1,0,1
validation-17-018.jpg,data/validation/data-00017-of-00040.arrow#18,f39f26b60f540b0169731836c5d17987dfb6e0011c16bb502e948836486b4f3f,94478656635412f400aa60ca6388583a468132cea0b898961e2eb5b54af8dab0,0,0,0,0,0,0,0,0,0,1,0,0
validation-17-019.jpg,data/validation/data-00017-of-00040.arrow#19,a2dd99b9d4c9f06e0f5a4af476d84ca2e92fa435cbc89b1fcff1fa652c69be40,038488bf2cc1a00c7086d16c35a09a8dff19043ea4e703ec8049efac82170586,0,1,0,0,0,0,0,1,0,1,0,0
validation-17-020.jpg,data/validation/data-00017-of-00040.arrow#20,05976e293612347761ff816433b8f41653d69e1a431efadefc2760c6f3ace0d0,f513a467f9181b5170ac7ed80f5f4fc73ee4290193e717efa35ad5e0614aff1b,0,0,0,0,0,0,0,0,0,1,0,0
validation-17-021.jpg,data/validation/data-00017-of-00040.arrow#21,5d9fe23d0bd7677747d1637b911d31c78f0ee1dabdeafd32fc6f9f6c8c464ffe,a8447fd81110f5fdffc5eced5adf5a40e3d5f9a28d4eeae3996a6d139ab9b824,0,0,0,0,0,0,0,0,0,1,0,1
validation-18-000.jpg,data/validation/data-00018-of-00040.arrow#0,a725beeea715fdfb5cb5281482827d916ef85ca7b1ef08833b8695cc15d34277,e98a68a1a10e0bdbe904c75a625f8aa9edfe47e265ace6f922456af1d3b6d3e0,0,1,1,1,0,0,0,1,0,1,1,1
validation-18-001.jpg,data/validation/data-00018-of-00040.arrow#1,eaa1b79632f4bcb10fece59ed6dfddf484fa15074ae1a4d6f5d87ed2e24d2092,8c893e56974253ed110bee1af44953eff55987658dc44021f7507bb8fa499d7b,0,1,0,0,0,0,0,1,0,1,0,1
validation-18-002.jpg,data/validation/data-00018-of-00040.arrow#2,f45f42f14f18bca03cb9bb71474f3ce4484db3bc64b27a333e750dc83c81475e,3718fe5d4b75da86cd414c2dca6616084ca9dac1cc5a1a8121a766e03529c655,0,0,0,0,0,0,0,0,0,0,0,0
validation-18-003.jpg,data/validation/data-00018-of-00040.arrow#3,2f8810aa042fc40f92a0dbb0c912b838fea234c6de6b886039c143bc8ee4319d,025cbfba13a9c6213ec70b219daff0636661907abdac9a86b7d3c0eb76b431d5,0,0,0,0,0,0,0,0,0,1,0,1
validation-18-004.jpg,data/validation/data-00018-of-00040.arrow#4,3093df069822f1da70a24f64f1192f520ab2c4768cedf9d747aaefd27210a320,9c342c8eb594ea81a65c5b46061ed216788c2245f59c7bcf6ea5e9f7cdd85c44,0,0,0,0,0,0,0,0,0,0,0,1
validation-18-005.jpg,data/validation/data-00018-of-00040.arrow#5,1feb65554c4b84b1360befd3e2954b389b51a32f46c269cc126c1e5371f976ea,bb7497e39511c14b2dbd6f6d3922e298ac16d6f3d6fb262aa0d2abefde92b98c,0,0,0,0,0,0,0,0,0,1,0,1
validation-18-006.jpg,data/validation/data-00018-of-00040.arrow#6,ed08fe1b5a26593dbc15f5a865900ba47cfff6856007e96d61e9a1e97a19f693,1615b73fb60a09c773fbbd8474a471fa2d31cc5b75a59e636d3ce59407f7e3be,0,1,0,0,0,0,0,1,0,1,0,0
validation-18-007.jpg,data/validation/data-00018-of-00040.arrow#7,9ba305dc909b7a631fc2172661b33818b1de91e763e5f4b813690fe14acef8a4,62c4c6b6423b74847e1d0c3c0521dc16cda5d6118278486d6b2ed4ed38b271e7,0,1,0,0,0,0,0,1,0,1,0,1
validation-18-008.jpg,data/validation/data-00018-of-00040.arrow#8,a40d4458528612c610776c462cee4c55bc1d8bd75b783e02ec7d83a9599a6d06,380e6065fbe29aa7e133e455d6d797d63297922348fdbe983ed62143dc6833c8,0,0,0,0,0,1,0,0,0,1,1,1
validation-18-009.jpg,data/validation/data-00018-of-00040.arrow#9,acbe63a21622554c5bb3e27d5c3d5f71f82e1f84f69488d9cabd451c6da5ea11,8c23ca027e51763761d403f8f8241cc0c28df133d210d493f9af35bee7a669dd,0,1,0,0,0,0,0,1,0,1,0,1
validation-18-010.jpg,data/validation/data-00018-of-00040.arrow#10,40d6ad84bd0bf944ebb1118cb30d01b5af1d8ce2663e4fbf67859344e7396a27,661d698b626ed746d05e30d2389c920a6dce7d0ab57b22d82a5560805c48bf98,0,1,0,0,0,1,0,1,0,1,0,1
validation-18-011.jpg,data/validation/data-00018-of-00040.arrow#11,73bff0d7cb05a162879adc8e47498571bdc34894bc603e3f66d07902c7cc029d,4d6138193bd95a53ed1bb4701792223b9cc7e95ac19f9f195fedb1b1b2528ceb,1,0,0,0,0,1,0,1,1,1,1,1
validation-18-012.jpg,data/validation/data-00018-of-00040.arrow#12,24867773c71fc3dffeda3400d6b92e92ce97cee9865b1123efc0122ecaab9c4f,3bbb8d60820f035fc6741b3dff018d73db3e00e7718de0a5ba9f5875e24f8f55,0,1,1,0,0,0,0,1,0,1,0,0
validation-18-013.jpg,data/validation/data-00018-of-00040.arrow#13,ee111cdd1e45dcd246aace31df1b8b75eefc038d301cfbbb8b52a7c51bcc2ca5,50320befff47a8f5d1c21f6e1277165b267ba8b6495a7f402c4a13e5eb000945,0,1,0,0,0,0,0,1,0,1,0,1
validation-18-014.jpg,data/validation/data-00018-of-00040.arrow#14,f5ab90c79ea13b4a4614c3594bbdf29bccf8a9ad2a7aa52a25f2eefec2a14989,e9942d490dcf9006b9b7e53a08b1f7cc3a59daeeb9921e784d6e2ec784e38683,0,1,1,0,0,0,0,1,0,1,0,1
validation-18-015.jpg,data/validation/data-00018-of-00040.arrow#15,a942ece746aa17cecfbd89b41f4c156fe4b988eaa170ae2500bb8bccc7d0e727,31f71a846ebb77d9b4961af271c995705aec3fec326c54989becbce25dc60a89,0,1,0,0,0,0,0,1,0,1,0,1
validation-18-016.jpg,data/validation/data-00018-of-00040.arrow#16,ab96fb34b2102b0f999509beb7e13bf2ace0fb986d9c9cd7e763c648f9721a66,9178006b573d1c21ea2a6cdf2e725fac0e1739b2590824b7c619565e95b84c56,1,1,1,0,0,1,1,1,1,1,0,1
validation-18-017.jpg,data/validation/data-00018-of-00040.arrow#17,b69e99deb3cb9437372caea194729e3eb158141a8845ab679c0db45d04c48a17,cdee034a406125a76127e82db1704580bcd90854f8dc60f76e6314713f57c738,0,1,1,1,1,0,0,1,0,1,1,0
validation-18-018.jpg,data/validation/data-00018-of-00040.arrow#18,aef8161dc987629e2f7491aece89c3425ed83898d8842643b990f08e189e0c1e,b46e7f9e3ee8fce33f72e76ae0d34fd53742d93ce4d700a157bd4c416a8466f5,1,0,0,0,0,1,0,0,0,1,1,1
validation-18-019.jpg,data/validation/data-00018-of-00040.arrow#19,ea44218171318a907617c6971399e16b9d79f2b2439d39764934d5a649d410ba,aac63ec27dd26d773b5b47f7258bc31ef29a8443f473ad2cac3e38f831ec7a27,0,1,0,0,0,0,0,1,0,1,0,0
validation-18-020.jpg,data/validation/data-00018-of-00040.arrow#20,37aa1975c13d3f4867be1dfbb6bbfc51161834b8570dcff1888ed842e287df3c,2b808e2b5ef3a8c7f0febc11a6b5c9fc20193482d34c187a6f9a30a6a5aaedc6,0,1,0,0,0,0,0,1,0,1,0,1
validation-18-021.jpg,data/validation/data-00018-of-00040.arrow#21,ccdac1b10bb79753eb9807a8abdf96996e5e645dfcf6a1a6a623db1e24252958,4acc5a6bf24b8d1e53ae30e8d671bd427eb446a40ba434944bbfa8563f2ce25f,0,1,0,0,0,0,0,1,0,1,0,0
validation-19-000.jpg,data/validation/data-00019-of-00040.arrow#0,126e661a44178c14106271f550bbcab49692da1b2bf48ad16a7cabb1a908827a,a872260ae2c73c2266b78d225b14db7c3650dc3bf14cbf9ad90b141ee0600c24,0,0,0,0,0,0,0,0,0,1,0,0
validation-19-001.jpg,data/validation/data-00019-of-00040.arrow#1,1483cf9bbe2097df126060320736d871c6732ebaafb5d2e19e8d4962daa2a608,1824f3aa71c108491ed7d3441105f1937259a8bc539b8f3f13fb144319d30dfb,0,0,0,0,0,0,0,0,0,1,0,1
validation-19-002.jpg,data/validation/data-00019-of-00040.arrow#2,f41c154cf59c49331d56cf1a5cedb4a61854f43e65aca207706442720d5e8092,f7108e76710c5fc57a20c3fbec1ad9cda45469b6316bcde319d7f0edd9eb88f6,0,1,0,0,0,0,0,1,0,1,0,0
validation-19-003.jpg,data/validation/data-00019-of-00040.arrow#3,2e6765b819d631dbdb3dd3512046437a26d1874c92a944804215a4963a54f9ac,09751791bc3d8b0a641bd4849ede45dea3771967efd20ad5e86e82eaaf422f06,0,1,0,0,0,0,0,1,0,1,0,0
validation-19-004.jpg,data/validation/data-00019-of-00040.arrow#4,61841a5cb0da00adc07564dc929e63263ec917d38605b905a82b0ea251de1dd1,22c17f551ef37a8c93a8a46bd2ff728ea754cf503085ae29a5aa8c2d194d56f0,0,0,0,0,0,1,0,1,1,1,1,1
validation-19-005.jpg,data/validation/data-00019-of-00040.arrow#5,4ff34981c9a669e69604935605284dd1511af2a7c258cf5a62f0b2e3abfaa1ff,91d3beca20e62f32d95f46931f2259aab8e580f004516e2088dff7eef154f033,0,1,0,0,0,0,0,1,0,1,0,0
validation-19-006.jpg,data/validation/data-00019-of-00040.arrow#6,3fd70160a08732006b358e36d53982c4db020b01968d8431d804e45f1e7cc12b,dfdb5dfb1e98b71fd1d42ef4bed9de31024709e461f394c5e22925f41f119949,0,0,0,0,0,0,0,0,0,1,0,1
validation-19-007.jpg,data/validation/data-00019-of-00040.arrow#7,1487524e48af8c2c28e5c32b8e5b92db36ba4f3cd0f6884fe7fb94a2d30d556d,f448f60c1be1f42787988b027551263799776cdd7a71f28d229849ff2e803da2,0,1,0,0,0,0,0,1,0,1,0,1
validation-19-008.jpg,data/validation/data-00019-of-00040.arrow#8,ddd6d17821a3f91dc95b3988917ae3c62fafe37a89f07bcf677d916df304dd32,23e2225780c84265acc98ea8879c480bbffb1155c3b913385f2cf5bfca08b6aa,0,1,0,0,0,0,0,1,0,1,0,1
validation-19-009.jpg,data/validation/data-00019-of-00040.arrow#9,c5a020f6dfbb3512dea1d9699c87c026f4d927d5fad69a79c723f497e785b953,1d2ed7a523fbf6fca2ba8548ebf9a7e8dba9ce2cc5cc9306c36d4875c1fac894,0,1,0,0,1,0,0,1,0,0,0,0
validation-19-010.jpg,data/validation/data-00019-of-00040.arrow#10,a598726bf5504d0e81e977714e97af76dfd4a4a17997ac3686d08ad45a8d439b,973b21b19f5b1691990ae486e3432afeec246c160c75375a6eaf06b81a971b36,0,0,0,0,0,0,0,1,0,1,1,0
validation-19-011.jpg,data/validation/data-00019-of-00040.arrow#11,6d5cc4574915aa07a3c9c7f62a842595dec0645d6ded8ebf4025f1bee22be2c6,1976ad7a2d81e4ef55f030e7dcd446eb13343e489f7296d4e7675767c3de7f46,0,1,1,1,1,0,0,1,0,1,1,0
validation-19-012.jpg,data/validation/data-00019-of-00040.arrow#12,8470f4ab8da44df5aeb2e9d4eac9f2b2c7c02edbbe1b66a4c43aa7ef57d6d431,32c1b089305cd34aaf4baa0f95a551de013b521d7fdcc58c1fd207f7ea642739,0,0,0,0,0,0,0,0,0,1,0,0
validation-19-013.jpg,data/validation/data-00019-of-00040.arrow#13,caf43152e02ae79a5b69d4d10226bbfd82acddd845f6504f36d1ec9539d5868e,38283cf42f91f4d6ab6d61776d05d3acbf38c9d5cde0852e707a09713d1ccf57,0,0,0,0,0,1,0,1,1,1,1,1
validation-19-014.jpg,data/validation/data-00019-of-00040.arrow#14,976c140b0102c1f18f7f08f6edf3d7fa3985d2b3550fe56f04a2241470f267cd,135180063023cfbfd54bfada3d3f65764576ed0e4daa108f20dcfcd924d3c2bc,0,1,0,0,0,0,0,1,0,1,0,0
validation-19-015.jpg,data/validation/data-00019-of-00040.arrow#15,86424a867fea767a3166cdac9e61303f786b70bf5a4e544b9db6a17cd7d0243f,ec76f8b830b81047cb92ffeaf523f32d9a81db70dbdb8cd8213e520a5ff3defc,0,1,1,0,0,1,1,0,0,1,1,1
validation-19-016.jpg,data/validation/data-00019-of-00040.arrow#16,ca62a8f50883720b7d9bcf0c34690d41d43d6cb34b67afcb0841ec6f5749fced,d0f79641341f9a8b9da3f7969ad75f071d9c68dbf1040156126067068b029c32,0,0,0,0,1,1,0,0,0,1,1,1
validation-19-017.jpg,data/validation/data-00019-of-00040.arrow#17,1567d99422327b845d63b6c11e1ce5e1f9f5a90b8f3d08e1c9bf432045f4be31,9a0521c703f113489ec07bdd823a135bd9606235a18f78bfaabb9b6da86fb330,0,1,0,0,0,0,0,1,0,1,0,1
validation-19-018.jpg,data/validation/data-00019-of-00040.arrow#18,34a8e5f41d3f018c30352881c1db51807dfb10e778a20613a8e890a260a595a5,9311d2b0f963d9947fbf07ecb509e38e9170123bd0dc35f77014dc82bb19924c,1,1,1,0,0,0,0,1,0,1,0,1
validation-19-019.jpg,data/validation/data-00019-of-00040.arrow#19,d91ca964c2f6b1f4a96bd9bcf2ec2b4bc852fa50a630497d32a97ed3bc0adef1,5de206bb9ada6c0f5c45bfe9561257814bdf2acf5b662b2bbc68e5cef66ee904,0,1,1,1,0,0,0,1,1,1,1,0
validation-19-020.jpg,data/validation/data-00019-of-00040.arrow#20,8f622b0daff8e04f0d96520d33d65bba240b3b44b3244d850fd9be12d93f1163,1c0c64ecf2f7c78512262bdb0c02d82802b6a2501294ee5dd389c4db3e5906fe,0,0,0,0,0,0,0,0,0,1,0,0
validation-19-021.jpg,data/validation/data-00019-of-00040.arrow#21,6b9106ccc014d736195a8e1f6c8b3859082dad0162f5702dd2092b5edfab424c,1f5be32bb6774618c4697dd9b4c95df0a170bfeed45e8e19013ceec4999eff9e,0,0,0,0,0,0,0,1,0,1,0,0
validation-20-000.jpg,data/validation/data-00020-of-00040.arrow#0,a05543939e8569b040f85ec451361fa5113a8e4d31476caa75766112ca88e401,4f6038f1b99bd9c202c96a056b3d596281e0f4edf99672fb761b5a3480b38d47,1,1,0,0,0,0,0,1,0,1,0,1
validation-20-001.jpg,data/validation/data-00020-of-00040.arrow#1,3c1813d35f5dad55d5ccc104f424945031be36616c61e9917876fda178dbf7ca,8118e777dd6bf790eccadc6fd39cceb21c65e56b28f4414ea9c69d626580c845,0,1,1,0,1,0,0,1,0,1,1,1
validation-20-002.jpg,data/validation/data-00020-of-00040.arrow#2,8f514d7b6763c801c7261d7d9014620364493d10b1cbe2494e9fb294ca45dc4a,96421bdb3577fa48742a666b0f4315a4ee8414178db4d55474a75f102ce3e11b,0,0,0,0,0,0,0,0,0,1,0,0
validation-20-003.jpg,data/validation/data-00020-of-00040.arrow#3,fc81471d9ab8af9f8190fbfa9119b03e34d5928b3f52f9e60a77a3986587b6f4,fc87a4a314966d1358d8249e6af258d0834d294fad11aa5667784089aa97adf2,0,0,0,0,0,0,0,0,0,1,0,0
